c_collision,c_npc_stuck,c_pos_diff_4.0,c_ttc_0.3,c_ttc_0.5,c_ttc_0.7,c_ttc_0.9,c_ttc_1.1,c_ttc_1.2,c_ttc_1.3,c_ttc_1.5,dx0,ego_speed,loop_num,min_distance,min_ttc,npc_speed,reason,theory_d_total_ai,theory_d_total_human,theory_margin_a_ai,theory_margin_a_human,theory_margin_b_ai,theory_margin_b_human,theory_zone_a,theory_zone_b,worker_id
0,0,0,0,0,0,0,0,0,0,0,23.0868,34.2009,2831,12.537888058739517,inf,18.4966,[FOCUS] Error Recovery (Shifted from Loop 2),6.8390,15.8150,16.2478,7.2717,22.8782,19.1061,A,A,21
0,0,0,0,0,0,0,0,0,0,0,25.0000,33.1179,2834,13.001118581300389,inf,17.1119,[FOCUS] Error Recovery (Shifted from Loop 26),6.4562,15.1281,18.5438,9.8719,24.5062,20.6317,A,A,21
0,0,0,0,0,0,0,0,0,1,1,15.2548,39.4050,2833,3.2253984470053236,2.0,17.3380,[FOCUS] Error Recovery (Shifted from Loop 25),8.8300,19.2826,6.4249,-4.0277,13.4758,7.9839,B,A,23
0,0,0,0,0,0,0,0,0,0,0,21.3912,39.1213,2835,7.710371230813444,inf,17.5641,[FOCUS] Error Recovery (Shifted from Loop 59),8.7150,19.0864,12.6762,2.3048,19.7729,14.4223,A,A,21
0,0,0,0,0,0,0,0,0,0,0,18.4850,33.2523,2836,7.986883188628517,inf,17.1539,[FOCUS] Error Recovery (Shifted from Loop 94),6.5031,15.2127,11.9819,3.2723,17.9803,14.0820,A,A,23
-1,-1,-1,-1,-1,-1,-1,-1,-1,-1,-1,15.406209413738349,31.20678985606605,2832,inf,inf,17.521857216166243,[FOCUS] Error Recovery (Shifted from Loop 24) [ERROR: TIMEOUT],,,,,,,,,
0,0,0,0,0,0,0,0,0,0,0,15.9099,30.6314,2837,7.094233032335929,inf,17.3327,[FOCUS] Error Recovery (Shifted from Loop 96),5.6185,13.5961,10.2914,2.3139,15.9316,12.7738,A,A,21
0,0,0,0,0,0,0,0,0,1,1,14.1764,35.4793,2838,3.034502488001401,inf,17.3011,[FOCUS] Error Recovery (Shifted from Loop 138),7.3049,16.6413,6.8715,-2.4649,13.2783,8.8297,B,A,23
0,0,0,0,0,0,0,0,0,1,1,14.3926,36.2167,2839,2.9935826974018074,inf,17.2610,[FOCUS] Error Recovery (Shifted from Loop 144),7.5805,17.1255,6.8121,-2.7329,13.3219,8.6651,B,A,21
0,0,0,0,0,0,1,1,1,1,1,10.6124,35.3229,2840,0.07108040097567558,inf,17.5750,[FOCUS] Error Recovery (Shifted from Loop 145),7.2470,16.5393,3.3653,-5.9269,9.8481,5.5185,B,A,23
0,0,0,0,0,0,0,0,0,0,0,24.6549,36.9846,2841,11.046987077657763,inf,17.5358,[FOCUS] Error Recovery (Shifted from Loop 147),7.8728,17.6355,16.7822,7.0194,23.5203,18.7359,A,A,22
0,0,0,0,0,0,0,0,0,0,1,17.5164,38.0257,2842,4.651034214280029,inf,17.0226,[FOCUS] Error Recovery (Shifted from Loop 184),8.2778,18.3366,9.2385,-0.8203,15.9437,10.7338,B,A,21
0,0,0,0,0,0,0,0,0,1,1,13.8730,36.6247,2843,3.4049305802180694,1.9,18.6553,[FOCUS] Error Recovery (Shifted from Loop 195),7.7351,17.3957,6.1379,-3.5227,13.2441,8.8735,B,A,23
0,0,0,0,0,0,0,0,0,0,0,24.7540,30.7216,2845,14.781577962377055,inf,17.2294,[FOCUS] Error Recovery (Shifted from Loop 209),5.6479,13.6505,19.1062,11.1035,24.7271,21.5169,A,A,21
0,0,0,0,0,0,0,0,0,1,1,15.1444,39.1909,2844,3.122672934741351,inf,17.4090,[FOCUS] Error Recovery (Shifted from Loop 200),8.7431,19.1344,6.4013,-3.9900,13.4466,8.0328,B,A,22
0,0,0,0,0,0,0,1,1,1,1,11.3163,30.9715,2846,1.780220844688523,4.8,17.1383,[FOCUS] Error Recovery (Shifted from Loop 307),5.7297,13.8019,5.5867,-2.4856,11.2175,7.9164,B,A,23
0,0,0,0,0,0,0,0,0,1,1,13.6348,33.9517,2847,3.261702160503369,inf,17.4682,[FOCUS] Error Recovery (Shifted from Loop 331),6.7500,15.6559,6.8848,-2.0211,13.1063,9.1109,B,A,21
0,0,0,0,0,0,0,0,0,1,1,13.9074,38.9433,2848,3.281766641579827,inf,18.5149,[FOCUS] Error Recovery (Shifted from Loop 338),8.6432,18.9638,5.2642,-5.0564,12.7146,7.6835,B,A,22
0,0,0,0,0,0,0,0,0,0,0,22.8233,32.5799,2849,12.312927161223744,inf,18.0371,[FOCUS] Error Recovery (Shifted from Loop 363),6.2701,14.7913,16.5532,8.0320,22.7481,19.2748,A,A,23
0,0,0,0,0,0,0,0,0,0,0,21.3219,32.4734,2850,10.40812250516179,inf,17.5787,[FOCUS] Error Recovery (Shifted from Loop 373),6.2336,14.7249,15.0883,6.5970,21.1084,17.5349,A,A,21
0,0,0,0,0,0,0,1,1,1,1,10.7575,33.5670,2851,1.1215341951572888,inf,17.7709,[FOCUS] Error Recovery (Shifted from Loop 390),6.6137,15.4115,4.1439,-4.6540,10.4098,6.6014,B,A,22
1,0,0,0,0,0,1,1,1,1,1,10.3063,38.8102,2852,0.0,0.0,17.3327,[FOCUS] Error Recovery (Shifted from Loop 422),8.5897,18.8723,1.7166,-8.5660,8.6699,3.3370,B,A,23
1,0,0,0,0,0,1,1,1,1,1,11.7772,38.1083,2853,0.0,0.0,17.4666,[FOCUS] Error Recovery (Shifted from Loop 456),8.3104,18.3928,3.4668,-6.6156,10.3602,5.2545,B,A,21
0,0,0,0,0,0,0,0,0,0,0,17.9297,31.8188,2854,8.842772134065381,inf,18.3427,[FOCUS] Error Recovery (Shifted from Loop 471),6.0114,14.3198,11.9183,3.6098,18.0888,14.9010,A,A,22
0,0,0,0,0,0,0,0,0,0,0,21.2278,36.3089,2855,9.43983759889914,inf,17.5887,[FOCUS] Error Recovery (Shifted from Loop 485),7.6152,17.1864,13.6125,4.0414,20.2610,15.6723,A,A,23
0,0,0,0,0,0,0,0,0,0,0,19.8035,30.2769,2856,10.543199838277946,inf,16.5495,[FOCUS] Error Recovery (Shifted from Loop 491),5.5037,13.3828,14.2998,6.4207,19.6307,16.3482,A,A,22
0,0,0,0,0,0,0,0,0,0,0,22.4556,30.3582,2857,12.820272595695311,inf,17.5983,[FOCUS] Error Recovery (Shifted from Loop 502),5.5299,13.4316,16.9256,9.0240,22.6077,19.5952,A,A,23
0,0,0,0,0,0,0,0,0,0,1,15.9555,36.9167,2859,4.884354192368403,inf,17.0319,[FOCUS] Error Recovery (Shifted from Loop 508),7.8467,17.5902,8.1088,-1.6347,14.6427,9.7334,B,A,22
0,0,0,0,0,0,0,0,0,0,1,16.6213,38.8231,2860,5.037928723524386,inf,18.1119,[FOCUS] Error Recovery (Shifted from Loop 511),8.5949,18.8811,8.0264,-2.2598,15.2944,10.1806,B,A,22
-1,-1,-1,-1,-1,-1,-1,-1,-1,-1,-1,12.566878243199296,32.70396383168329,2858,inf,inf,17.33157495234311,[FOCUS] Error Recovery (Shifted from Loop 507) [ERROR: TIMEOUT],,,,,,,,,
0,0,0,0,0,0,0,0,0,0,0,18.2261,33.7370,2862,6.689382529293382,4.2,17.1381,[FOCUS] Error Recovery (Shifted from Loop 550),6.6737,15.5193,11.5524,2.7068,17.6222,13.5910,A,A,22
-1,-1,-1,-1,-1,-1,-1,-1,-1,-1,-1,16.932037900561582,34.91770293437266,2861,inf,inf,18.21612738120632,[FOCUS] Error Recovery (Shifted from Loop 544) [ERROR: TIMEOUT],,,,,,,,,
-1,-1,-1,-1,-1,-1,-1,-1,-1,-1,-1,10.0,40.0,2863,inf,inf,17.41443986407323,[FOCUS] Error Recovery (Shifted from Loop 553) [ERROR: TIMEOUT],,,,,,,,,
1,0,0,0,0,0,1,1,1,1,1,10.6656,34.6615,2865,0.0,0.0,16.4834,[FOCUS] Error Recovery (Shifted from Loop 612),7.0051,16.1108,3.6604,-5.4453,9.6395,5.1783,B,A,23
-1,-1,-1,-1,-1,-1,-1,-1,-1,-1,-1,10.442122556149743,34.23311776318969,2864,inf,inf,16.775841622813207,[FOCUS] Error Recovery (Shifted from Loop 586) [ERROR: TIMEOUT],,,,,,,,,
0,0,0,0,0,0,0,1,1,1,1,11.3429,34.6221,2866,1.0712615815862498,inf,17.5485,[FOCUS] Error Recovery (Shifted from Loop 615),6.9908,16.0854,4.3521,-4.7425,10.7111,6.5605,B,A,21
0,0,0,0,0,0,0,1,1,1,1,14.3891,39.0964,2867,1.2450903463968772,inf,17.1754,[FOCUS] Error Recovery (Shifted from Loop 654),8.7049,19.0692,5.6843,-4.6801,12.6199,7.1649,B,A,23
0,0,0,0,0,0,0,0,0,1,1,13.8851,35.2802,2868,3.0059877571913822,inf,17.3171,[FOCUS] Error Recovery (Shifted from Loop 661),7.2313,16.5115,6.6538,-2.6264,13.0346,8.6436,B,A,21
0,0,0,0,0,0,0,0,0,0,0,22.6283,36.8828,2869,13.066215679689778,inf,18.3319,[FOCUS] Error Recovery (Shifted from Loop 668),7.8337,17.5676,14.7946,5.0608,21.8214,17.2902,A,A,23
0,0,0,0,0,0,0,0,0,0,0,25.0000,31.1195,2871,14.298093536669093,inf,17.4399,[FOCUS] Error Recovery (Shifted from Loop 708),5.7784,13.8918,19.2216,11.1082,24.9755,21.7195,A,A,21
1,0,0,0,0,0,1,1,1,1,1,11.6754,35.2183,2872,0.0,0.0,17.4275,[FOCUS] Error Recovery (Shifted from Loop 712),7.2085,16.4713,4.4669,-4.7958,10.8784,6.5350,B,A,23
0,0,0,0,0,0,0,0,0,1,1,13.0439,32.7727,2873,3.3169023547100167,inf,17.8523,[FOCUS] Error Recovery (Shifted from Loop 715),6.3365,14.9116,6.7074,-1.8678,12.8707,9.2949,B,A,21
0,0,0,0,0,0,0,1,1,1,1,11.4233,31.7923,2874,1.546731478189729,4.9,16.7115,[FOCUS] Error Recovery (Shifted from Loop 718),6.0025,14.3035,5.4208,-2.8802,11.0385,7.4023,B,A,23
-1,-1,-1,-1,-1,-1,-1,-1,-1,-1,-1,24.73236173125871,30.797882798814832,2870,inf,inf,17.731004169592964,[FOCUS] Error Recovery (Shifted from Loop 671) [ERROR: TIMEOUT],,,,,,,,,
0,0,0,0,0,0,0,0,1,1,1,12.4331,33.0796,2875,2.376801843347424,inf,16.6140,[FOCUS] Error Recovery (Shifted from Loop 751),6.4429,15.1040,5.9902,-2.6709,11.7733,7.7694,B,A,21
0,0,0,0,0,0,0,0,0,0,1,16.9108,40.0000,2876,4.190132078415858,inf,17.6100,[FOCUS] Error Recovery (Shifted from Loop 761),9.0736,19.6966,7.8373,-2.7857,15.0959,9.5210,B,A,23
0,0,0,0,0,0,0,0,0,1,1,14.2740,36.2406,2877,3.2281437468381213,inf,17.6415,[FOCUS] Error Recovery (Shifted from Loop 766),7.5894,17.1412,6.6846,-2.8672,13.3418,8.7864,B,A,21
0,0,0,0,0,0,0,0,0,0,0,23.1359,35.5198,2878,10.633006361841502,inf,16.9371,[FOCUS] Error Recovery (Shifted from Loop 767),7.3199,16.6677,15.8160,6.4681,22.0944,17.5322,A,A,23
0,0,0,0,0,0,0,1,1,1,1,12.2067,34.9766,2879,1.800307408701933,inf,17.9319,[FOCUS] Error Recovery (Shifted from Loop 799),7.1199,16.3144,5.0869,-4.1077,11.6437,7.5070,B,A,21
0,0,0,0,0,0,0,0,0,1,1,16.9618,37.7927,2881,3.469526748038837,inf,17.6332,[FOCUS] Error Recovery (Shifted from Loop 823),8.1863,18.1788,8.7755,-1.2170,15.6831,10.7097,B,A,23
0,0,0,0,0,0,0,0,0,0,0,18.2920,31.7438,2882,8.603979127573329,inf,17.6197,[FOCUS] Error Recovery (Shifted from Loop 828),5.9862,14.2737,12.3058,4.0183,18.2209,14.8510,A,A,21
0,0,0,0,0,0,0,0,0,1,1,14.7525,34.4113,2883,3.681926096021628,inf,17.8182,[FOCUS] Error Recovery (Shifted from Loop 855),6.9146,15.9499,7.8379,-1.1974,14.2598,10.2411,B,A,23
-1,-1,-1,-1,-1,-1,-1,-1,-1,-1,-1,12.409199500980423,35.91576010778178,2880,inf,inf,17.739898124049528,[FOCUS] Error Recovery (Shifted from Loop 814) [ERROR: TIMEOUT],,,,,,,,,
1,0,0,0,0,1,1,1,1,1,1,10.5350,39.8833,2884,0.0,0.0,17.5635,[FOCUS] Error Recovery (Shifted from Loop 888),9.0255,19.6151,1.5095,-9.0800,8.7299,3.1733,B,A,21
0,0,0,0,0,0,0,0,1,1,1,12.6740,32.1210,2885,2.602449236654316,inf,17.7376,[FOCUS] Error Recovery (Shifted from Loop 931),6.1135,14.5063,6.5606,-1.8323,12.5772,9.1409,B,A,23
0,0,0,0,0,0,0,0,1,1,1,10.0000,31.1713,2886,1.8402554929524682,inf,17.7663,[FOCUS] Error Recovery (Shifted from Loop 939),5.7955,13.9234,4.2045,-3.9234,10.0746,6.8958,B,A,21
0,0,0,0,0,0,0,0,1,1,1,14.9805,38.7537,2887,2.318731455341216,inf,17.2805,[FOCUS] Error Recovery (Shifted from Loop 946),8.5671,18.8335,6.4134,-3.8530,13.3367,8.0042,B,A,22
0,0,0,0,0,0,0,0,1,1,1,11.2312,31.3410,2888,2.411376184463093,inf,18.0112,[FOCUS] Error Recovery (Shifted from Loop 950),5.8517,14.0269,5.3794,-2.7957,11.3587,8.2037,B,A,23
0,0,0,0,0,0,0,0,0,0,0,13.6726,32.3413,2889,4.482345356413142,inf,16.8721,[FOCUS] Error Recovery (Shifted from Loop 953),6.1884,14.6429,7.4842,-0.9703,13.2417,9.5054,B,A,21
0,0,0,0,0,0,0,1,1,1,1,11.9151,32.8035,2890,2.021318209141426,inf,17.7617,[FOCUS] Error Recovery (Shifted from Loop 973),6.3471,14.9309,5.5680,-3.0158,11.7051,8.0958,B,A,22
1,0,0,0,0,0,1,1,1,1,1,10.0000,39.6629,2892,0.0,0.0,18.1611,[FOCUS] Error Recovery (Shifted from Loop 987),8.9351,19.4615,1.0649,-9.4615,8.4939,3.1680,B,A,21
0,0,0,0,0,0,0,1,1,1,1,11.9146,34.5431,2891,1.199092208011462,inf,17.6785,[FOCUS] Error Recovery (Shifted from Loop 980),6.9622,16.0346,4.9524,-4.1200,11.3456,7.2526,B,A,23
1,0,0,0,0,0,1,1,1,1,1,10.0000,36.4265,2893,0.0,0.0,17.2377,[FOCUS] Error Recovery (Shifted from Loop 999),7.6598,17.2642,2.3402,-7.2642,8.8748,4.1553,B,A,22
0,0,0,0,0,0,0,0,0,1,1,14.6374,36.7416,2894,3.076259105271903,inf,17.4594,[FOCUS] Error Recovery (Shifted from Loop 1003),7.7797,17.4735,6.8577,-2.8360,13.5273,8.7863,B,A,21
0,0,0,0,0,0,0,1,1,1,1,11.3909,33.2775,2895,0.6770367094091166,inf,16.9212,[FOCUS] Error Recovery (Shifted from Loop 1004),6.5120,15.2286,4.8790,-3.8377,10.7999,6.8297,B,A,23
0,0,0,0,0,0,0,1,1,1,1,13.1473,36.8814,2896,1.523355176851644,inf,17.4240,[FOCUS] Error Recovery (Shifted from Loop 1005),7.8332,17.5666,5.3142,-4.4193,11.9927,7.2043,B,A,22
0,0,0,0,0,0,0,0,0,0,1,12.4665,30.3963,2897,3.9046890388686673,inf,17.7446,[FOCUS] Error Recovery (Shifted from Loop 1036),5.5422,13.4545,6.9243,-0.9879,12.6598,9.6781,B,A,21
0,0,0,0,0,0,0,0,0,0,0,23.9704,33.3895,2898,11.735429274362351,inf,16.2119,[FOCUS] Error Recovery (Shifted from Loop 1047),6.5512,15.2992,17.4192,8.6712,23.1088,18.9099,A,A,23
0,0,0,0,0,0,0,1,1,1,1,10.8989,35.3176,2899,0.9436505669553683,inf,17.9917,[FOCUS] Error Recovery (Shifted from Loop 1052),7.2451,16.5359,3.6538,-5.6370,10.2893,6.0789,B,A,22
0,0,0,0,0,0,0,0,0,0,0,22.3853,39.8789,2900,8.796439867686807,inf,17.4312,[FOCUS] Error Recovery (Shifted from Loop 1046),9.0237,19.6120,13.3615,2.7732,20.5269,14.9335,A,A,21
1,0,0,0,1,1,1,1,1,1,1,10.1618,39.7213,2901,0.0,0.0,17.0941,[FOCUS] Error Recovery (Shifted from Loop 1054),8.9590,19.5022,1.2028,-9.3404,8.2045,2.5573,B,A,23
0,0,0,0,0,0,0,0,0,0,0,21.7760,30.8584,2903,12.6365549792608,inf,17.7375,[FOCUS] Error Recovery (Shifted from Loop 1094),5.6926,13.7333,16.0834,8.0427,21.8926,18.7879,A,A,21
0,0,0,0,0,0,0,0,0,0,0,15.2671,30.0536,2902,6.578511174037999,inf,18.4501,[FOCUS] Error Recovery (Shifted from Loop 1087),5.4320,13.2491,9.8351,2.0180,15.7401,13.0438,A,A,22
1,0,0,0,0,1,1,1,1,1,1,10.0000,35.5023,2904,0.0,0.0,17.1291,[FOCUS] Error Recovery (Shifted from Loop 1132),7.3134,16.6563,2.6866,-6.6563,9.0334,4.5301,B,A,23
0,0,0,0,0,0,0,0,0,0,0,14.1214,30.7691,2905,5.212283099595674,inf,16.9336,[FOCUS] Error Recovery (Shifted from Loop 1136),5.6634,13.6793,8.4581,0.4422,13.9899,10.6850,A,A,21
0,0,0,0,0,0,0,0,0,1,1,12.8376,34.2816,2906,2.7597434672063006,inf,17.2189,[FOCUS] Error Recovery (Shifted from Loop 1139),6.8680,15.8667,5.9697,-3.0290,12.1550,8.0020,B,A,22
0,0,0,0,0,0,0,0,1,1,1,12.4799,33.8611,2907,2.126534926994807,inf,17.8441,[FOCUS] Error Recovery (Shifted from Loop 1159),6.7177,15.5982,5.7621,-3.1183,12.1025,8.2368,B,A,23
0,0,0,0,0,0,0,0,0,0,0,24.4625,38.4975,2908,11.54297351721259,inf,17.8852,[FOCUS] Error Recovery (Shifted from Loop 1168),8.4647,18.6581,15.9977,5.8044,23.1208,18.0299,A,A,21
0,0,0,0,0,0,0,0,1,1,1,12.8315,33.8543,2909,2.652723530483356,inf,17.2662,[FOCUS] Error Recovery (Shifted from Loop 1177),6.7153,15.5939,6.1162,-2.7623,12.2502,8.2239,B,A,23
0,0,0,0,0,0,0,0,0,0,0,21.8146,36.8282,2911,2.4683228096658545,inf,10.0000,[FOCUS] Error Recovery (Shifted from Loop 1196),7.8128,17.5311,14.0018,4.2834,17.8298,10.9490,A,A,21
0,0,0,0,0,0,0,0,0,0,0,19.5780,30.8796,2912,13.702143742215998,inf,24.9683,[FOCUS] Error Recovery (Shifted from Loop 1199),5.6995,13.7462,13.8785,5.8318,22.0607,20.9627,A,A,23
0,0,0,0,0,0,0,0,0,0,1,17.5244,34.4883,2913,2.6078888422469637,inf,12.0666,[FOCUS] Error Recovery (Shifted from Loop 1200),6.9424,15.9994,10.5819,1.5250,14.9396,9.2807,A,A,21
0,0,0,0,0,0,0,0,0,0,0,22.1958,36.0217,2914,4.763005109909987,inf,10.4558,[FOCUS] Error Recovery (Shifted from Loop 1202),7.5071,16.9969,14.6887,5.1989,18.6131,12.0824,A,A,21
-1,-1,-1,-1,-1,-1,-1,-1,-1,-1,-1,15.721038182417027,31.61445526660417,2910,inf,inf,14.311575077283202,[FOCUS] Error Recovery (Shifted from Loop 1195) [ERROR: TIMEOUT],,,,,,,,,
0,0,0,0,0,0,0,0,0,0,0,14.8281,32.2735,2916,5.529498782790387,inf,17.4451,[FOCUS] Error Recovery (Shifted from Loop 1223),6.1653,14.6007,8.6628,0.2274,14.6049,11.0467,A,A,23
0,0,0,0,0,0,0,0,0,0,1,14.8431,32.7632,2917,4.602954097963434,inf,17.5026,[FOCUS] Error Recovery (Shifted from Loop 1264),6.3332,14.9057,8.5099,-0.0626,14.5509,10.8796,B,A,23
-1,-1,-1,-1,-1,-1,-1,-1,-1,-1,-1,10.0,36.336123559718146,2915,inf,inf,18.281754449812468,[FOCUS] Error Recovery (Shifted from Loop 1206) [ERROR: TIMEOUT],,,,,,,,,
0,0,0,0,0,0,0,0,0,0,0,21.0281,35.9059,2919,9.172264367797197,inf,17.5993,[FOCUS] Error Recovery (Shifted from Loop 1287),7.4637,16.9207,13.5644,4.1073,20.1511,15.6731,A,A,23
-1,-1,-1,-1,-1,-1,-1,-1,-1,-1,-1,21.23623869602475,35.07090341530992,2918,inf,inf,17.6207618584062,[FOCUS] Error Recovery (Shifted from Loop 1269) [ERROR: TIMEOUT],,,,,,,,,
0,0,0,0,0,0,0,0,0,0,1,17.4447,38.6681,2920,4.09486286562793,3.8,17.5202,[FOCUS] Error Recovery (Shifted from Loop 1295),8.5328,18.7748,8.9119,-1.3301,15.9173,10.6763,B,A,23
0,0,0,0,0,0,0,0,0,0,0,23.8791,39.0227,2921,10.011744048630154,inf,17.1965,[FOCUS] Error Recovery (Shifted from Loop 1329),8.6752,19.0185,15.2039,4.8606,22.1364,16.7073,A,A,21
0,0,0,0,0,0,0,0,0,0,0,15.8279,33.3531,2922,5.994805639556782,inf,17.9048,[FOCUS] Error Recovery (Shifted from Loop 1342),6.5384,15.2762,9.2895,0.5516,15.5672,11.8529,A,A,23
0,0,0,0,0,0,0,0,0,0,0,24.0613,32.5041,2923,14.029933928300718,inf,18.0385,[FOCUS] Error Recovery (Shifted from Loop 1389),6.2441,14.7441,17.8172,9.3172,23.9999,20.5469,A,A,21
0,0,0,0,0,0,0,0,0,0,1,14.4494,33.9566,2924,4.070930631368837,inf,17.0111,[FOCUS] Error Recovery (Shifted from Loop 1392),6.7517,15.6591,7.6977,-1.2097,13.7571,9.6320,B,A,23
0,0,0,0,0,0,0,0,0,0,0,20.1908,34.5785,2925,8.737044898757064,inf,17.1998,[FOCUS] Error Recovery (Shifted from Loop 1396),6.9750,16.0573,13.2158,4.1335,19.4415,15.2042,A,A,21
0,0,0,0,0,0,0,0,0,0,0,20.8777,30.2692,2926,10.751077139133978,inf,17.6933,[FOCUS] Error Recovery (Shifted from Loop 1397),5.5012,13.3782,15.3765,7.4996,21.0746,18.1119,A,A,22
0,0,0,0,0,0,0,0,0,0,0,19.7260,34.2685,2927,8.607375567846578,inf,18.0087,[FOCUS] Error Recovery (Shifted from Loop 1398),6.8633,15.8583,12.8627,3.8677,19.3296,15.4023,A,A,23
0,0,0,0,0,0,0,0,0,0,0,21.2996,38.6971,2928,8.541616322968885,inf,17.5449,[FOCUS] Error Recovery (Shifted from Loop 1401),8.5444,18.7947,12.7552,2.5049,19.7752,14.5334,A,A,21
0,0,0,0,0,0,1,1,1,1,1,11.9077,36.5793,2929,0.30988625123585695,inf,16.9347,[FOCUS] Error Recovery (Shifted from Loop 1432),7.7178,17.3656,4.1899,-5.4578,10.6336,5.7872,B,A,22
0,0,0,0,0,0,0,0,0,0,0,16.3129,30.5247,2930,4.8235449138447315,inf,12.6985,[FOCUS] Error Recovery (Shifted from Loop 1500),5.5838,13.5318,10.7291,2.7812,14.8487,10.4306,A,A,23
0,0,0,0,0,0,0,0,0,0,0,21.0231,32.8587,2931,10.617984890034288,inf,17.4624,[FOCUS] Error Recovery (Shifted from Loop 1510),6.3662,14.9654,14.6569,6.0576,20.6995,16.9918,A,A,21
0,0,0,0,0,0,0,0,0,0,1,19.5174,38.0033,2933,1.971326592901595,inf,10.4256,[FOCUS] Error Recovery (Shifted from Loop 1536),8.2690,18.3214,11.2484,1.1959,15.3528,8.2699,A,A,23
0,0,0,0,0,0,0,0,0,0,0,21.6144,32.6980,2932,11.569770442382673,inf,18.1409,[FOCUS] Error Recovery (Shifted from Loop 1512),6.3107,14.8649,15.3037,6.7495,21.5541,18.0788,A,A,22
0,0,0,0,0,0,0,0,0,0,0,20.3772,32.4229,2934,6.301939205338468,inf,11.8097,[FOCUS] Error Recovery (Shifted from Loop 1538),6.2163,14.6935,14.1609,5.6837,18.1998,13.0259,A,A,21
0,0,0,0,0,0,0,0,0,0,1,15.9594,34.6339,2935,3.1747971214694197,inf,13.9884,[FOCUS] Error Recovery (Shifted from Loop 1540),6.9951,16.0930,8.9643,-0.1336,14.0348,8.8780,B,A,23
0,0,0,0,0,0,0,0,0,0,0,21.3388,35.3926,2936,10.415366448115316,inf,17.8418,[FOCUS] Error Recovery (Shifted from Loop 1548),7.2728,16.5847,14.0660,4.7541,20.6587,16.3860,A,A,22
1,0,0,0,0,0,1,1,1,1,1,12.2317,40.0000,2937,0.0,0.0,17.0312,[FOCUS] Error Recovery (Shifted from Loop 1559),9.0736,19.6966,3.1581,-7.4649,10.1781,4.4373,B,A,22
0,0,0,0,0,0,0,0,0,0,0,21.3784,38.5659,2939,9.321925362112692,inf,18.3293,[FOCUS] Error Recovery (Shifted from Loop 1606),8.4920,18.7048,12.8864,2.6736,20.1980,15.2153,A,A,22
0,0,0,0,0,0,0,0,0,1,1,15.6485,38.4665,2941,3.5676420132532196,inf,17.1699,[FOCUS] Error Recovery (Shifted from Loop 1666),8.4524,18.6369,7.1962,-2.9883,14.0294,8.7428,B,A,22
-1,-1,-1,-1,-1,-1,-1,-1,-1,-1,-1,14.653222204315675,38.97421393309804,2938,inf,inf,17.28701806777082,[FOCUS] Error Recovery (Shifted from Loop 1599) [ERROR: TIMEOUT],,,,,,,,,
1,0,0,0,0,0,1,1,1,1,1,10.3428,34.3995,2942,0.0,0.0,17.5928,[FOCUS] Error Recovery (Shifted from Loop 1727),6.9104,15.9423,3.4324,-5.5995,9.7712,5.6922,B,A,22
-1,-1,-1,-1,-1,-1,-1,-1,-1,-1,-1,23.594815639673957,39.700543245274616,2940,inf,inf,17.220354666837835,[FOCUS] Error Recovery (Shifted from Loop 1636) [ERROR: TIMEOUT],,,,,,,,,
0,0,0,0,0,0,0,0,0,0,0,20.8219,38.9459,2943,9.4473837850082,inf,18.5775,[FOCUS] Error Recovery (Shifted from Loop 1768),8.6442,18.9656,12.1777,1.8563,19.6537,14.6398,A,A,21
0,0,0,0,0,0,0,0,0,1,1,13.2648,39.9505,2944,4.903073109591825,inf,24.0043,[FOCUS] Error Recovery (Shifted from Loop 1776),9.0532,19.6620,4.2116,-6.3972,14.0948,10.3660,B,A,21
0,0,0,0,0,0,0,0,0,0,0,18.8476,39.7386,2945,7.686143849110698,inf,19.3758,[FOCUS] Error Recovery (Shifted from Loop 1778),8.9662,19.5143,9.8814,-0.6667,17.8209,12.8225,B,A,22
0,0,0,0,0,0,0,0,0,0,1,13.4666,33.4831,2947,3.783513814331444,inf,17.7489,[FOCUS] Error Recovery (Shifted from Loop 1782),6.5841,15.3584,6.8825,-1.8918,13.1269,9.3345,B,A,21
0,0,0,0,0,0,0,0,0,0,0,17.4274,35.4258,2948,6.359896025112383,inf,17.9483,[FOCUS] Error Recovery (Shifted from Loop 1797),7.2851,16.6064,10.1424,0.8210,16.7799,12.5284,A,A,22
0,0,0,0,0,0,0,0,0,0,0,15.5055,33.5891,2949,5.419057050132163,inf,16.8533,[FOCUS] Error Recovery (Shifted from Loop 1821),6.6214,15.4255,8.8841,0.0800,14.8299,10.7580,A,A,21
-1,-1,-1,-1,-1,-1,-1,-1,-1,-1,-1,16.331777044169417,35.109789636228534,2946,inf,inf,18.677741744786672,[FOCUS] Error Recovery (Shifted from Loop 1775) [ERROR: TIMEOUT],,,,,,,,,
0,0,0,0,0,0,0,0,0,0,0,21.3543,31.7437,2950,8.191999291147882,inf,12.5180,[FOCUS] Error Recovery (Shifted from Loop 1827),5.9862,14.2736,15.3681,7.0807,19.5705,14.7768,A,A,22
0,0,0,0,0,0,0,0,0,0,0,21.2885,39.9139,2951,8.149684408041201,inf,17.4843,[FOCUS] Error Recovery (Shifted from Loop 1861),9.0381,19.6365,12.2504,1.6521,19.4432,13.8556,A,A,21
0,0,0,0,0,0,0,0,0,0,0,15.8121,32.0846,2952,5.851948720884384,inf,16.9029,[FOCUS] Error Recovery (Shifted from Loop 1926),6.1011,14.4838,9.7110,1.3283,15.4388,11.7789,A,A,22
0,0,0,0,0,0,0,0,0,0,0,24.6416,38.5267,2953,10.499260830967145,inf,17.4851,[FOCUS] Error Recovery (Shifted from Loop 1933),8.4763,18.6780,16.1653,5.9636,23.1337,17.9208,A,A,21
0,0,0,0,0,0,0,1,1,1,1,12.9023,35.5933,2954,1.0358994884010508,inf,17.3969,[FOCUS] Error Recovery (Shifted from Loop 1938),7.3471,16.7158,5.5551,-3.8135,12.0158,7.5638,B,A,22
0,0,0,0,0,0,0,0,0,0,0,24.8571,30.0000,2955,10.96549695296564,inf,13.2128,[FOCUS] Error Recovery (Shifted from Loop 1968),5.4149,13.2171,19.4423,11.6400,23.6645,19.5288,A,A,23
0,0,0,0,0,0,0,0,0,0,0,22.6890,34.6359,2956,11.815418413913209,inf,17.8101,[FOCUS] Error Recovery (Shifted from Loop 2003),6.9958,16.0943,15.6932,6.5947,22.1493,18.0688,A,A,21
0,0,0,0,0,0,0,0,0,0,0,22.6467,37.8013,2957,9.922817782666495,inf,17.3472,[FOCUS] Error Recovery (Shifted from Loop 2024),8.1897,18.1846,14.4570,4.4621,21.2539,16.1968,A,A,22
0,0,0,0,0,0,0,0,0,0,1,15.5172,35.0117,2959,4.946253025486562,inf,17.8443,[FOCUS] Error Recovery (Shifted from Loop 2058),7.1327,16.3371,8.3845,-0.8199,14.9151,10.7444,B,A,21
0,0,0,0,0,0,0,0,0,0,0,19.1371,35.9423,2958,6.1819349121379865,inf,16.7979,[FOCUS] Error Recovery (Shifted from Loop 2052),7.4773,16.9447,11.6598,2.1924,17.9522,13.2377,A,A,23
0,0,0,0,0,0,0,1,1,1,1,10.0000,30.5254,2961,1.6049143131838082,inf,17.3228,[FOCUS] Error Recovery (Shifted from Loop 2062),5.5840,13.5322,4.4160,-3.5322,10.0359,6.9031,B,A,21
0,0,0,0,0,0,0,0,0,0,0,20.5309,33.9539,2960,9.361353742632366,inf,17.1328,[FOCUS] Error Recovery (Shifted from Loop 2059),6.7508,15.6573,13.7801,4.8736,19.8825,15.7923,A,A,22
0,0,0,0,0,0,0,0,0,0,0,14.7373,36.0406,2962,6.4689711550431355,inf,18.1548,[FOCUS] Error Recovery (Shifted from Loop 2078),7.5142,17.0093,7.2231,-2.2720,14.0404,9.6836,B,A,23
0,0,0,0,0,0,0,0,0,0,0,25.0000,30.6798,2963,15.735303145774408,inf,17.7334,[FOCUS] Error Recovery (Shifted from Loop 2087),5.6343,13.6253,19.3657,11.3747,25.1442,22.0851,A,A,22
0,0,0,0,0,0,0,0,0,0,1,15.2551,31.7318,2964,4.949247763357041,inf,17.6103,[FOCUS] Error Recovery (Shifted from Loop 2117),5.9822,14.2663,9.2730,0.9888,15.1829,11.8135,A,A,23
0,0,0,0,0,0,0,0,0,0,1,17.8732,38.0150,2966,4.4700110391760886,inf,16.6544,[FOCUS] Error Recovery (Shifted from Loop 2208),8.2736,18.3294,9.5996,-0.4561,16.1581,10.8462,B,A,22
0,0,0,0,0,0,0,0,0,0,0,23.4737,34.1996,2967,11.863584692387628,inf,17.3385,[FOCUS] Error Recovery (Shifted from Loop 2226),6.8386,15.8142,16.6352,7.6595,22.8502,18.7527,A,A,23
0,0,0,0,0,0,0,0,0,0,0,18.1953,30.1638,2968,8.243054678513595,inf,16.8702,[FOCUS] Error Recovery (Shifted from Loop 2242),5.4673,13.3150,12.7280,4.8803,18.1446,14.9808,A,A,22
-1,-1,-1,-1,-1,-1,-1,-1,-1,-1,-1,17.63221316799281,36.81846099872112,2965,inf,inf,17.56951949428015,[FOCUS] Error Recovery (Shifted from Loop 2207) [ERROR: TIMEOUT],,,,,,,,,
1,0,0,0,0,1,1,1,1,1,1,10.0000,34.4221,2969,0.0,0.0,16.8803,[FOCUS] Error Recovery (Shifted from Loop 2262),6.9185,15.9568,3.0815,-5.9568,9.1671,4.8815,B,A,23
0,0,0,0,0,0,0,0,0,0,0,20.7635,39.5348,2970,7.24922266857093,inf,17.3113,[FOCUS] Error Recovery (Shifted from Loop 2281),8.8828,19.3726,11.8806,1.3909,18.9415,13.4068,A,A,23
0,0,0,0,0,0,0,1,1,1,1,11.3904,35.4989,2971,0.44733699416091083,0.9,16.6725,[FOCUS] Error Recovery (Shifted from Loop 2288),7.3121,16.6541,4.0782,-5.2637,10.2553,5.6238,B,A,21
0,0,0,0,0,0,0,0,0,0,0,25.0000,35.8704,2972,11.3545759980426,inf,17.0816,[FOCUS] Error Recovery (Shifted from Loop 2301),7.4504,16.8974,17.5496,8.1026,23.9370,19.3220,A,A,22
0,0,0,0,0,0,0,0,0,1,1,15.8878,38.7924,2973,3.666988763900946,inf,17.7370,[FOCUS] Error Recovery (Shifted from Loop 2311),8.5826,18.8601,7.3052,-2.9722,14.4178,9.2052,B,A,23
0,0,0,0,0,0,0,1,1,1,1,11.6844,36.8523,2974,1.1434517252831538,inf,18.1950,[FOCUS] Error Recovery (Shifted from Loop 2332),7.8220,17.5472,3.8624,-5.8628,10.8316,6.2697,B,A,21
0,0,0,0,0,0,0,0,0,0,0,15.4532,32.3927,2975,9.200572505008036,inf,24.5752,[FOCUS] Error Recovery (Shifted from Loop 2337),6.2060,14.6748,9.2472,0.7784,17.6450,16.0496,A,A,22
0,0,0,0,0,1,1,1,1,1,1,18.2437,38.0858,2977,1.949226961132114,0.3,19.1736,[FOCUS] Error Recovery (Shifted from Loop 2340),8.3015,18.3774,9.9422,-0.1337,17.5053,12.8920,B,A,22
0,0,0,0,0,0,0,0,0,0,1,14.6306,38.3172,2976,6.033899932617711,inf,24.1430,[FOCUS] Error Recovery (Shifted from Loop 2339),8.3930,18.5349,6.2375,-3.9044,15.8126,12.5543,B,A,21
0,0,0,0,0,0,0,0,0,0,0,23.5235,36.6940,2979,5.943597035735488,inf,11.0577,[FOCUS] Error Recovery (Shifted from Loop 2344),7.7615,17.4418,15.7619,6.0816,19.9811,13.4371,A,A,23
0,0,0,0,0,0,0,1,1,1,1,12.2410,34.9674,2978,0.8105368110121091,0.9,16.6438,[FOCUS] Error Recovery (Shifted from Loop 2343),7.1165,16.3085,5.1245,-4.0675,11.2089,6.7113,B,A,22
0,0,0,0,0,0,0,0,0,0,1,13.8488,34.1870,2980,3.425900126357559,inf,16.9289,[FOCUS] Error Recovery (Shifted from Loop 2341),6.8340,15.8061,7.0148,-1.9573,13.0811,8.8716,B,A,21
0,0,0,0,0,0,0,1,1,1,1,11.2509,36.6336,2981,3.420209476662734,4.4,24.7390,[FOCUS] Error Recovery (Shifted from Loop 2347),7.7385,17.4017,3.5124,-6.1508,12.9380,10.2902,B,A,23
0,0,0,0,0,0,0,0,0,0,0,18.1814,38.4360,2982,7.4691531510451,inf,19.4298,[FOCUS] Error Recovery (Shifted from Loop 2349),8.4402,18.6160,9.7412,-0.4346,17.4683,12.8345,B,A,22
0,0,0,0,0,0,0,0,0,0,0,21.9225,31.8702,2983,12.640139290245214,inf,19.8612,[FOCUS] Error Recovery (Shifted from Loop 2350),6.0287,14.3515,15.8938,7.5710,22.5846,19.8073,A,A,21
0,0,0,0,0,0,0,1,1,1,1,25.0000,40.0000,2984,1.9684452419726324,0.5,17.3968,[FOCUS] Error Recovery (Shifted from Loop 2348),9.0736,19.6966,15.9264,5.3034,23.0971,17.4611,A,A,23
0,0,0,0,0,0,0,0,0,0,0,19.8214,39.3821,2985,10.793174429848657,inf,17.3287,[FOCUS] Error Recovery (Shifted from Loop 2411),8.8207,19.2667,11.0007,0.5547,18.0442,12.5558,A,A,22
0,0,0,0,0,0,1,1,1,1,1,10.6887,35.5100,2986,0.21946600118923562,1.0,17.1817,[FOCUS] Error Recovery (Shifted from Loop 2433),7.3162,16.6613,3.3725,-5.9726,9.7399,5.2494,B,A,21
0,0,0,0,0,0,0,0,0,0,0,15.9705,32.6638,2987,6.168525637501358,inf,18.0654,[FOCUS] Error Recovery (Shifted from Loop 2438),6.2990,14.8436,9.6715,1.1268,15.8902,12.4027,A,A,23
0,0,0,0,0,0,0,0,0,0,1,13.8859,32.7902,2988,3.5490127050205467,3.1,16.4430,[FOCUS] Error Recovery (Shifted from Loop 2485),6.3425,14.9226,7.5434,-1.0366,13.2228,9.2477,B,A,22
0,0,0,0,0,0,0,0,0,0,0,21.8683,36.9477,2990,10.488922481404362,inf,17.5929,[FOCUS] Error Recovery (Shifted from Loop 2498),7.8586,17.6109,14.0097,4.2574,20.7639,16.0056,A,A,23
0,0,0,0,0,0,0,0,0,0,0,15.7525,32.6993,2991,6.060639214446166,inf,17.9706,[FOCUS] Error Recovery (Shifted from Loop 2501),6.3112,14.8657,9.4413,0.8868,15.6333,12.1099,A,A,22
0,0,0,0,0,0,0,0,1,1,1,12.2594,32.7438,2992,2.622859295129637,inf,17.3442,[FOCUS] Error Recovery (Shifted from Loop 2523),6.3265,14.8936,5.9328,-2.6342,11.9161,8.2056,B,A,23
-1,-1,-1,-1,-1,-1,-1,-1,-1,-1,-1,18.254810078136373,35.7353035455092,2989,inf,inf,17.26965991718683,[FOCUS] Error Recovery (Shifted from Loop 2487) [ERROR: TIMEOUT],,,,,,,,,
0,0,0,0,0,0,0,0,0,0,0,24.8605,33.5566,2993,17.153064184894852,inf,23.7945,[FOCUS] Error Recovery (Shifted from Loop 2551),6.6100,15.4049,18.2505,9.4555,26.6381,24.5235,A,A,22
0,0,0,0,0,1,1,1,1,1,1,20.4592,39.5979,2995,1.949152924201473,0.3,17.7108,[FOCUS] Error Recovery (Shifted from Loop 2582),8.9086,19.4164,11.5506,1.0428,18.7848,13.3474,A,A,22
1,0,0,0,0,1,1,1,1,1,1,10.0000,39.8830,2994,0.0,0.0,17.3339,[FOCUS] Error Recovery (Shifted from Loop 2581),9.0254,19.6148,0.9746,-9.6148,8.1006,2.4783,B,A,23
0,0,0,0,0,0,0,0,0,0,1,12.0393,30.0000,2996,3.817813801095827,inf,18.1406,[FOCUS] Error Recovery (Shifted from Loop 2601),5.4149,13.2171,6.6245,-1.1777,12.4214,9.6531,B,A,21
0,0,0,0,0,0,0,0,0,0,0,16.7975,36.0885,2997,5.5107622875796505,inf,17.4075,[FOCUS] Error Recovery (Shifted from Loop 2618),7.5322,17.0409,9.2653,-0.2434,15.8097,11.2286,B,A,23
0,0,0,0,0,0,0,0,0,0,0,25.0000,36.4668,2998,13.054038517400487,inf,18.3061,[FOCUS] Error Recovery (Shifted from Loop 2637),7.6750,17.2909,17.3250,7.7091,24.2713,19.8438,A,A,21
0,0,0,0,0,0,0,1,1,1,1,13.0857,37.9286,2999,0.8882876990956345,inf,16.2068,[FOCUS] Error Recovery (Shifted from Loop 2639),8.2396,18.2708,4.8460,-5.1851,11.2153,5.7992,B,A,23
0,0,0,0,0,0,0,1,1,1,1,12.1593,38.1988,3001,0.42306455788818753,2.2,17.1979,[FOCUS] Error Recovery (Shifted from Loop 2656),8.3462,18.4543,3.8132,-6.2949,10.6150,5.4084,B,A,23
-1,-1,-1,-1,-1,-1,-1,-1,-1,-1,-1,15.255054987348464,39.753117264093284,3000,inf,inf,17.095858707489388,[FOCUS] Error Recovery (Shifted from Loop 2642) [ERROR: TIMEOUT],,,,,,,,,
-1,-1,-1,-1,-1,-1,-1,-1,-1,-1,-1,23.836070168054707,35.187744483405915,3002,inf,inf,17.59208248863657,[FOCUS] Error Recovery (Shifted from Loop 2671) [ERROR: TIMEOUT],,,,,,,,,
0,0,0,0,0,0,0,0,0,0,0,17.4263,30.6982,3003,8.040321848334704,inf,17.3957,[FOCUS] Error Recovery (Shifted from Loop 2675),5.6402,13.6364,11.7861,3.7899,17.4575,14.2997,A,A,23
0,0,0,0,0,0,0,0,0,0,0,22.6716,30.1259,3004,13.029850843197615,inf,17.3668,[FOCUS] Error Recovery (Shifted from Loop 2676),5.4552,13.2923,17.2164,9.3793,22.7863,19.7704,A,A,22
0,0,0,0,0,0,0,0,0,0,0,22.6353,37.9011,3005,10.881403382029665,inf,17.7557,[FOCUS] Error Recovery (Shifted from Loop 2678),8.2288,18.2521,14.4064,4.3831,21.3799,16.4123,A,A,23
0,0,0,0,0,0,0,0,0,0,0,24.4545,30.1447,3007,15.853873472625459,inf,18.1356,[FOCUS] Error Recovery (Shifted from Loop 2697),5.4612,13.3036,18.9933,11.1509,24.8129,22.0055,A,A,22
0,0,0,0,0,0,0,0,0,0,0,17.2139,34.5551,3006,6.166161087039976,inf,17.1216,[FOCUS] Error Recovery (Shifted from Loop 2681),6.9666,16.0423,10.2474,1.1716,16.4411,12.1880,A,A,21
0,0,0,0,0,0,0,0,0,0,0,24.4132,39.6275,3008,4.839671153476382,inf,10.5968,[FOCUS] Error Recovery (Shifted from Loop 2712),8.9207,19.4369,15.4925,4.9763,19.8238,12.3416,A,A,23
0,0,0,0,0,0,0,0,0,0,0,24.2364,38.9827,3010,10.757817700152064,inf,17.5108,[FOCUS] Error Recovery (Shifted from Loop 2713),8.6590,18.9909,15.5773,5.2455,22.6300,17.3015,A,A,21
0,0,0,0,0,0,0,0,0,0,0,23.8686,38.8315,3009,15.286789156472755,inf,25.0000,[FOCUS] Error Recovery (Shifted from Loop 2714),8.5983,18.8869,15.2703,4.9817,25.3044,22.1555,A,A,22
0,0,0,0,0,0,0,0,0,0,0,19.0814,30.0283,3011,13.374240970664717,inf,24.5326,[FOCUS] Error Recovery (Shifted from Loop 2717),5.4239,13.2340,13.6575,5.8475,21.5035,20.5017,A,A,23
1,0,0,0,0,1,1,1,1,1,1,10.0000,39.8842,3013,0.0,0.0,21.1631,[FOCUS] Error Recovery (Shifted from Loop 2720),9.0259,19.6157,0.9741,-9.6157,9.6745,5.1491,B,A,22
0,0,0,0,0,0,0,0,0,0,0,17.3649,39.5662,3012,8.860994021518886,inf,24.4534,[FOCUS] Error Recovery (Shifted from Loop 2718),8.8956,19.3943,8.4692,-2.0295,18.4503,14.9517,B,A,21
0,0,0,0,0,0,0,0,0,0,0,16.6742,39.2196,3014,8.687816952369543,inf,24.7958,[FOCUS] Error Recovery (Shifted from Loop 2719),8.7547,19.1543,7.9195,-2.4801,17.9607,14.6514,B,A,23
0,0,0,0,0,1,1,1,1,1,1,10.0000,40.0000,3015,1.9443290730055347,0.3,16.5881,[FOCUS] Error Recovery (Shifted from Loop 2716),9.0736,19.6966,0.9264,-9.6966,7.7638,1.8960,B,A,22
0,0,0,0,0,0,0,0,0,0,0,25.0000,30.1066,3016,10.136627365902768,inf,10.3697,[FOCUS] Error Recovery (Shifted from Loop 2721),5.4490,13.2808,19.5510,11.7192,22.8749,17.9217,A,A,21
0,0,0,0,0,0,0,0,0,0,0,25.0000,38.8296,3017,15.592323604055915,inf,25.0000,[FOCUS] Error Recovery (Shifted from Loop 2722),8.5975,18.8856,16.4025,6.1144,26.4361,23.2877,A,A,23
0,0,0,0,0,0,1,1,1,1,1,10.0358,39.6693,3018,0.29745933691359977,inf,21.7722,[FOCUS] Error Recovery (Shifted from Loop 2724),8.9378,19.4660,1.0980,-9.4302,10.0055,5.7120,B,A,22
0,0,0,0,0,0,0,0,0,0,0,23.8689,30.0075,3019,18.132042938097584,inf,25.0000,[FOCUS] Error Recovery (Shifted from Loop 2725),5.4173,13.2216,18.4516,10.6473,26.4422,25.5755,A,A,21
0,0,0,0,0,0,0,0,0,0,0,24.6704,30.1381,3021,10.052919869991479,inf,10.2628,[FOCUS] Error Recovery (Shifted from Loop 2727),5.4591,13.2996,19.2113,11.3708,22.5039,17.5126,A,A,22
1,0,0,0,0,1,1,1,1,1,1,10.4611,40.0000,3020,0.0,0.0,17.5716,[FOCUS] Error Recovery (Shifted from Loop 2723),9.0736,19.6966,1.3876,-9.2354,8.6303,3.0444,B,A,23
1,0,0,0,0,1,1,1,1,1,1,10.0000,39.8502,3022,0.0,0.0,17.6896,[FOCUS] Error Recovery (Shifted from Loop 2726),9.0119,19.5920,0.9881,-9.5920,8.2549,2.7433,B,A,21
0,0,0,0,0,0,0,0,0,1,1,16.9202,39.5893,3023,3.5361566390123778,inf,16.9833,[FOCUS] Error Recovery (Shifted from Loop 2730),8.9051,19.4104,8.0151,-2.4902,14.9508,9.3075,B,A,22
0,0,0,0,0,0,0,0,0,0,0,15.1571,30.0815,3024,7.1926653341529505,inf,18.8065,[FOCUS] Error Recovery (Shifted from Loop 2732),5.4410,13.2658,9.7161,1.8913,15.7401,13.1354,A,A,23
0,0,0,0,0,0,0,0,0,0,0,25.0000,30.0756,3025,15.694801433639421,inf,17.9284,[FOCUS] Error Recovery (Shifted from Loop 2748),5.4390,13.2622,19.5610,11.7378,25.3026,22.4558,A,A,21
1,0,0,0,0,1,1,1,1,1,1,10.0000,38.2920,3026,0.0,0.0,18.3020,[FOCUS] Error Recovery (Shifted from Loop 2763),8.3831,18.5178,1.6169,-8.5178,8.8712,3.9543,B,A,22
0,0,0,0,0,0,0,0,0,0,0,22.0137,30.2945,3027,12.946826496140778,inf,18.1342,[FOCUS] Error Recovery (Shifted from Loop 2776),5.5094,13.3934,16.5044,8.6204,22.3487,19.5018,A,A,23
0,0,0,0,0,0,0,0,1,1,1,13.9309,39.1818,3028,2.023016588252566,inf,17.1410,[FOCUS] Error Recovery (Shifted from Loop 2783),8.7394,19.1282,5.1914,-5.1973,12.1268,6.6389,B,A,21
1,0,0,0,0,0,0,0,1,1,1,13.8604,30.0411,3029,0.0,0.0,10.1463,[FOCUS] Error Recovery (Shifted from Loop 2801),5.4280,13.2416,8.4324,0.6188,11.6786,6.6809,A,A,23
0,0,0,0,0,0,0,0,1,1,1,10.7953,35.2583,3030,4.258708932751951,inf,25.0000,[FOCUS] Error Recovery (Shifted from Loop 2805),7.2232,16.4973,3.5720,-5.7020,12.7786,10.5624,B,A,21
0,0,0,0,0,0,0,0,0,0,0,25.0000,30.0000,3031,16.343741427156516,inf,21.7248,[FOCUS] Error Recovery (Shifted from Loop 2807),5.4149,13.2171,19.5851,11.7829,26.5274,24.7537,A,A,22
0,0,0,0,0,0,0,0,0,0,0,24.2504,30.0000,3034,14.109846616850938,inf,17.8626,[FOCUS] Error Recovery (Shifted from Loop 2813),5.4149,13.2171,18.8355,11.0333,24.5436,21.6982,A,A,22
0,0,0,0,0,0,0,1,1,1,1,10.1088,37.4664,3032,1.7904910395457538,inf,22.8440,[FOCUS] Error Recovery (Shifted from Loop 2809),8.0590,17.9586,2.0498,-7.8498,10.9297,7.5255,B,A,21
0,0,0,0,0,0,0,1,1,1,1,10.0000,30.0789,3033,1.5020592418905498,inf,17.3552,[FOCUS] Error Recovery (Shifted from Loop 2811),5.4401,13.2642,4.5599,-3.2642,10.1185,7.1116,B,A,23
0,0,0,0,0,0,0,0,0,0,0,25.0000,31.4467,3036,14.675494832390699,inf,17.5206,[FOCUS] Error Recovery (Shifted from Loop 2816),5.8869,14.0915,19.1131,10.9085,24.9467,21.6272,A,A,21
0,0,0,0,0,0,0,0,0,0,0,17.5654,33.8715,3035,6.092188366533139,2.6,17.3844,[FOCUS] Error Recovery (Shifted from Loop 2815),6.7215,15.6049,10.8440,1.9606,17.0227,13.0251,A,A,22
0,0,0,0,0,0,0,0,0,0,0,15.6466,31.2477,3037,7.625290847194703,inf,18.7210,[FOCUS] Error Recovery (Shifted from Loop 2832),5.8208,13.9700,9.8259,1.6767,16.0246,13.0919,A,A,23
0,0,0,0,0,0,0,0,0,0,1,12.9871,32.8401,3038,3.642708189550322,inf,17.6789,[FOCUS] Error Recovery (Shifted from Loop 2858),6.3598,14.9538,6.6273,-1.9667,12.7418,9.0996,B,A,21
1,0,0,0,0,1,1,1,1,1,1,10.4809,40.0000,3040,0.0,0.0,17.1506,[FOCUS] Error Recovery (Shifted from Loop 2863),9.0736,19.6966,1.4073,-9.2156,8.4766,2.7700,B,A,23
0,0,0,0,0,0,0,0,0,0,0,16.5817,34.6316,3039,6.164808806413237,inf,18.7260,[FOCUS] Error Recovery (Shifted from Loop 2861),6.9943,16.0916,9.5874,0.4901,16.3748,12.5534,A,A,22
0,0,0,0,0,0,0,1,1,1,1,10.8501,34.3919,3041,0.7224446336090753,inf,17.4607,[FOCUS] Error Recovery (Shifted from Loop 2864),6.9077,15.9374,3.9425,-5.0873,10.2325,6.1182,B,A,21
0,0,0,0,0,0,0,0,0,0,0,25.0000,31.0731,3042,15.706700287414012,inf,17.9696,[FOCUS] Error Recovery (Shifted from Loop 2870),5.7631,13.8636,19.2369,11.1364,25.1578,22.0614,A,A,23
0,0,0,0,0,0,0,0,0,0,1,12.2525,36.1990,3043,3.3025365643512608,inf,17.2556,[FOCUS] Error Recovery (Shifted from Loop 2880),7.5738,17.1138,4.6788,-4.8612,11.1837,6.5301,B,A,22
0,0,0,0,0,0,0,0,0,0,0,15.9031,31.5656,3044,5.070403450695995,inf,15.1016,[FOCUS] Error Recovery (Shifted from Loop 2910),5.9265,14.1643,9.9766,1.7388,15.0214,10.9959,A,A,21
1,0,0,0,0,0,1,1,1,1,1,10.0000,35.8913,3045,0.0,0.0,18.3246,[FOCUS] Error Recovery (Shifted from Loop 2915),7.4582,16.9111,2.5418,-6.9111,9.3975,5.1286,B,A,23
0,0,0,0,0,0,0,0,0,0,0,20.9734,35.3055,3046,8.964912176149173,inf,17.0100,[FOCUS] Error Recovery (Shifted from Loop 2918),7.2406,16.5280,13.7328,4.4454,20.0043,15.5199,A,A,22
0,0,0,0,0,0,0,0,0,1,1,15.0155,38.8564,3047,2.9911938886588576,inf,17.1963,[FOCUS] Error Recovery (Shifted from Loop 2938),8.6083,18.9040,6.4073,-3.8885,13.3132,7.9289,B,A,21
0,0,0,0,0,0,0,0,0,0,0,23.5559,39.6921,3048,7.927552048355737,inf,16.6592,[FOCUS] Error Recovery (Shifted from Loop 2940),8.9471,19.4819,14.6089,4.0741,21.4280,15.6641,A,A,23
0,0,0,0,0,0,0,0,0,0,0,16.2327,35.3979,3049,6.26095739197922,inf,19.0610,[FOCUS] Error Recovery (Shifted from Loop 2946),7.2747,16.5882,8.9579,-0.3555,16.0020,12.0722,B,A,22
0,0,0,0,0,0,0,0,0,0,0,17.5355,36.7871,3050,6.340554980455325,inf,17.6936,[FOCUS] Error Recovery (Shifted from Loop 2965),7.7970,17.5037,9.7385,0.0318,16.5050,11.8182,A,A,21
0,0,0,0,0,1,1,1,1,1,1,14.3232,39.4299,3052,1.959478600154194,0.3,17.9034,[FOCUS] Error Recovery (Shifted from Loop 3000),8.8401,19.2998,5.4831,-4.9766,12.7681,7.4312,B,A,22
0,0,0,0,0,0,0,0,0,0,0,18.1010,35.6673,3051,6.653538904784582,inf,17.0208,[FOCUS] Error Recovery (Shifted from Loop 2989),7.3746,16.7642,10.7263,1.3367,17.0589,12.4810,A,A,23
0,0,0,0,0,1,1,1,1,1,1,19.0347,38.3338,3054,1.95314959467253,0.3,13.0521,[FOCUS] Exact Point 1/128 (Repeat 1/3),8.3996,18.5463,10.6351,0.4884,15.8135,9.3885,A,A,22
0,0,0,0,0,0,0,0,0,0,0,24.0173,34.6884,3053,12.341477644748592,inf,17.9217,[FOCUS] Error Recovery (Shifted from Loop 3002),7.0149,16.1281,17.0024,7.8892,23.5077,19.4447,A,A,21
0,0,0,0,0,0,0,0,0,0,1,19.0347,38.3338,3055,3.012295092319445,inf,13.0521,[FOCUS] Exact Point 1/128 (Repeat 2/3),8.3996,18.5463,10.6351,0.4884,15.8135,9.3885,A,A,23
0,0,0,0,0,0,0,0,0,0,1,14.6597,30.5345,3057,1.9565051022290396,inf,10.9714,[FOCUS] Exact Point 2/128 (Repeat 1/3),5.5870,13.5376,9.0727,1.1221,12.6330,7.7322,A,A,21
0,0,0,0,0,0,0,0,0,0,1,14.6597,30.5345,3058,1.2575693959127348,inf,10.9714,[FOCUS] Exact Point 2/128 (Repeat 2/3),5.5870,13.5376,9.0727,1.1221,12.6330,7.7322,A,A,23
0,0,0,0,0,0,0,0,0,0,1,19.0347,38.3338,3056,2.918405784777267,inf,13.0521,[FOCUS] Exact Point 1/128 (Repeat 3/3),8.3996,18.5463,10.6351,0.4884,15.8135,9.3885,A,A,22
0,0,0,0,0,0,0,0,0,0,1,14.6597,30.5345,3059,1.7262851161666735,inf,10.9714,[FOCUS] Exact Point 2/128 (Repeat 3/3),5.5870,13.5376,9.0727,1.1221,12.6330,7.7322,A,A,21
0,0,0,0,0,0,0,0,0,0,0,23.7169,39.9882,3060,11.956752562307162,inf,20.3713,[FOCUS] Exact Point 3/128 (Repeat 1/3),9.0687,19.6883,14.6482,4.0286,23.0427,18.2625,A,A,23
0,0,0,0,0,0,0,0,0,0,0,23.7169,39.9882,3061,12.695604657980644,inf,20.3713,[FOCUS] Exact Point 3/128 (Repeat 2/3),9.0687,19.6883,14.6482,4.0286,23.0427,18.2625,A,A,21
0,0,0,0,0,0,0,0,0,0,0,23.7169,39.9882,3062,12.061189276796169,inf,20.3713,[FOCUS] Exact Point 3/128 (Repeat 3/3),9.0687,19.6883,14.6482,4.0286,23.0427,18.2625,A,A,22
0,0,0,0,0,0,0,0,0,0,1,15.3252,32.5084,3063,1.5250396087282168,inf,10.0506,[FOCUS] Exact Point 4/128 (Repeat 1/3),6.2456,14.7467,9.0796,0.5785,12.5249,6.8358,A,A,21
0,0,0,0,0,0,0,0,0,1,1,15.3252,32.5084,3064,0.5309704746414471,inf,10.0506,[FOCUS] Exact Point 4/128 (Repeat 2/3),6.2456,14.7467,9.0796,0.5785,12.5249,6.8358,A,A,23
0,0,0,0,0,0,0,0,0,1,1,15.3252,32.5084,3065,0.32832361440766417,inf,10.0506,[FOCUS] Exact Point 4/128 (Repeat 3/3),6.2456,14.7467,9.0796,0.5785,12.5249,6.8358,A,A,22
0,0,0,0,1,1,1,1,1,1,1,24.8791,31.9769,3066,1.9125872756449998,0.4,11.6739,[FOCUS] Exact Point 5/128 (Repeat 1/3),6.0647,14.4173,18.8144,10.4618,22.7586,17.6667,A,A,21
0,0,0,0,1,1,1,1,1,1,1,24.8791,31.9769,3067,1.915043151039613,0.4,11.6739,[FOCUS] Exact Point 5/128 (Repeat 2/3),6.0647,14.4173,18.8144,10.4618,22.7586,17.6667,A,A,23
0,0,0,0,0,1,1,1,1,1,1,24.8791,31.9769,3068,1.9073347410550854,0.4,11.6739,[FOCUS] Exact Point 5/128 (Repeat 3/3),6.0647,14.4173,18.8144,10.4618,22.7586,17.6667,A,A,22
0,0,0,0,0,1,1,1,1,1,1,20.3532,38.7497,3069,1.9360409568210097,0.3,22.8186,[FOCUS] Exact Point 6/128 (Repeat 1/3),8.5655,18.8307,11.7877,1.5225,20.9290,17.1787,A,A,21
0,0,0,0,0,1,1,1,1,1,1,20.3532,38.7497,3070,1.929833311220709,0.3,22.8186,[FOCUS] Exact Point 6/128 (Repeat 2/3),8.5655,18.8307,11.7877,1.5225,20.9290,17.1787,A,A,23
0,0,0,0,0,1,1,1,1,1,1,20.3532,38.7497,3071,1.9329710217582559,0.3,22.8186,[FOCUS] Exact Point 6/128 (Repeat 3/3),8.5655,18.8307,11.7877,1.5225,20.9290,17.1787,A,A,22
0,0,0,0,0,0,0,0,0,0,0,24.7718,31.2840,3072,1.9525733340978588,0.3,10.0786,[FOCUS] Exact Point 7/128 (Repeat 1/3),5.8328,13.9921,18.9390,10.7797,22.2795,16.9289,A,A,21
0,0,0,0,0,1,1,1,1,1,1,24.7718,31.2840,3073,1.914915011129856,0.4,10.0786,[FOCUS] Exact Point 7/128 (Repeat 2/3),5.8328,13.9921,18.9390,10.7797,22.2795,16.9289,A,A,23
0,0,0,0,0,0,0,0,0,0,0,24.7718,31.2840,3074,1.946779420459979,0.3,10.0786,[FOCUS] Exact Point 7/128 (Repeat 3/3),5.8328,13.9921,18.9390,10.7797,22.2795,16.9289,A,A,22
0,0,0,0,0,0,0,0,0,0,0,19.5286,39.0985,3075,1.9481868583132584,0.3,19.3747,[FOCUS] Exact Point 8/128 (Repeat 1/3),8.7057,19.0707,10.8229,0.4579,18.6470,13.8201,A,A,21
0,0,0,0,1,1,1,1,1,1,1,19.5286,39.0985,3076,1.9382897880069232,0.3,19.3747,[FOCUS] Exact Point 8/128 (Repeat 2/3),8.7057,19.0707,10.8229,0.4579,18.6470,13.8201,A,A,23
0,0,0,0,0,0,0,0,0,0,0,19.5286,39.0985,3077,1.9536042934091222,0.3,19.3747,[FOCUS] Exact Point 8/128 (Repeat 3/3),8.7057,19.0707,10.8229,0.4579,18.6470,13.8201,A,A,22
0,0,0,0,0,0,0,0,0,0,0,24.9299,39.8243,3078,1.9495148825908222,0.3,15.2216,[FOCUS] Exact Point 9/128 (Repeat 1/3),9.0013,19.5739,15.9286,5.3560,22.1780,15.9663,A,A,21
0,0,0,0,0,0,0,0,0,0,0,24.9299,39.8243,3080,1.9603198662075751,0.3,15.2216,[FOCUS] Exact Point 9/128 (Repeat 3/3),9.0013,19.5739,15.9286,5.3560,22.1780,15.9663,A,A,22
0,0,0,0,0,0,0,0,0,0,0,24.9299,39.8243,3079,1.9736549815409254,0.6,15.2216,[FOCUS] Exact Point 9/128 (Repeat 2/3),9.0013,19.5739,15.9286,5.3560,22.1780,15.9663,A,A,23
0,0,0,0,0,0,0,0,0,0,0,18.2132,30.0850,3081,1.9497250173437264,0.3,23.5614,[FOCUS] Exact Point 10/128 (Repeat 1/3),5.4421,13.2679,12.7711,4.9453,20.3189,19.0331,A,A,21
0,0,0,0,0,0,0,0,0,0,0,18.2132,30.0850,3083,1.9518940274075778,0.3,23.5614,[FOCUS] Exact Point 10/128 (Repeat 3/3),5.4421,13.2679,12.7711,4.9453,20.3189,19.0331,A,A,23
0,0,0,0,0,0,0,0,0,0,0,18.2132,30.0850,3082,1.9500033516957647,0.3,23.5614,[FOCUS] Exact Point 10/128 (Repeat 2/3),5.4421,13.2679,12.7711,4.9453,20.3189,19.0331,A,A,22
0,0,0,0,0,0,0,0,0,0,0,20.3226,39.3237,3084,1.9482332807477865,0.3,10.1565,[FOCUS] Exact Point 11/128 (Repeat 1/3),8.7969,19.2263,11.5257,1.0963,15.6484,8.1243,A,A,21
0,0,0,0,0,0,0,0,0,0,0,20.3226,39.3237,3085,1.944811294490872,0.3,10.1565,[FOCUS] Exact Point 11/128 (Repeat 2/3),8.7969,19.2263,11.5257,1.0963,15.6484,8.1243,A,A,23
0,0,0,0,0,0,0,0,0,0,0,20.3226,39.3237,3086,1.9473328684573996,0.3,10.1565,[FOCUS] Exact Point 11/128 (Repeat 3/3),8.7969,19.2263,11.5257,1.0963,15.6484,8.1243,A,A,22
0,0,0,0,0,0,0,0,0,0,0,20.0195,39.4324,3087,1.948606288932619,0.3,10.9604,[FOCUS] Exact Point 12/128 (Repeat 1/3),8.8411,19.3015,11.1784,0.7180,15.6385,8.3143,A,A,21
0,0,0,0,0,0,0,0,0,0,0,20.0195,39.4324,3088,1.9442512525671236,0.3,10.9604,[FOCUS] Exact Point 12/128 (Repeat 2/3),8.8411,19.3015,11.1784,0.7180,15.6385,8.3143,A,A,22
0,0,0,0,0,0,0,0,0,0,0,20.0195,39.4324,3089,1.9492225587176373,0.3,10.9604,[FOCUS] Exact Point 12/128 (Repeat 3/3),8.8411,19.3015,11.1784,0.7180,15.6385,8.3143,A,A,23
0,0,0,0,0,0,0,0,0,0,0,19.7747,39.8945,3090,1.9509427072609056,0.3,10.8199,[FOCUS] Exact Point 13/128 (Repeat 1/3),9.0301,19.6229,10.7446,0.1518,15.1938,7.7016,A,A,23
0,0,0,0,0,0,0,0,0,0,1,19.7747,39.8945,3091,2.5350949593044154,inf,10.8199,[FOCUS] Exact Point 13/128 (Repeat 2/3),9.0301,19.6229,10.7446,0.1518,15.1938,7.7016,A,A,21
0,0,0,0,0,0,0,0,0,0,1,19.7747,39.8945,3092,1.8617390043805289,inf,10.8199,[FOCUS] Exact Point 13/128 (Repeat 3/3),9.0301,19.6229,10.7446,0.1518,15.1938,7.7016,A,A,21
0,0,0,0,0,0,0,0,0,0,1,19.7147,39.7479,3093,2.409746998700653,inf,10.8555,[FOCUS] Exact Point 14/128 (Repeat 1/3),8.9699,19.5207,10.7448,0.1940,15.1939,7.7525,A,A,22
0,0,0,0,0,0,0,0,0,0,1,19.7147,39.7479,3094,2.003972783499233,inf,10.8555,[FOCUS] Exact Point 14/128 (Repeat 2/3),8.9699,19.5207,10.7448,0.1940,15.1939,7.7525,A,A,21
0,0,0,0,0,0,0,0,0,1,1,19.7147,39.7479,3095,1.3181818182566716,inf,10.8555,[FOCUS] Exact Point 14/128 (Repeat 3/3),8.9699,19.5207,10.7448,0.1940,15.1939,7.7525,A,A,23
0,0,0,0,0,0,0,0,0,0,0,21.6362,38.9218,3096,5.478216041868286,inf,12.9733,[FOCUS] Exact Point 15/128 (Repeat 1/3),8.6345,18.9490,13.0017,2.6872,18.2195,11.6112,A,A,22
0,0,0,0,0,0,0,0,0,0,0,21.6362,38.9218,3097,6.119249281973288,inf,12.9733,[FOCUS] Exact Point 15/128 (Repeat 2/3),8.6345,18.9490,13.0017,2.6872,18.2195,11.6112,A,A,21
0,0,0,0,0,0,0,0,0,0,0,21.6362,38.9218,3098,5.703927477160531,inf,12.9733,[FOCUS] Exact Point 15/128 (Repeat 3/3),8.6345,18.9490,13.0017,2.6872,18.2195,11.6112,A,A,23
1,0,0,0,0,0,0,1,1,1,1,17.0481,34.8071,3099,0.0,0.0,10.0400,[FOCUS] Exact Point 16/128 (Repeat 1/3),7.0580,16.2048,9.9901,0.8433,13.6455,7.3290,A,A,22
0,0,0,0,0,0,0,0,0,1,1,17.0481,34.8071,3100,0.764816581051712,inf,10.0400,[FOCUS] Exact Point 16/128 (Repeat 2/3),7.0580,16.2048,9.9901,0.8433,13.6455,7.3290,A,A,21
0,0,0,0,0,0,0,1,1,1,1,17.0481,34.8071,3101,1.9608015818990598,0.5,10.0400,[FOCUS] Exact Point 16/128 (Repeat 3/3),7.0580,16.2048,9.9901,0.8433,13.6455,7.3290,A,A,23
0,0,0,0,0,0,0,0,0,0,1,16.7775,34.7126,3102,1.0798145521559919,inf,10.0555,[FOCUS] Exact Point 17/128 (Repeat 1/3),7.0237,16.1438,9.7538,0.6337,13.4061,7.1198,A,A,22
0,0,0,0,0,0,0,0,0,1,1,16.7775,34.7126,3103,0.8624858473538408,inf,10.0555,[FOCUS] Exact Point 17/128 (Repeat 2/3),7.0237,16.1438,9.7538,0.6337,13.4061,7.1198,A,A,21
1,0,0,0,0,0,0,1,1,1,1,16.7775,34.7126,3104,0.0,0.0,10.0555,[FOCUS] Exact Point 17/128 (Repeat 3/3),7.0237,16.1438,9.7538,0.6337,13.4061,7.1198,A,A,23
0,0,0,0,0,0,0,0,0,0,1,16.6544,34.8439,3105,1.0232567430046662,inf,10.0289,[FOCUS] Exact Point 18/128 (Repeat 1/3),7.0714,16.2285,9.5830,0.4259,13.2377,6.9081,A,A,22
0,0,0,0,0,0,0,0,0,1,1,16.6544,34.8439,3106,0.6402210042363621,inf,10.0289,[FOCUS] Exact Point 18/128 (Repeat 2/3),7.0714,16.2285,9.5830,0.4259,13.2377,6.9081,A,A,21
0,0,0,0,0,0,0,0,0,0,0,17.0786,34.9090,3108,2.7030725018543134,1.8,10.5517,[FOCUS] Exact Point 19/128 (Repeat 1/3),7.0952,16.2706,9.9834,0.8080,13.8351,7.6351,A,A,22
0,0,0,0,0,0,0,0,1,1,1,16.6544,34.8439,3107,0.11457948979887506,inf,10.0289,[FOCUS] Exact Point 18/128 (Repeat 3/3),7.0714,16.2285,9.5830,0.4259,13.2377,6.9081,A,A,23
0,0,0,0,0,0,0,0,0,0,1,17.0786,34.9090,3109,1.6154955441649026,inf,10.5517,[FOCUS] Exact Point 19/128 (Repeat 2/3),7.0952,16.2706,9.9834,0.8080,13.8351,7.6351,A,A,21
0,0,0,0,0,0,0,0,0,0,0,17.0786,34.9090,3110,3.703519089404003,inf,10.5517,[FOCUS] Exact Point 19/128 (Repeat 3/3),7.0952,16.2706,9.9834,0.8080,13.8351,7.6351,A,A,22
0,0,0,0,0,0,0,0,0,0,0,24.8775,35.4347,3112,13.459423190305,inf,18.5769,[FOCUS] Exact Point 20/128 (Repeat 2/3),7.2883,16.6122,17.5892,8.2653,24.4607,20.3844,A,A,21
0,0,0,0,0,0,0,0,0,0,0,24.8775,35.4347,3113,14.06162498886155,inf,18.5769,[FOCUS] Exact Point 20/128 (Repeat 3/3),7.2883,16.6122,17.5892,8.2653,24.4607,20.3844,A,A,22
0,0,0,0,0,0,0,0,0,0,0,19.2637,33.0929,3114,5.789958845376615,inf,13.0046,[FOCUS] Exact Point 21/128 (Repeat 1/3),6.4475,15.1124,12.8162,4.1513,17.3444,12.3252,A,A,21
0,0,0,0,0,0,0,0,0,0,0,19.2637,33.0929,3115,5.416928823646437,inf,13.0046,[FOCUS] Exact Point 21/128 (Repeat 2/3),6.4475,15.1124,12.8162,4.1513,17.3444,12.3252,A,A,22
-1,-1,-1,-1,-1,-1,-1,-1,-1,-1,-1,24.8775,35.4347,3111,inf,inf,18.5769,[FOCUS] Exact Point 20/128 (Repeat 1/3) [ERROR: TIMEOUT],,,,,,,,,
0,0,0,0,0,0,0,0,0,0,0,19.2637,33.0929,3116,5.226947365496093,4.3,13.0046,[FOCUS] Exact Point 21/128 (Repeat 3/3),6.4475,15.1124,12.8162,4.1513,17.3444,12.3252,A,A,22
0,0,0,0,0,0,0,0,0,0,0,24.9773,39.9775,3117,5.694833707825708,inf,11.2132,[FOCUS] Exact Point 22/128 (Repeat 1/3),9.0643,19.6808,15.9130,5.2965,20.5326,13.1302,A,A,21
0,0,0,0,0,0,0,0,0,0,0,24.9773,39.9775,3118,5.089190380307775,inf,11.2132,[FOCUS] Exact Point 22/128 (Repeat 2/3),9.0643,19.6808,15.9130,5.2965,20.5326,13.1302,A,A,21
0,0,0,0,0,0,0,0,0,0,0,24.9773,39.9775,3119,6.140718312934816,inf,11.2132,[FOCUS] Exact Point 22/128 (Repeat 3/3),9.0643,19.6808,15.9130,5.2965,20.5326,13.1302,A,A,23
0,0,0,0,0,0,0,0,0,0,0,16.6097,31.2582,3120,2.6290167182053468,inf,10.1990,[FOCUS] Exact Point 23/128 (Repeat 1/3),5.8243,13.9763,10.7854,2.6334,14.1635,8.8533,A,A,21
0,0,0,0,0,0,0,0,0,0,1,16.6097,31.2582,3121,1.9146176918681774,inf,10.1990,[FOCUS] Exact Point 23/128 (Repeat 2/3),5.8243,13.9763,10.7854,2.6334,14.1635,8.8533,A,A,23
0,0,0,0,0,0,0,0,0,0,1,16.4695,31.1809,3123,1.9536591458265566,inf,10.1240,[FOCUS] Exact Point 24/128 (Repeat 1/3),5.7987,13.9292,10.6708,2.5403,14.0167,8.7065,A,A,21
0,0,0,0,0,0,0,0,0,0,1,16.4695,31.1809,3124,1.8261452182893227,inf,10.1240,[FOCUS] Exact Point 24/128 (Repeat 2/3),5.7987,13.9292,10.6708,2.5403,14.0167,8.7065,A,A,23
0,0,0,0,0,0,0,0,0,0,0,16.4695,31.1809,3125,2.5914338238429764,inf,10.1240,[FOCUS] Exact Point 24/128 (Repeat 3/3),5.7987,13.9292,10.6708,2.5403,14.0167,8.7065,A,A,21
1,0,0,0,0,0,0,0,1,1,1,18.4241,36.6884,3126,0.0,0.0,10.1595,[FOCUS] Exact Point 25/128 (Repeat 1/3),7.7594,17.4381,10.6647,0.9860,14.5407,7.7435,A,A,23
0,0,0,0,0,0,0,0,0,0,0,25.0000,35.8094,3127,13.231555551862659,inf,18.0990,[FOCUS] Error Recovery (Shifted from Loop 3111),7.4276,16.8573,17.5724,8.1427,24.3300,20.0190,A,A,21
-1,-1,-1,-1,-1,-1,-1,-1,-1,-1,-1,16.6097,31.2582,3122,inf,inf,10.199,[FOCUS] Exact Point 23/128 (Repeat 3/3) [ERROR: TIMEOUT],,,,,,,,,
0,0,0,0,0,0,0,0,0,1,1,18.4241,36.6884,3128,0.42164417214504724,inf,10.1595,[FOCUS] Exact Point 25/128 (Repeat 2/3),7.7594,17.4381,10.6647,0.9860,14.5407,7.7435,A,A,21
0,0,0,0,0,0,0,0,0,0,1,18.4241,36.6884,3129,1.1174048392361482,inf,10.1595,[FOCUS] Exact Point 25/128 (Repeat 3/3),7.7594,17.4381,10.6647,0.9860,14.5407,7.7435,A,A,21
0,0,0,0,0,0,0,0,0,0,1,18.5882,36.4294,3130,1.7623993494039412,inf,10.0631,[FOCUS] Exact Point 26/128 (Repeat 1/3),7.6609,17.2661,10.9273,1.3221,14.7424,7.9889,A,A,23
0,0,0,0,0,0,0,0,0,0,1,18.5882,36.4294,3131,1.3772176800136045,inf,10.0631,[FOCUS] Exact Point 26/128 (Repeat 2/3),7.6609,17.2661,10.9273,1.3221,14.7424,7.9889,A,A,21
0,0,0,0,0,0,0,0,0,0,1,18.5882,36.4294,3132,1.2746898003455356,4.8,10.0631,[FOCUS] Exact Point 26/128 (Repeat 3/3),7.6609,17.2661,10.9273,1.3221,14.7424,7.9889,A,A,22
0,0,0,0,0,0,0,0,0,0,0,20.1338,39.9600,3133,8.705109210881293,inf,20.0572,[FOCUS] Exact Point 27/128 (Repeat 1/3),9.0571,19.6686,11.0767,0.4652,19.3366,14.4739,A,A,23
0,0,0,0,0,0,0,0,0,0,0,20.1338,39.9600,3134,8.849515385197945,inf,20.0572,[FOCUS] Exact Point 27/128 (Repeat 2/3),9.0571,19.6686,11.0767,0.4652,19.3366,14.4739,A,A,21
0,0,0,0,0,0,0,0,0,0,0,20.1338,39.9600,3135,9.251992518094323,inf,20.0572,[FOCUS] Exact Point 27/128 (Repeat 3/3),9.0571,19.6686,11.0767,0.4652,19.3366,14.4739,A,A,22
0,0,0,0,0,0,0,0,0,1,1,18.5732,36.6030,3136,0.7619925758351825,inf,10.0820,[FOCUS] Exact Point 28/128 (Repeat 1/3),7.7268,17.3813,10.8464,1.1919,14.6848,7.8890,A,A,23
0,0,0,0,0,0,0,0,0,0,1,18.5732,36.6030,3137,1.5570739255716886,inf,10.0820,[FOCUS] Exact Point 28/128 (Repeat 2/3),7.7268,17.3813,10.8464,1.1919,14.6848,7.8890,A,A,22
0,0,0,0,0,0,0,0,0,1,1,18.5732,36.6030,3138,0.8703568791499032,inf,10.0820,[FOCUS] Exact Point 28/128 (Repeat 3/3),7.7268,17.3813,10.8464,1.1919,14.6848,7.8890,A,A,23
0,0,0,0,0,0,0,0,0,0,1,18.7128,36.7868,3140,1.3622402463278747,inf,10.0404,[FOCUS] Exact Point 29/128 (Repeat 1/3),7.7970,17.5036,10.9158,1.2092,14.7555,7.8975,A,A,22
0,0,0,0,0,0,0,0,0,0,1,18.7128,36.7868,3141,1.113037276060009,inf,10.0404,[FOCUS] Exact Point 29/128 (Repeat 2/3),7.7970,17.5036,10.9158,1.2092,14.7555,7.8975,A,A,23
0,0,0,0,0,0,0,0,0,0,1,18.7128,36.7868,3142,1.020709927180657,inf,10.0404,[FOCUS] Exact Point 29/128 (Repeat 3/3),7.7970,17.5036,10.9158,1.2092,14.7555,7.8975,A,A,22
0,0,0,0,0,0,0,0,0,0,1,18.8066,36.7533,3143,1.174453465884187,inf,10.1395,[FOCUS] Exact Point 30/128 (Repeat 1/3),7.7841,17.4813,11.0225,1.3253,14.8969,8.0762,A,A,23
0,0,0,0,0,0,0,0,0,0,1,18.8066,36.7533,3144,1.1589037028798457,inf,10.1395,[FOCUS] Exact Point 30/128 (Repeat 2/3),7.7841,17.4813,11.0225,1.3253,14.8969,8.0762,A,A,22
0,0,0,0,0,0,0,0,0,0,1,18.8066,36.7533,3145,1.1571449061176369,inf,10.1395,[FOCUS] Exact Point 30/128 (Repeat 3/3),7.7841,17.4813,11.0225,1.3253,14.8969,8.0762,A,A,23
-1,-1,-1,-1,-1,-1,-1,-1,-1,-1,-1,16.841325754708112,31.54441817078633,3139,inf,inf,10.75170118750326,[FOCUS] Error Recovery (Shifted from Loop 3122) [ERROR: TIMEOUT],,,,,,,,,
0,0,0,0,1,1,1,1,1,1,1,23.6168,32.4080,3147,1.9140560385899137,0.3,10.2983,[FOCUS] Exact Point 31/128 (Repeat 2/3),6.2112,14.6843,17.4056,8.9325,20.9262,15.3336,A,A,23
0,0,0,0,0,0,0,0,0,0,0,23.6168,32.4080,3146,7.032111371613086,inf,10.2983,[FOCUS] Exact Point 31/128 (Repeat 1/3),6.2112,14.6843,17.4056,8.9325,20.9262,15.3336,A,A,22
0,0,0,0,0,0,0,1,1,1,1,23.6168,32.4080,3148,1.8490527410778779,0.3,10.2983,[FOCUS] Exact Point 31/128 (Repeat 3/3),6.2112,14.6843,17.4056,8.9325,20.9262,15.3336,A,A,23
0,0,0,0,0,0,0,0,0,0,0,17.5559,33.3526,3150,1.9490037655003676,0.3,21.7681,[FOCUS] Exact Point 32/128 (Repeat 2/3),6.5383,15.2760,11.0176,2.2799,18.6498,16.0195,A,A,23
0,0,0,0,0,0,0,0,0,0,0,17.5559,33.3526,3149,9.132784358919576,inf,21.7681,[FOCUS] Exact Point 32/128 (Repeat 1/3),6.5383,15.2760,11.0176,2.2799,18.6498,16.0195,A,A,22
0,0,0,0,0,0,0,0,0,0,0,17.5559,33.3526,3151,9.564556660111572,inf,21.7681,[FOCUS] Exact Point 32/128 (Repeat 3/3),6.5383,15.2760,11.0176,2.2799,18.6498,16.0195,A,A,21
0,0,0,0,0,0,0,0,0,0,0,19.8176,39.9368,3152,9.406005361041725,inf,22.0244,[FOCUS] Exact Point 33/128 (Repeat 1/3),9.0475,19.6524,10.7701,0.1652,19.8353,15.5427,A,A,22
0,0,0,0,0,0,0,0,0,0,0,19.8176,39.9368,3153,9.676027792836301,inf,22.0244,[FOCUS] Exact Point 33/128 (Repeat 2/3),9.0475,19.6524,10.7701,0.1652,19.8353,15.5427,A,A,21
0,0,0,0,1,1,1,1,1,1,1,23.5356,32.4347,3155,1.914664151636059,0.4,10.3543,[FOCUS] Exact Point 34/128 (Repeat 1/3),6.2203,14.7009,17.3153,8.8347,20.8576,15.2734,A,A,21
0,0,0,0,0,0,0,0,0,0,0,19.8176,39.9368,3154,9.164113915390137,inf,22.0244,[FOCUS] Exact Point 33/128 (Repeat 3/3),9.0475,19.6524,10.7701,0.1652,19.8353,15.5427,A,A,23
0,0,0,0,0,0,0,1,1,1,1,23.5356,32.4347,3156,1.8603832141570333,0.3,10.3543,[FOCUS] Exact Point 34/128 (Repeat 2/3),6.2203,14.7009,17.3153,8.8347,20.8576,15.2734,A,A,21
0,0,0,0,1,1,1,1,1,1,1,23.5356,32.4347,3158,1.918861746100943,0.4,10.3543,[FOCUS] Exact Point 34/128 (Repeat 3/3),6.2203,14.7009,17.3153,8.8347,20.8576,15.2734,A,A,23
0,0,0,0,0,0,0,0,0,0,0,22.7227,38.9831,3159,1.9462892675040926,0.3,22.4205,[FOCUS] Exact Point 35/128 (Repeat 1/3),8.6592,18.9912,14.0635,3.7315,23.0937,19.1679,A,A,21
0,0,0,0,0,0,0,0,0,0,0,17.3956,31.8231,3157,3.255307005934432,inf,10.5882,[FOCUS] Error Recovery (Shifted from Loop 3139),6.0128,14.3225,11.3828,3.0731,14.9451,9.5913,A,A,22
0,0,0,0,1,1,1,1,1,1,1,22.7227,38.9831,3160,1.9272942351633242,0.3,22.4205,[FOCUS] Exact Point 35/128 (Repeat 2/3),8.6592,18.9912,14.0635,3.7315,23.0937,19.1679,A,A,23
0,0,0,0,0,0,0,0,0,0,0,22.7227,38.9831,3161,1.9526957930962645,0.3,22.4205,[FOCUS] Exact Point 35/128 (Repeat 3/3),8.6592,18.9912,14.0635,3.7315,23.0937,19.1679,A,A,21
0,0,0,0,0,0,0,0,0,1,1,16.1553,34.5787,3162,0.7116699884561892,1.5,10.5611,[FOCUS] Exact Point 36/128 (Repeat 1/3),6.9751,16.0575,9.1802,0.0978,13.0030,6.8956,A,A,22
0,0,0,0,0,0,0,0,0,0,0,16.1553,34.5787,3163,1.9525078370708664,0.3,10.5611,[FOCUS] Exact Point 36/128 (Repeat 2/3),6.9751,16.0575,9.1802,0.0978,13.0030,6.8956,A,A,23
0,0,0,0,0,0,0,0,0,0,0,16.1553,34.5787,3164,1.9460463020227623,0.3,10.5611,[FOCUS] Exact Point 36/128 (Repeat 3/3),6.9751,16.0575,9.1802,0.0978,13.0030,6.8956,A,A,21
0,0,0,0,0,0,0,0,1,1,1,13.7813,30.2471,3165,0.20034089864767174,inf,10.2844,[FOCUS] Exact Point 37/128 (Repeat 1/3),5.4941,13.3649,8.2872,0.4164,11.5972,6.5826,A,A,22
0,0,0,0,0,0,0,0,0,0,0,13.7813,30.2471,3166,1.9559548583174282,0.3,10.2844,[FOCUS] Exact Point 37/128 (Repeat 2/3),5.4941,13.3649,8.2872,0.4164,11.5972,6.5826,A,A,23
0,0,0,0,0,0,0,0,0,0,0,13.7813,30.2471,3167,1.950111226970466,0.3,10.2844,[FOCUS] Exact Point 37/128 (Repeat 3/3),5.4941,13.3649,8.2872,0.4164,11.5972,6.5826,A,A,21
0,0,0,0,0,0,0,0,0,0,0,15.9084,32.7373,3169,1.9533070183670096,0.3,12.1183,[FOCUS] Exact Point 38/128 (Repeat 2/3),6.3243,14.8895,9.5841,1.0189,13.7639,8.5918,A,A,23
0,0,0,0,0,0,0,0,0,0,1,15.9084,32.7373,3168,2.723907620103221,inf,12.1183,[FOCUS] Exact Point 38/128 (Repeat 1/3),6.3243,14.8895,9.5841,1.0189,13.7639,8.5918,A,A,22
0,0,0,0,0,0,0,0,0,0,0,15.9084,32.7373,3170,1.9505382063053216,0.3,12.1183,[FOCUS] Exact Point 38/128 (Repeat 3/3),6.3243,14.8895,9.5841,1.0189,13.7639,8.5918,A,A,21
0,0,0,0,0,0,0,0,0,0,0,20.1333,39.9623,3171,1.9460127688156839,0.3,16.6392,[FOCUS] Exact Point 39/128 (Repeat 1/3),9.0580,19.6702,11.0753,0.4631,17.9279,12.0849,A,A,23
0,0,0,0,0,0,0,0,0,0,0,20.1333,39.9623,3173,1.9454514894172672,0.3,16.6392,[FOCUS] Exact Point 39/128 (Repeat 3/3),9.0580,19.6702,11.0753,0.4631,17.9279,12.0849,A,A,23
0,0,0,0,0,0,0,0,0,0,0,20.1333,39.9623,3172,6.333952442005231,4.3,16.6392,[FOCUS] Exact Point 39/128 (Repeat 2/3),9.0580,19.6702,11.0753,0.4631,17.9279,12.0849,A,A,22
0,0,0,0,0,0,0,0,0,0,0,16.1612,30.0829,3175,1.9453273012601795,0.3,10.0513,[FOCUS] Exact Point 40/128 (Repeat 2/3),5.4414,13.2666,10.7198,2.8946,13.9395,8.9042,A,A,23
0,0,0,0,0,0,0,0,0,0,0,16.1612,30.0829,3174,2.9876875542884584,inf,10.0513,[FOCUS] Exact Point 40/128 (Repeat 1/3),5.4414,13.2666,10.7198,2.8946,13.9395,8.9042,A,A,21
0,0,0,0,0,0,0,0,0,0,0,16.1612,30.0829,3176,2.3396658891308513,inf,10.0513,[FOCUS] Exact Point 40/128 (Repeat 3/3),5.4414,13.2666,10.7198,2.8946,13.9395,8.9042,A,A,22
0,0,0,0,0,0,0,0,0,0,0,23.1692,38.4472,3177,1.9499410884668749,0.3,11.5554,[FOCUS] Exact Point 41/128 (Repeat 1/3),8.4447,18.6237,14.7245,4.5455,19.3213,12.4383,A,A,23
0,0,0,0,0,0,0,0,0,0,0,23.1692,38.4472,3178,5.581889256470414,inf,11.5554,[FOCUS] Exact Point 41/128 (Repeat 2/3),8.4447,18.6237,14.7245,4.5455,19.3213,12.4383,A,A,21
0,0,0,0,0,0,0,0,0,0,0,23.1692,38.4472,3179,5.478330889867186,inf,11.5554,[FOCUS] Exact Point 41/128 (Repeat 3/3),8.4447,18.6237,14.7245,4.5455,19.3213,12.4383,A,A,22
0,0,0,0,0,0,0,0,0,0,0,24.0866,32.8430,3180,16.270603487222605,inf,23.6441,[FOCUS] Exact Point 42/128 (Repeat 1/3),6.3608,14.9556,17.7258,9.1310,25.9041,23.9320,A,A,21
0,0,0,0,0,0,0,0,0,0,0,24.0866,32.8430,3181,16.650562411831654,inf,23.6441,[FOCUS] Exact Point 42/128 (Repeat 2/3),6.3608,14.9556,17.7258,9.1310,25.9041,23.9320,A,A,22
0,0,0,0,1,1,1,1,1,1,1,23.4733,31.9935,3184,1.9121773636858246,0.9,22.4265,[FOCUS] Exact Point 43/128 (Repeat 2/3),6.0703,14.4275,17.4030,9.0458,24.9836,22.8906,A,A,22
0,0,0,0,0,0,0,0,0,0,0,24.0866,32.8430,3182,16.610683107042586,inf,23.6441,[FOCUS] Exact Point 42/128 (Repeat 3/3),6.3608,14.9556,17.7258,9.1310,25.9041,23.9320,A,A,21
0,0,0,0,0,0,0,0,0,0,0,23.4733,31.9935,3185,1.9446248585984085,0.3,22.4265,[FOCUS] Exact Point 43/128 (Repeat 3/3),6.0703,14.4275,17.4030,9.0458,24.9836,22.8906,A,A,22
0,0,0,0,0,0,0,0,0,0,1,16.4587,33.4381,3186,1.3245117521172207,inf,10.3168,[FOCUS] Exact Point 44/128 (Repeat 1/3),6.5683,15.3300,9.8904,1.1287,13.5158,7.6495,A,A,21
0,0,0,0,0,0,0,0,0,0,1,16.4587,33.4381,3187,1.1369005259677558,inf,10.3168,[FOCUS] Exact Point 44/128 (Repeat 2/3),6.5683,15.3300,9.8904,1.1287,13.5158,7.6495,A,A,21
-1,-1,-1,-1,-1,-1,-1,-1,-1,-1,-1,23.4733,31.9935,3183,inf,inf,22.4265,[FOCUS] Exact Point 43/128 (Repeat 1/3) [ERROR: TIMEOUT],,,,,,,,,
0,0,0,0,0,0,0,0,0,0,1,16.4587,33.4381,3188,1.5314918873147665,inf,10.3168,[FOCUS] Exact Point 44/128 (Repeat 3/3),6.5683,15.3300,9.8904,1.1287,13.5158,7.6495,A,A,21
0,0,0,0,0,0,0,0,0,0,0,15.3442,31.7149,3190,2.556901750750912,inf,11.4994,[FOCUS] Exact Point 45/128 (Repeat 2/3),5.9765,14.2559,9.3677,1.0883,13.2251,8.1548,A,A,21
0,0,0,0,0,0,0,0,0,0,0,15.3442,31.7149,3191,2.5561125510270353,inf,11.4994,[FOCUS] Exact Point 45/128 (Repeat 3/3),5.9765,14.2559,9.3677,1.0883,13.2251,8.1548,A,A,21
0,0,0,0,0,0,0,0,0,0,0,18.1355,33.8306,3193,2.834242689193005,inf,10.1559,[FOCUS] Exact Point 46/128 (Repeat 2/3),6.7069,15.5788,11.4286,2.5567,15.0343,9.0163,A,A,21
-1,-1,-1,-1,-1,-1,-1,-1,-1,-1,-1,15.3442,31.7149,3189,inf,inf,11.4994,[FOCUS] Exact Point 45/128 (Repeat 1/3) [ERROR: TIMEOUT],,,,,,,,,
0,0,0,0,0,0,0,0,0,0,0,18.1355,33.8306,3194,2.5416295644393974,inf,10.1559,[FOCUS] Exact Point 46/128 (Repeat 3/3),6.7069,15.5788,11.4286,2.5567,15.0343,9.0163,A,A,21
-1,-1,-1,-1,-1,-1,-1,-1,-1,-1,-1,18.1355,33.8306,3192,inf,inf,10.1559,[FOCUS] Exact Point 46/128 (Repeat 1/3) [ERROR: TIMEOUT],,,,,,,,,
0,0,0,0,0,0,0,0,0,0,0,14.7306,31.1757,3195,6.0062893217481195,inf,17.6563,[FOCUS] Exact Point 47/128 (Repeat 1/3),5.7970,13.9261,8.9336,0.8045,14.7681,11.5576,A,A,21
0,0,0,0,0,0,0,0,0,0,0,14.7306,31.1757,3196,5.631256691817978,2.9,17.6563,[FOCUS] Exact Point 47/128 (Repeat 2/3),5.7970,13.9261,8.9336,0.8045,14.7681,11.5576,A,A,22
0,0,0,0,0,0,0,0,0,0,0,24.9848,37.1745,3198,5.95003336627681,inf,10.0619,[FOCUS] Exact Point 48/128 (Repeat 1/3),7.9459,17.7626,17.0389,7.2222,20.9229,13.9645,A,A,22
0,0,0,0,0,0,0,0,0,0,0,14.7306,31.1757,3197,5.648315379958152,inf,17.6563,[FOCUS] Exact Point 47/128 (Repeat 3/3),5.7970,13.9261,8.9336,0.8045,14.7681,11.5576,A,A,21
0,0,0,0,0,0,0,0,0,0,0,24.9848,37.1745,3201,6.103262205452476,inf,10.0619,[FOCUS] Exact Point 48/128 (Repeat 3/3),7.9459,17.7626,17.0389,7.2222,20.9229,13.9645,A,A,21
0,0,0,0,0,0,0,0,0,0,0,24.2511,31.8674,3199,16.876173447236386,inf,22.9481,[FOCUS] Error Recovery (Shifted from Loop 3183),6.0277,14.3497,18.2234,9.9014,25.9535,24.0388,A,A,23
0,0,0,0,0,0,0,0,0,0,0,19.7071,37.3713,3202,9.067085826455402,inf,20.3552,[FOCUS] Exact Point 49/128 (Repeat 1/3),8.0221,17.8947,11.6850,1.8124,19.5795,15.4929,A,A,21
0,0,0,0,0,0,0,0,0,0,0,19.7071,37.3713,3203,7.505552873427076,inf,20.3552,[FOCUS] Exact Point 49/128 (Repeat 2/3),8.0221,17.8947,11.6850,1.8124,19.5795,15.4929,A,A,23
-1,-1,-1,-1,-1,-1,-1,-1,-1,-1,-1,24.9848,37.1745,3200,inf,inf,10.0619,[FOCUS] Exact Point 48/128 (Repeat 2/3) [ERROR: TIMEOUT],,,,,,,,,
0,0,0,0,0,0,0,0,0,0,0,19.7071,37.3713,3204,10.143259355003682,inf,20.3552,[FOCUS] Exact Point 49/128 (Repeat 3/3),8.0221,17.8947,11.6850,1.8124,19.5795,15.4929,A,A,21
0,0,0,0,0,0,0,0,0,0,1,17.0458,33.9471,3206,2.07937519140948,inf,10.5052,[FOCUS] Error Recovery (Shifted from Loop 3192),6.7483,15.6530,10.2975,1.3928,14.0386,8.0871,A,A,21
0,0,0,0,0,0,0,0,0,0,1,19.5462,38.3007,3207,1.8643745403039615,inf,10.3225,[FOCUS] Exact Point 50/128 (Repeat 1/3),8.3865,18.5237,11.1597,1.0225,15.2520,8.0578,A,A,21
-1,-1,-1,-1,-1,-1,-1,-1,-1,-1,-1,15.559850447988225,31.870453966413066,3205,inf,inf,12.335777803426312,[FOCUS] Error Recovery (Shifted from Loop 3189) [ERROR: TIMEOUT],,,,,,,,,
0,0,0,0,0,0,0,0,0,0,1,19.5462,38.3007,3209,1.4526667699708185,inf,10.3225,[FOCUS] Exact Point 50/128 (Repeat 3/3),8.3865,18.5237,11.1597,1.0225,15.2520,8.0578,A,A,21
0,0,0,0,0,0,0,0,0,0,0,24.9811,39.8902,3210,7.931654712767526,inf,13.4416,[FOCUS] Exact Point 51/128 (Repeat 1/3),9.0284,19.6199,15.9527,5.3612,21.4795,14.7398,A,A,21
-1,-1,-1,-1,-1,-1,-1,-1,-1,-1,-1,19.5462,38.3007,3208,inf,inf,10.3225,[FOCUS] Exact Point 50/128 (Repeat 2/3) [ERROR: TIMEOUT],,,,,,,,,
0,0,0,0,0,0,0,0,0,0,0,24.9811,39.8902,3211,11.062155413363552,inf,13.4416,[FOCUS] Exact Point 51/128 (Repeat 2/3),9.0284,19.6199,15.9527,5.3612,21.4795,14.7398,A,A,23
0,0,0,0,0,0,0,0,0,0,0,24.9811,39.8902,3212,6.426410352592206,inf,13.4416,[FOCUS] Exact Point 51/128 (Repeat 3/3),9.0284,19.6199,15.9527,5.3612,21.4795,14.7398,A,A,21
0,0,0,0,0,0,0,0,0,0,0,17.0938,32.5356,3214,2.3682571205044014,inf,10.0302,[FOCUS] Exact Point 52/128 (Repeat 2/3),6.2549,14.7637,10.8389,2.3301,14.2797,8.5776,A,A,21
0,0,0,0,0,0,0,0,0,0,0,17.0938,32.5356,3215,2.912316507746266,inf,10.0302,[FOCUS] Exact Point 52/128 (Repeat 3/3),6.2549,14.7637,10.8389,2.3301,14.2797,8.5776,A,A,22
-1,-1,-1,-1,-1,-1,-1,-1,-1,-1,-1,17.0938,32.5356,3213,inf,inf,10.0302,[FOCUS] Exact Point 52/128 (Repeat 1/3) [ERROR: TIMEOUT],,,,,,,,,
0,0,0,0,0,0,0,0,0,0,0,18.5755,37.8981,3216,4.195576566051123,inf,14.4426,[FOCUS] Exact Point 53/128 (Repeat 1/3),8.2277,18.2501,10.3478,0.3254,16.0197,10.1095,A,A,21
0,0,0,0,0,0,0,0,0,0,0,24.9036,36.9020,3217,6.21281987558842,inf,10.1115,[FOCUS] Error Recovery (Shifted from Loop 3200),7.8411,17.5804,17.0625,7.3232,20.9402,14.0707,A,A,22
0,0,0,0,0,0,0,0,0,0,0,15.5911,31.3032,3218,3.6734152144562064,inf,12.8923,[FOCUS] Error Recovery (Shifted from Loop 3205),5.8392,14.0038,9.7520,1.5874,14.0274,9.4558,A,A,21
0,0,0,0,0,0,0,0,0,0,0,18.5755,37.8981,3219,4.331635845187064,inf,14.4426,[FOCUS] Exact Point 53/128 (Repeat 2/3),8.2277,18.2501,10.3478,0.3254,16.0197,10.1095,A,A,22
0,0,0,0,0,0,0,0,0,0,0,18.5755,37.8981,3220,4.493979960875223,inf,14.4426,[FOCUS] Exact Point 53/128 (Repeat 3/3),8.2277,18.2501,10.3478,0.3254,16.0197,10.1095,A,A,21
0,0,0,0,0,0,0,0,0,0,0,23.7643,39.8270,3221,4.390669063778958,inf,10.1179,[FOCUS] Exact Point 54/128 (Repeat 1/3),9.0024,19.5758,14.7619,4.1885,18.9161,11.2415,A,A,22
0,0,0,0,0,0,0,0,0,0,1,19.5475,38.3591,3223,1.1519322250483346,inf,10.0000,[FOCUS] Error Recovery (Shifted from Loop 3208),8.4097,18.5636,11.1378,0.9839,15.1076,7.8053,A,A,21
0,0,0,0,0,0,0,0,0,0,0,23.7643,39.8270,3224,3.8048479980516925,inf,10.1179,[FOCUS] Exact Point 54/128 (Repeat 3/3),9.0024,19.5758,14.7619,4.1885,18.9161,11.2415,A,A,22
0,0,0,0,0,0,0,0,0,0,1,17.3550,34.0816,3225,2.659729759353125,inf,11.4574,[FOCUS] Exact Point 55/128 (Repeat 1/3),6.7963,15.7388,10.5587,1.6162,14.6531,8.9329,A,A,21
-1,-1,-1,-1,-1,-1,-1,-1,-1,-1,-1,23.7643,39.827,3222,inf,inf,10.1179,[FOCUS] Exact Point 54/128 (Repeat 2/3) [ERROR: TIMEOUT],,,,,,,,,
0,0,0,0,0,0,0,0,0,0,1,17.3550,34.0816,3226,2.306810823116251,1.8,11.4574,[FOCUS] Exact Point 55/128 (Repeat 2/3),6.7963,15.7388,10.5587,1.6162,14.6531,8.9329,A,A,21
0,0,0,0,0,0,0,0,0,0,0,20.4102,36.4079,3228,2.4940825049329245,inf,10.0607,[FOCUS] Exact Point 56/128 (Repeat 1/3),7.6527,17.2519,12.7575,3.1583,16.5696,9.8213,A,A,22
0,0,0,0,0,0,0,0,0,0,0,17.3550,34.0816,3227,2.9132025133719957,inf,11.4574,[FOCUS] Exact Point 55/128 (Repeat 3/3),6.7963,15.7388,10.5587,1.6162,14.6531,8.9329,A,A,21
0,0,0,0,0,0,0,0,0,0,0,20.4102,36.4079,3230,2.799612646907626,inf,10.0607,[FOCUS] Exact Point 56/128 (Repeat 2/3),7.6527,17.2519,12.7575,3.1583,16.5696,9.8213,A,A,21
0,0,0,0,0,0,0,0,0,1,1,17.2171,32.9309,3229,0.5891314501959243,inf,10.6531,[FOCUS] Error Recovery (Shifted from Loop 3213),6.3912,15.0107,10.8259,2.2064,14.5194,8.8847,A,A,22
0,0,0,0,0,0,0,0,0,0,1,21.0256,38.3234,3232,1.848979890370256,inf,10.0359,[FOCUS] Exact Point 57/128 (Repeat 1/3),8.3955,18.5392,12.6301,2.4864,16.6109,9.3287,A,A,22
0,0,0,0,0,0,0,0,0,0,1,21.0256,38.3234,3233,2.0744712919340893,inf,10.0359,[FOCUS] Exact Point 57/128 (Repeat 2/3),8.3955,18.5392,12.6301,2.4864,16.6109,9.3287,A,A,22
0,0,0,0,0,0,0,0,0,0,1,21.0256,38.3234,3234,1.6607400836154682,inf,10.0359,[FOCUS] Exact Point 57/128 (Repeat 3/3),8.3955,18.5392,12.6301,2.4864,16.6109,9.3287,A,A,21
0,0,0,0,0,0,0,0,0,0,0,23.7278,39.4745,3235,4.75358103704731,inf,10.6356,[FOCUS] Error Recovery (Shifted from Loop 3222),8.8582,19.3307,14.8695,4.3970,19.2016,11.7728,A,A,22
-1,-1,-1,-1,-1,-1,-1,-1,-1,-1,-1,20.4102,36.4079,3231,inf,inf,10.0607,[FOCUS] Exact Point 56/128 (Repeat 3/3) [ERROR: TIMEOUT],,,,,,,,,
0,0,0,0,0,0,0,0,0,0,0,20.6076,36.9318,3236,11.852433107564016,inf,22.8700,[FOCUS] Exact Point 58/128 (Repeat 1/3),7.8525,17.6003,12.7551,3.0073,21.5318,18.2756,A,A,21
0,0,0,0,0,0,0,0,0,0,0,20.6076,36.9318,3237,11.572239306129545,inf,22.8700,[FOCUS] Exact Point 58/128 (Repeat 2/3),7.8525,17.6003,12.7551,3.0073,21.5318,18.2756,A,A,22
0,0,0,0,0,0,0,0,0,0,0,20.6076,36.9318,3238,11.73034701359447,inf,22.8700,[FOCUS] Exact Point 58/128 (Repeat 3/3),7.8525,17.6003,12.7551,3.0073,21.5318,18.2756,A,A,21
0,0,0,0,0,0,0,0,1,1,1,14.8821,31.1736,3239,0.12873131223897397,inf,10.0399,[FOCUS] Exact Point 59/128 (Repeat 1/3),5.7963,13.9248,9.0858,0.9573,12.4033,7.0716,A,A,22
0,0,0,0,0,0,0,0,0,1,1,14.8821,31.1736,3240,0.2970916231992694,inf,10.0399,[FOCUS] Exact Point 59/128 (Repeat 2/3),5.7963,13.9248,9.0858,0.9573,12.4033,7.0716,A,A,21
0,0,0,0,0,0,0,0,1,1,1,14.8821,31.1736,3241,0.15492512337897302,inf,10.0399,[FOCUS] Exact Point 59/128 (Repeat 3/3),5.7963,13.9248,9.0858,0.9573,12.4033,7.0716,A,A,22
0,0,0,0,0,0,0,0,0,0,0,19.3402,36.7196,3243,5.268245377638817,inf,14.3304,[FOCUS] Exact Point 60/128 (Repeat 2/3),7.7713,17.4588,11.5689,1.8814,17.0403,11.4176,A,A,21
0,0,0,0,0,0,0,0,0,0,0,19.3402,36.7196,3242,5.350849141835907,inf,14.3304,[FOCUS] Exact Point 60/128 (Repeat 1/3),7.7713,17.4588,11.5689,1.8814,17.0403,11.4176,A,A,23
0,0,0,0,0,0,0,0,0,0,0,19.3402,36.7196,3244,4.6139845202634,inf,14.3304,[FOCUS] Exact Point 60/128 (Repeat 3/3),7.7713,17.4588,11.5689,1.8814,17.0403,11.4176,A,A,22
0,0,0,0,0,0,0,0,0,0,0,16.7919,35.4050,3245,8.37901268640906,inf,22.6997,[FOCUS] Exact Point 61/128 (Repeat 1/3),7.2774,16.5928,9.5145,0.1991,17.9048,15.0009,A,A,21
0,0,0,0,0,0,0,0,0,0,0,16.7919,35.4050,3246,8.81415098961848,inf,22.6997,[FOCUS] Exact Point 61/128 (Repeat 2/3),7.2774,16.5928,9.5145,0.1991,17.9048,15.0009,A,A,22
0,0,0,0,0,0,0,0,0,0,0,20.9417,36.5717,3247,3.0284701544825867,inf,10.5114,[FOCUS] Error Recovery (Shifted from Loop 3231),7.7149,17.3605,13.2268,3.5812,17.2256,10.5602,A,A,21
0,0,0,0,0,0,0,0,1,1,1,17.0807,35.7586,3249,0.7627702626894318,inf,11.5863,[FOCUS] Exact Point 62/128 (Repeat 1/3),7.4086,16.8240,9.6721,0.2567,13.9926,7.8535,A,A,21
0,0,0,0,0,0,0,0,0,0,0,16.7919,35.4050,3248,8.775611624385439,inf,22.6997,[FOCUS] Exact Point 61/128 (Repeat 3/3),7.2774,16.5928,9.5145,0.1991,17.9048,15.0009,A,A,23
0,0,0,0,0,0,0,0,0,0,1,17.0807,35.7586,3250,1.628677079562397,inf,11.5863,[FOCUS] Exact Point 62/128 (Repeat 2/3),7.4086,16.8240,9.6721,0.2567,13.9926,7.8535,A,A,21
0,0,0,0,0,0,0,0,0,0,0,17.0807,35.7586,3251,2.954193000582396,inf,11.5863,[FOCUS] Exact Point 62/128 (Repeat 3/3),7.4086,16.8240,9.6721,0.2567,13.9926,7.8535,A,A,23
0,0,0,0,0,0,0,0,0,1,1,16.9339,35.7778,3252,1.0722435563414159,inf,11.5442,[FOCUS] Exact Point 63/128 (Repeat 1/3),7.4158,16.8366,9.5181,0.0973,13.8250,7.6687,A,A,22
0,0,0,0,0,0,0,0,0,0,1,16.9339,35.7778,3253,1.6941818946303036,inf,11.5442,[FOCUS] Exact Point 63/128 (Repeat 2/3),7.4158,16.8366,9.5181,0.0973,13.8250,7.6687,A,A,21
1,0,0,0,0,0,0,1,1,1,1,16.9339,35.7778,3254,0.0,0.0,11.5442,[FOCUS] Exact Point 63/128 (Repeat 3/3),7.4158,16.8366,9.5181,0.0973,13.8250,7.6687,A,A,23
0,0,0,0,0,0,0,0,0,0,0,20.7492,33.9942,3255,3.7429850687186472,4.9,10.1102,[FOCUS] Exact Point 64/128 (Repeat 1/3),6.7651,15.6830,13.9841,5.0662,17.5889,11.5136,A,A,22
0,0,0,0,0,0,0,0,0,0,0,20.7492,33.9942,3256,3.936090522233553,inf,10.1102,[FOCUS] Exact Point 64/128 (Repeat 2/3),6.7651,15.6830,13.9841,5.0662,17.5889,11.5136,A,A,23
0,0,0,0,0,0,0,0,0,0,0,20.7492,33.9942,3257,3.063643710435688,2.6,10.1102,[FOCUS] Exact Point 64/128 (Repeat 3/3),6.7651,15.6830,13.9841,5.0662,17.5889,11.5136,A,A,22
0,0,0,0,0,0,0,0,0,0,0,20.2746,36.5745,3258,11.168919176947396,inf,22.2854,[FOCUS] Exact Point 65/128 (Repeat 1/3),7.7160,17.3624,12.5586,2.9122,21.0372,17.7092,A,A,23
0,0,0,0,0,0,0,0,0,0,0,20.2746,36.5745,3259,12.061369009935433,inf,22.2854,[FOCUS] Exact Point 65/128 (Repeat 2/3),7.7160,17.3624,12.5586,2.9122,21.0372,17.7092,A,A,22
0,0,0,0,0,0,0,0,0,0,0,20.2746,36.5745,3260,10.943055285828175,inf,22.2854,[FOCUS] Exact Point 65/128 (Repeat 3/3),7.7160,17.3624,12.5586,2.9122,21.0372,17.7092,A,A,21
0,0,0,0,0,0,0,0,0,0,0,15.7317,31.9032,3261,7.865490357151034,4.7,21.2087,[FOCUS] Exact Point 66/128 (Repeat 1/3),6.0398,14.3718,9.6919,1.3599,16.8431,14.4335,A,A,23
0,0,0,0,0,0,0,0,0,0,0,15.7317,31.9032,3262,7.941139997107235,inf,21.2087,[FOCUS] Exact Point 66/128 (Repeat 2/3),6.0398,14.3718,9.6919,1.3599,16.8431,14.4335,A,A,22
0,0,0,0,0,0,0,0,0,0,0,15.7317,31.9032,3263,7.986471682178882,inf,21.2087,[FOCUS] Exact Point 66/128 (Repeat 3/3),6.0398,14.3718,9.6919,1.3599,16.8431,14.4335,A,A,21
0,0,0,0,1,1,1,1,1,1,1,24.8651,32.1914,3264,1.9153288770918153,0.3,10.0182,[FOCUS] Exact Point 67/128 (Repeat 1/3),6.1374,14.5499,18.7277,10.3152,22.1325,16.5201,A,A,23
0,0,0,0,0,1,1,1,1,1,1,24.8651,32.1914,3265,1.9251839986405999,0.3,10.0182,[FOCUS] Exact Point 67/128 (Repeat 2/3),6.1374,14.5499,18.7277,10.3152,22.1325,16.5201,A,A,22
0,0,0,0,0,1,1,1,1,1,1,24.8651,32.1914,3266,1.9196975880578526,0.3,10.0182,[FOCUS] Exact Point 67/128 (Repeat 3/3),6.1374,14.5499,18.7277,10.3152,22.1325,16.5201,A,A,21
0,0,0,0,0,0,0,1,1,1,1,21.5948,31.9810,3267,1.8719219566981427,0.3,24.9101,[FOCUS] Exact Point 68/128 (Repeat 1/3),6.0661,14.4198,15.5287,7.1750,23.9460,22.5499,A,A,23
0,0,0,0,0,0,0,1,1,1,1,21.5948,31.9810,3268,1.8806910081092103,0.3,24.9101,[FOCUS] Exact Point 68/128 (Repeat 2/3),6.0661,14.4198,15.5287,7.1750,23.9460,22.5499,A,A,22
0,0,0,0,0,0,0,1,1,1,1,21.5948,31.9810,3269,1.8784522634472989,0.3,24.9101,[FOCUS] Exact Point 68/128 (Repeat 3/3),6.0661,14.4198,15.5287,7.1750,23.9460,22.5499,A,A,21
0,0,0,0,0,0,0,0,0,0,0,24.8128,32.1510,3270,1.9478478964447952,0.3,10.0051,[FOCUS] Exact Point 69/128 (Repeat 1/3),6.1237,14.5249,18.6891,10.2879,22.0857,16.4806,A,A,23
0,0,0,0,0,0,0,0,0,0,0,24.8128,32.1510,3271,1.9414780132678742,0.3,10.0051,[FOCUS] Exact Point 69/128 (Repeat 2/3),6.1237,14.5249,18.6891,10.2879,22.0857,16.4806,A,A,22
0,0,0,0,0,0,0,0,0,0,0,24.8128,32.1510,3272,1.9505708639012347,0.3,10.0051,[FOCUS] Exact Point 69/128 (Repeat 3/3),6.1237,14.5249,18.6891,10.2879,22.0857,16.4806,A,A,21
0,0,0,0,0,0,0,0,0,0,0,18.7923,30.7377,3273,62.57188378403791,inf,22.0813,[FOCUS] Exact Point 70/128 (Repeat 1/3),5.6531,13.6603,13.1392,5.1320,20.3463,18.4815,A,A,23
0,0,0,0,0,0,0,0,0,0,0,18.7923,30.7377,3274,1.9500118031059437,0.3,22.0813,[FOCUS] Exact Point 70/128 (Repeat 2/3),5.6531,13.6603,13.1392,5.1320,20.3463,18.4815,A,A,22
0,0,0,0,0,0,0,0,0,0,0,18.7923,30.7377,3275,1.948925419209876,0.3,22.0813,[FOCUS] Exact Point 70/128 (Repeat 3/3),5.6531,13.6603,13.1392,5.1320,20.3463,18.4815,A,A,21
0,0,0,0,0,0,0,0,0,0,0,18.0164,30.6456,3277,1.9474650402342133,0.3,13.0309,[FOCUS] Exact Point 71/128 (Repeat 2/3),5.6231,13.6046,12.3933,4.4118,16.6353,12.2775,A,A,21
0,0,0,0,0,0,0,0,0,0,0,18.0164,30.6456,3276,1.950138442838548,0.3,13.0309,[FOCUS] Exact Point 71/128 (Repeat 1/3),5.6231,13.6046,12.3933,4.4118,16.6353,12.2775,A,A,22
0,0,0,0,0,0,0,0,0,0,0,18.0164,30.6456,3278,1.951593587595404,0.3,13.0309,[FOCUS] Exact Point 71/128 (Repeat 3/3),5.6231,13.6046,12.3933,4.4118,16.6353,12.2775,A,A,21
0,0,0,0,0,0,0,0,0,0,0,22.4509,39.8940,3279,1.9483010160674643,0.3,15.4133,[FOCUS] Exact Point 72/128 (Repeat 1/3),9.0299,19.6225,13.4210,2.8284,19.7590,13.5833,A,A,21
0,0,0,0,0,0,0,0,0,0,0,22.4509,39.8940,3281,1.9516180860709798,0.3,15.4133,[FOCUS] Exact Point 72/128 (Repeat 3/3),9.0299,19.6225,13.4210,2.8284,19.7590,13.5833,A,A,21
0,0,0,0,0,0,0,0,0,0,0,22.4509,39.8940,3280,7.11395455203953,inf,15.4133,[FOCUS] Exact Point 72/128 (Repeat 2/3),9.0299,19.6225,13.4210,2.8284,19.7590,13.5833,A,A,23
0,0,0,0,0,0,0,0,0,0,1,13.3770,30.0476,3282,4.727236282083752,inf,17.6274,[FOCUS] Exact Point 73/128 (Repeat 1/3),5.4301,13.2455,7.9469,0.1315,13.5876,10.6645,A,A,22
0,0,0,0,0,0,0,0,0,0,1,13.3770,30.0476,3283,4.297875435814899,inf,17.6274,[FOCUS] Exact Point 73/128 (Repeat 2/3),5.4301,13.2455,7.9469,0.1315,13.5876,10.6645,A,A,23
0,0,0,0,0,0,0,0,0,0,0,19.8029,33.0018,3285,9.938165815881636,inf,18.2128,[FOCUS] Exact Point 74/128 (Repeat 1/3),6.4158,15.0552,13.3871,4.7477,19.7135,16.1782,A,A,22
0,0,0,0,0,0,0,0,0,0,0,13.3770,30.0476,3284,5.391019084229227,inf,17.6274,[FOCUS] Exact Point 73/128 (Repeat 3/3),5.4301,13.2455,7.9469,0.1315,13.5876,10.6645,A,A,21
0,0,0,0,0,0,0,0,0,0,0,19.8029,33.0018,3286,9.513213263856414,inf,18.2128,[FOCUS] Exact Point 74/128 (Repeat 2/3),6.4158,15.0552,13.3871,4.7477,19.7135,16.1782,A,A,23
0,0,0,0,0,0,0,0,0,0,0,19.8029,33.0018,3287,9.817805450293282,inf,18.2128,[FOCUS] Exact Point 74/128 (Repeat 3/3),6.4158,15.0552,13.3871,4.7477,19.7135,16.1782,A,A,22
0,0,0,0,0,0,0,0,0,0,0,20.1372,35.2195,3288,11.393682140730924,inf,20.9195,[FOCUS] Exact Point 75/128 (Repeat 1/3),7.2090,16.4720,12.9282,3.6652,20.6246,17.2667,A,A,21
0,0,0,0,0,0,0,0,0,0,0,20.1372,35.2195,3289,11.010500446242778,inf,20.9195,[FOCUS] Exact Point 75/128 (Repeat 2/3),7.2090,16.4720,12.9282,3.6652,20.6246,17.2667,A,A,23
0,0,0,0,0,0,0,0,0,0,0,20.1372,35.2195,3290,10.047938484988245,inf,20.9195,[FOCUS] Exact Point 75/128 (Repeat 3/3),7.2090,16.4720,12.9282,3.6652,20.6246,17.2667,A,A,22
0,0,0,0,0,0,0,0,0,0,0,19.9958,35.8164,3291,9.876845120886008,inf,20.6500,[FOCUS] Exact Point 76/128 (Repeat 1/3),7.4302,16.8619,12.5656,3.1339,20.2770,16.6856,A,A,21
0,0,0,0,0,0,0,0,0,0,0,19.9958,35.8164,3292,11.056410310180457,inf,20.6500,[FOCUS] Exact Point 76/128 (Repeat 2/3),7.4302,16.8619,12.5656,3.1339,20.2770,16.6856,A,A,23
0,0,0,0,0,0,0,0,0,0,0,21.9197,34.5553,3294,9.806430941045853,inf,15.3935,[FOCUS] Exact Point 77/128 (Repeat 1/3),6.9666,16.0424,14.9531,5.8773,20.5217,15.7818,A,A,21
0,0,0,0,0,0,0,0,0,0,0,19.9958,35.8164,3293,10.331485935783844,inf,20.6500,[FOCUS] Exact Point 76/128 (Repeat 3/3),7.4302,16.8619,12.5656,3.1339,20.2770,16.6856,A,A,22
0,0,0,0,0,0,0,0,0,0,0,18.5878,34.5872,3297,3.077141456433421,inf,11.0352,[FOCUS] Exact Point 78/128 (Repeat 1/3),6.9782,16.0630,11.6096,2.5248,15.6049,9.6287,A,A,22
0,0,0,0,0,0,0,0,0,0,0,21.9197,34.5553,3296,9.965313434323598,inf,15.3935,[FOCUS] Exact Point 77/128 (Repeat 3/3),6.9666,16.0424,14.9531,5.8773,20.5217,15.7818,A,A,21
0,0,0,0,0,0,0,0,0,0,0,21.9197,34.5553,3295,9.217650121811346,inf,15.3935,[FOCUS] Exact Point 77/128 (Repeat 2/3),6.9666,16.0424,14.9531,5.8773,20.5217,15.7818,A,A,23
0,0,0,0,0,0,0,0,0,0,0,18.5878,34.5872,3298,2.9879396328872203,inf,11.0352,[FOCUS] Exact Point 78/128 (Repeat 2/3),6.9782,16.0630,11.6096,2.5248,15.6049,9.6287,A,A,22
0,0,0,0,0,0,0,0,0,0,0,18.5878,34.5872,3299,3.373070767753757,inf,11.0352,[FOCUS] Exact Point 78/128 (Repeat 3/3),6.9782,16.0630,11.6096,2.5248,15.6049,9.6287,A,A,21
0,0,0,0,0,0,0,0,0,0,1,13.7379,30.1057,3300,1.6716725342085947,inf,11.8983,[FOCUS] Exact Point 79/128 (Repeat 1/3),5.4487,13.2802,8.2892,0.4577,12.1030,7.5744,A,A,23
0,0,0,0,0,0,0,0,0,0,0,13.7379,30.1057,3302,2.6620151932650025,inf,11.8983,[FOCUS] Exact Point 79/128 (Repeat 3/3),5.4487,13.2802,8.2892,0.4577,12.1030,7.5744,A,A,21
0,0,0,0,0,0,0,0,0,0,1,13.7379,30.1057,3301,2.0911119762352164,inf,11.8983,[FOCUS] Exact Point 79/128 (Repeat 2/3),5.4487,13.2802,8.2892,0.4577,12.1030,7.5744,A,A,22
0,0,0,0,0,0,0,0,0,0,0,19.1485,37.5608,3303,4.13836319845077,inf,10.3660,[FOCUS] Exact Point 80/128 (Repeat 1/3),8.0957,18.0222,11.0528,1.1263,15.0913,8.1131,A,A,23
0,0,0,0,0,0,0,0,0,0,1,19.1485,37.5608,3305,2.0819605309738454,inf,10.3660,[FOCUS] Exact Point 80/128 (Repeat 3/3),8.0957,18.0222,11.0528,1.1263,15.0913,8.1131,A,A,21
0,0,0,0,0,0,0,0,0,0,1,19.1485,37.5608,3304,1.2086017325066623,1.9,10.3660,[FOCUS] Exact Point 80/128 (Repeat 2/3),8.0957,18.0222,11.0528,1.1263,15.0913,8.1131,A,A,22
0,0,0,0,0,0,0,0,0,0,0,13.6338,30.2750,3306,3.8176855117644433,inf,14.6237,[FOCUS] Exact Point 81/128 (Repeat 1/3),5.5031,13.3816,8.1307,0.2522,12.8410,9.0242,A,A,23
0,0,0,0,0,0,0,0,0,0,0,13.6338,30.2750,3308,4.136582994009968,1.9,14.6237,[FOCUS] Exact Point 81/128 (Repeat 3/3),5.5031,13.3816,8.1307,0.2522,12.8410,9.0242,A,A,21
0,0,0,0,0,0,0,0,0,0,1,13.6338,30.2750,3307,2.878782336782489,inf,14.6237,[FOCUS] Exact Point 81/128 (Repeat 2/3),5.5031,13.3816,8.1307,0.2522,12.8410,9.0242,A,A,22
0,0,0,0,0,0,0,0,0,0,1,18.2935,33.0507,3309,1.789367189473711,2.4,10.0695,[FOCUS] Exact Point 82/128 (Repeat 1/3),6.4328,15.0859,11.8607,3.2076,15.3630,9.5323,A,A,23
0,0,0,0,0,0,0,0,0,0,0,18.2935,33.0507,3310,3.311683902341091,inf,10.0695,[FOCUS] Exact Point 82/128 (Repeat 2/3),6.4328,15.0859,11.8607,3.2076,15.3630,9.5323,A,A,21
0,0,0,0,0,0,0,0,0,0,0,18.2935,33.0507,3311,3.0488658112130613,inf,10.0695,[FOCUS] Exact Point 82/128 (Repeat 3/3),6.4328,15.0859,11.8607,3.2076,15.3630,9.5323,A,A,22
0,0,0,0,0,0,0,0,0,0,0,15.7745,32.1998,3313,5.078349149027079,inf,15.4450,[FOCUS] Exact Point 83/128 (Repeat 2/3),6.1402,14.5551,9.6343,1.2194,14.8845,10.7867,A,A,23
0,0,0,0,0,0,0,0,0,0,0,15.7745,32.1998,3314,5.336607487876338,inf,15.4450,[FOCUS] Exact Point 83/128 (Repeat 3/3),6.1402,14.5551,9.6343,1.2194,14.8845,10.7867,A,A,22
0,0,0,0,0,0,0,0,0,0,0,20.6610,39.9916,3315,3.5000565660784484,inf,11.9622,[FOCUS] Exact Point 84/128 (Repeat 1/3),9.0701,19.6907,11.5909,0.9703,16.5206,9.3290,A,A,23
0,0,0,0,0,0,0,0,0,0,0,20.6610,39.9916,3316,5.572759333680519,inf,11.9622,[FOCUS] Exact Point 84/128 (Repeat 2/3),9.0701,19.6907,11.5909,0.9703,16.5206,9.3290,A,A,22
-1,-1,-1,-1,-1,-1,-1,-1,-1,-1,-1,15.7745,32.1998,3312,inf,inf,15.445,[FOCUS] Exact Point 83/128 (Repeat 1/3) [ERROR: TIMEOUT],,,,,,,,,
0,0,0,0,0,0,0,0,0,0,0,20.6610,39.9916,3317,3.3103744632685976,inf,11.9622,[FOCUS] Exact Point 84/128 (Repeat 3/3),9.0701,19.6907,11.5909,0.9703,16.5206,9.3290,A,A,23
0,0,0,0,0,0,0,0,0,0,0,19.3231,35.1385,3318,10.92714900206856,inf,23.2630,[FOCUS] Exact Point 85/128 (Repeat 1/3),7.1792,16.4194,12.1439,2.9037,20.6850,18.0097,A,A,22
0,0,0,0,0,0,0,0,0,0,0,19.3231,35.1385,3319,10.980816114458701,inf,23.2630,[FOCUS] Exact Point 85/128 (Repeat 2/3),7.1792,16.4194,12.1439,2.9037,20.6850,18.0097,A,A,23
0,0,0,0,0,0,0,0,0,0,0,19.3231,35.1385,3320,11.198507137736089,inf,23.2630,[FOCUS] Exact Point 85/128 (Repeat 3/3),7.1792,16.4194,12.1439,2.9037,20.6850,18.0097,A,A,21
0,0,0,0,0,0,0,0,0,0,0,18.8523,36.4540,3321,9.750798192978037,inf,23.2689,[FOCUS] Exact Point 86/128 (Repeat 1/3),7.6702,17.2824,11.1821,1.5699,20.0089,16.9913,A,A,22
0,0,0,0,0,0,0,0,0,0,0,18.8523,36.4540,3322,9.580293432275818,inf,23.2689,[FOCUS] Exact Point 86/128 (Repeat 2/3),7.6702,17.2824,11.1821,1.5699,20.0089,16.9913,A,A,23
0,0,0,0,0,0,0,0,0,0,1,13.9213,30.7120,3324,2.124348996402351,inf,13.0876,[FOCUS] Exact Point 87/128 (Repeat 1/3),5.6447,13.6447,8.2766,0.2766,12.5451,8.1854,A,A,22
0,0,0,0,0,0,0,0,0,0,0,18.8523,36.4540,3323,10.364365444222075,inf,23.2689,[FOCUS] Exact Point 86/128 (Repeat 3/3),7.6702,17.2824,11.1821,1.5699,20.0089,16.9913,A,A,21
0,0,0,0,0,0,0,0,0,0,1,13.9213,30.7120,3325,2.435570815866879,inf,13.0876,[FOCUS] Exact Point 87/128 (Repeat 2/3),5.6447,13.6447,8.2766,0.2766,12.5451,8.1854,A,A,23
0,0,0,0,0,0,0,0,0,0,1,15.9004,31.9075,3327,1.8883056622179546,inf,10.3801,[FOCUS] Exact Point 88/128 (Repeat 1/3),6.0413,14.3745,9.8591,1.5259,13.3596,7.9249,A,A,21
0,0,0,0,0,0,0,0,0,0,1,15.9004,31.9075,3328,1.624409697598518,inf,10.3801,[FOCUS] Exact Point 88/128 (Repeat 2/3),6.0413,14.3745,9.8591,1.5259,13.3596,7.9249,A,A,23
0,0,0,0,0,0,0,0,0,0,1,13.9213,30.7120,3326,2.4317115114975256,inf,13.0876,[FOCUS] Exact Point 87/128 (Repeat 3/3),5.6447,13.6447,8.2766,0.2766,12.5451,8.1854,A,A,22
0,0,0,0,0,0,0,0,0,0,1,15.9004,31.9075,3329,1.8052126472846537,inf,10.3801,[FOCUS] Exact Point 88/128 (Repeat 3/3),6.0413,14.3745,9.8591,1.5259,13.3596,7.9249,A,A,21
0,0,0,0,0,0,0,0,0,0,0,15.7125,31.8240,3331,5.007545166657669,2.0,15.2589,[FOCUS] Error Recovery (Shifted from Loop 3312),6.0131,14.3230,9.6994,1.3895,14.8333,10.7832,A,A,23
0,0,0,0,0,0,0,0,0,0,0,23.5919,38.3404,3330,11.582721269965235,inf,19.1034,[FOCUS] Exact Point 89/128 (Repeat 1/3),8.4023,18.5508,15.1896,5.0411,22.7701,18.0687,A,A,22
0,0,0,0,0,0,0,0,0,0,0,23.5919,38.3404,3332,12.02903297427347,inf,19.1034,[FOCUS] Exact Point 89/128 (Repeat 2/3),8.4023,18.5508,15.1896,5.0411,22.7701,18.0687,A,A,21
0,0,0,0,0,0,0,0,0,0,1,15.0333,30.0968,3334,1.2884710688740582,inf,10.0231,[FOCUS] Exact Point 90/128 (Repeat 1/3),5.4458,13.2749,9.5875,1.7584,12.7994,7.7526,A,A,23
0,0,0,0,0,0,0,0,0,0,0,23.5919,38.3404,3333,11.527059360465152,inf,19.1034,[FOCUS] Exact Point 89/128 (Repeat 3/3),8.4023,18.5508,15.1896,5.0411,22.7701,18.0687,A,A,22
0,0,0,0,0,0,0,0,0,0,0,15.0333,30.0968,3335,2.04793552856825,inf,10.0231,[FOCUS] Exact Point 90/128 (Repeat 2/3),5.4458,13.2749,9.5875,1.7584,12.7994,7.7526,A,A,21
0,0,0,0,0,0,0,0,0,0,1,15.0333,30.0968,3336,0.7956500489023239,inf,10.0231,[FOCUS] Exact Point 90/128 (Repeat 3/3),5.4458,13.2749,9.5875,1.7584,12.7994,7.7526,A,A,23
0,0,0,0,0,0,0,0,0,0,0,14.5264,31.1395,3337,3.1231963442574,inf,11.7277,[FOCUS] Exact Point 91/128 (Repeat 1/3),5.7850,13.9040,8.7414,0.6224,12.6128,7.7605,A,A,22
0,0,0,0,0,0,0,0,0,0,1,14.5264,31.1395,3338,1.8142215048415042,inf,11.7277,[FOCUS] Exact Point 91/128 (Repeat 2/3),5.7850,13.9040,8.7414,0.6224,12.6128,7.7605,A,A,21
0,0,0,0,0,0,0,0,0,0,1,14.5264,31.1395,3339,2.270802204526375,inf,11.7277,[FOCUS] Exact Point 91/128 (Repeat 3/3),5.7850,13.9040,8.7414,0.6224,12.6128,7.7605,A,A,21
0,0,0,0,0,0,0,0,0,0,1,14.3404,31.1566,3340,1.7514861971832592,inf,11.8229,[FOCUS] Exact Point 92/128 (Repeat 1/3),5.7907,13.9144,8.5497,0.4260,12.4545,7.6240,A,A,21
0,0,0,0,0,0,0,0,0,0,1,14.3404,31.1566,3342,2.1079607546448034,inf,11.8229,[FOCUS] Exact Point 92/128 (Repeat 3/3),5.7907,13.9144,8.5497,0.4260,12.4545,7.6240,A,A,22
0,0,0,0,0,0,0,0,0,0,1,18.4917,34.8930,3343,1.9213004616842195,inf,10.0028,[FOCUS] Exact Point 93/128 (Repeat 1/3),7.0893,16.2603,11.4024,2.2314,15.0522,8.7018,A,A,22
0,0,0,0,0,0,0,0,0,0,1,18.4917,34.8930,3344,1.4241332618121079,inf,10.0028,[FOCUS] Exact Point 93/128 (Repeat 2/3),7.0893,16.2603,11.4024,2.2314,15.0522,8.7018,A,A,21
-1,-1,-1,-1,-1,-1,-1,-1,-1,-1,-1,14.3404,31.1566,3341,inf,inf,11.8229,[FOCUS] Exact Point 92/128 (Repeat 2/3) [ERROR: TIMEOUT],,,,,,,,,
0,0,0,0,0,0,0,0,0,0,1,18.4917,34.8930,3345,1.7108448411908876,inf,10.0028,[FOCUS] Exact Point 93/128 (Repeat 3/3),7.0893,16.2603,11.4024,2.2314,15.0522,8.7018,A,A,22
0,0,0,0,0,0,0,0,0,0,1,19.2708,38.5395,3346,3.3827235795353205,inf,14.5153,[FOCUS] Exact Point 94/128 (Repeat 1/3),8.4815,18.6867,10.7893,0.5841,16.5760,10.5122,A,A,21
0,0,0,0,0,0,0,0,0,0,0,19.2708,38.5395,3347,4.298798500427247,inf,14.5153,[FOCUS] Exact Point 94/128 (Repeat 2/3),8.4815,18.6867,10.7893,0.5841,16.5760,10.5122,A,A,22
0,0,0,0,0,0,0,0,0,0,1,19.2708,38.5395,3348,4.019082728563214,inf,14.5153,[FOCUS] Exact Point 94/128 (Repeat 3/3),8.4815,18.6867,10.7893,0.5841,16.5760,10.5122,A,A,21
0,0,0,0,0,0,0,0,0,1,1,15.6794,32.9960,3349,1.128444299679119,inf,10.8458,[FOCUS] Exact Point 95/128 (Repeat 1/3),6.4138,15.0515,9.2656,0.6279,13.0324,7.4342,A,A,22
0,0,0,0,0,0,0,0,0,0,1,15.6794,32.9960,3351,1.267094225095207,inf,10.8458,[FOCUS] Exact Point 95/128 (Repeat 3/3),6.4138,15.0515,9.2656,0.6279,13.0324,7.4342,A,A,21
0,0,0,0,0,0,0,0,0,0,0,24.9640,31.8037,3352,16.980594974477405,inf,21.9107,[FOCUS] Exact Point 96/128 (Repeat 1/3),6.0063,14.3105,18.9577,10.6535,26.3254,24.1376,A,A,22
0,0,0,0,0,0,0,0,0,0,0,24.9640,31.8037,3353,17.058492460070827,inf,21.9107,[FOCUS] Exact Point 96/128 (Repeat 2/3),6.0063,14.3105,18.9577,10.6535,26.3254,24.1376,A,A,21
0,0,0,0,0,0,0,0,0,0,0,24.9640,31.8037,3354,17.446145981100774,inf,21.9107,[FOCUS] Exact Point 96/128 (Repeat 3/3),6.0063,14.3105,18.9577,10.6535,26.3254,24.1376,A,A,22
-1,-1,-1,-1,-1,-1,-1,-1,-1,-1,-1,15.6794,32.996,3350,inf,inf,10.8458,[FOCUS] Exact Point 95/128 (Repeat 2/3) [ERROR: TIMEOUT],,,,,,,,,
0,0,0,0,0,0,0,0,0,0,1,14.1677,31.0851,3356,1.5988723538892267,inf,11.8168,[FOCUS] Error Recovery (Shifted from Loop 3341),5.7671,13.8709,8.4006,0.2968,12.2955,7.4825,A,A,22
0,0,0,0,0,0,0,0,0,0,0,23.9725,36.2702,3355,14.332463825297376,inf,21.2623,[FOCUS] Exact Point 97/128 (Repeat 1/3),7.6006,17.1608,16.3719,6.8117,24.4013,20.8635,A,A,21
0,0,0,0,0,0,0,0,0,0,0,23.9725,36.2702,3357,14.254984516395698,inf,21.2623,[FOCUS] Exact Point 97/128 (Repeat 2/3),7.6006,17.1608,16.3719,6.8117,24.4013,20.8635,A,A,22
0,0,0,0,0,0,0,0,0,0,0,23.9725,36.2702,3358,13.889035429019408,inf,21.2623,[FOCUS] Exact Point 97/128 (Repeat 3/3),7.6006,17.1608,16.3719,6.8117,24.4013,20.8635,A,A,21
0,0,0,0,0,0,0,0,0,0,0,19.8892,35.0312,3359,8.007368212654184,inf,15.8142,[FOCUS] Exact Point 98/128 (Repeat 1/3),7.1398,16.3498,12.7494,3.5394,18.5399,13.7912,A,A,22
0,0,0,0,0,0,0,0,0,0,0,19.8892,35.0312,3360,7.530662353063671,inf,15.8142,[FOCUS] Exact Point 98/128 (Repeat 2/3),7.1398,16.3498,12.7494,3.5394,18.5399,13.7912,A,A,21
0,0,0,0,0,0,0,0,0,0,0,19.8892,35.0312,3361,7.553762793050955,inf,15.8142,[FOCUS] Exact Point 98/128 (Repeat 3/3),7.1398,16.3498,12.7494,3.5394,18.5399,13.7912,A,A,23
0,0,0,0,0,0,0,0,0,0,0,22.8588,39.9874,3362,2.866519224379337,3.1,10.0687,[FOCUS] Exact Point 99/128 (Repeat 1/3),9.0684,19.6877,13.7904,3.1711,17.9394,10.2062,A,A,21
0,0,0,0,0,0,0,0,0,0,0,22.8588,39.9874,3363,3.549249504789837,inf,10.0687,[FOCUS] Exact Point 99/128 (Repeat 2/3),9.0684,19.6877,13.7904,3.1711,17.9394,10.2062,A,A,23
0,0,0,0,0,0,0,0,0,0,0,22.8588,39.9874,3364,3.6252231157323767,inf,10.0687,[FOCUS] Exact Point 99/128 (Repeat 3/3),9.0684,19.6877,13.7904,3.1711,17.9394,10.2062,A,A,21
0,0,0,0,0,0,0,0,0,0,0,15.2566,30.6852,3365,4.217667466764194,inf,13.6100,[FOCUS] Exact Point 100/128 (Repeat 1/3),5.6360,13.6286,9.6206,1.6280,14.0561,9.8488,A,A,23
0,0,0,0,0,0,0,0,0,0,0,15.2566,30.6852,3366,3.9881217698303075,inf,13.6100,[FOCUS] Exact Point 100/128 (Repeat 2/3),5.6360,13.6286,9.6206,1.6280,14.0561,9.8488,A,A,22
0,0,0,0,0,0,0,0,0,0,1,15.2566,30.6852,3367,3.316937133809257,inf,13.6100,[FOCUS] Exact Point 100/128 (Repeat 3/3),5.6360,13.6286,9.6206,1.6280,14.0561,9.8488,A,A,23
0,0,0,0,0,0,0,0,0,1,1,16.4433,33.5834,3369,1.20345896291611,1.6,11.6964,[FOCUS] Exact Point 101/128 (Repeat 1/3),6.6194,15.4219,9.8239,1.0214,13.9498,8.4314,A,A,22
0,0,0,0,0,0,0,0,0,0,1,16.4433,33.5834,3370,1.9061258810721204,inf,11.6964,[FOCUS] Exact Point 101/128 (Repeat 2/3),6.6194,15.4219,9.8239,1.0214,13.9498,8.4314,A,A,23
0,0,0,0,0,0,0,0,0,0,1,16.4433,33.5834,3371,2.3552808565396304,1.7,11.6964,[FOCUS] Exact Point 101/128 (Repeat 3/3),6.6194,15.4219,9.8239,1.0214,13.9498,8.4314,A,A,22
0,0,0,0,0,0,0,0,0,0,0,23.5851,31.7186,3372,7.334855651835283,inf,10.0747,[FOCUS] Exact Point 102/128 (Repeat 1/3),5.9777,14.2582,17.6074,9.3269,20.9872,15.5183,A,A,23
0,0,0,0,0,1,1,1,1,1,1,23.5851,31.7186,3373,1.9107295858485729,0.3,10.0747,[FOCUS] Exact Point 102/128 (Repeat 2/3),5.9777,14.2582,17.6074,9.3269,20.9872,15.5183,A,A,22
-1,-1,-1,-1,-1,-1,-1,-1,-1,-1,-1,16.269459193989107,33.24701698383305,3368,inf,inf,10.900129523890133,[FOCUS] Error Recovery (Shifted from Loop 3350) [ERROR: TIMEOUT],,,,,,,,,
0,0,0,0,0,0,0,1,1,1,1,16.8758,30.7093,3375,1.8849170455863353,0.3,23.7819,[FOCUS] Exact Point 103/128 (Repeat 1/3),5.6439,13.6431,11.2319,3.2327,18.9878,17.6034,A,A,22
0,0,0,0,0,0,0,0,0,0,0,23.5851,31.7186,3374,10.874966802551313,inf,10.0747,[FOCUS] Exact Point 102/128 (Repeat 3/3),5.9777,14.2582,17.6074,9.3269,20.9872,15.5183,A,A,23
0,0,0,0,0,0,0,0,0,0,0,16.8758,30.7093,3376,1.9543251379099542,0.3,23.7819,[FOCUS] Exact Point 103/128 (Repeat 2/3),5.6439,13.6431,11.2319,3.2327,18.9878,17.6034,A,A,22
0,0,0,0,0,0,0,0,0,0,0,16.8758,30.7093,3377,10.608026613196639,inf,23.7819,[FOCUS] Exact Point 103/128 (Repeat 3/3),5.6439,13.6431,11.2319,3.2327,18.9878,17.6034,A,A,23
-1,0,0,-1,-1,-1,-1,-1,-1,-1,-1,20.3315,35.7291,3378,inf,inf,18.3668,[FOCUS] Exact Point 104/128 (Repeat 1/3),7.3976,16.8047,12.9339,3.5268,19.7778,15.5639,A,A,22
0,0,0,0,0,0,0,0,0,0,0,20.3315,35.7291,3379,9.054368324881295,inf,18.3668,[FOCUS] Exact Point 104/128 (Repeat 2/3),7.3976,16.8047,12.9339,3.5268,19.7778,15.5639,A,A,21
0,0,0,0,0,0,0,0,0,0,0,20.3315,35.7291,3380,9.880866951573212,inf,18.3668,[FOCUS] Exact Point 104/128 (Repeat 3/3),7.3976,16.8047,12.9339,3.5268,19.7778,15.5639,A,A,22
0,0,0,0,0,0,0,0,0,0,0,15.4753,32.5205,3381,7.5399437497062705,inf,20.9535,[FOCUS] Exact Point 105/128 (Repeat 1/3),6.2497,14.7543,9.2256,0.7210,16.4106,13.7690,A,A,21
0,0,0,0,0,0,0,0,0,0,0,15.4753,32.5205,3382,7.677534277525407,inf,20.9535,[FOCUS] Exact Point 105/128 (Repeat 2/3),6.2497,14.7543,9.2256,0.7210,16.4106,13.7690,A,A,22
0,0,0,0,0,0,0,0,0,0,0,15.4659,30.7758,3384,6.70687649875088,inf,18.0882,[FOCUS] Exact Point 106/128 (Repeat 1/3),5.6656,13.6833,9.8003,1.7826,15.7105,12.7250,A,A,21
0,0,0,0,0,0,0,0,0,0,0,15.4659,30.7758,3385,6.516437894080175,inf,18.0882,[FOCUS] Exact Point 106/128 (Repeat 2/3),5.6656,13.6833,9.8003,1.7826,15.7105,12.7250,A,A,22
0,0,0,0,0,0,0,0,0,0,0,16.4007,33.2910,3386,2.5308940669822477,inf,11.1091,[FOCUS] Error Recovery (Shifted from Loop 3368),6.5167,15.2371,9.8840,1.1636,13.7727,8.1685,A,A,21
-1,-1,-1,-1,-1,-1,-1,-1,-1,-1,-1,15.4753,32.5205,3383,inf,inf,20.9535,[FOCUS] Exact Point 105/128 (Repeat 3/3) [ERROR: TIMEOUT],,,,,,,,,
0,0,0,0,0,0,0,0,0,0,0,15.4659,30.7758,3387,7.024761201402995,inf,18.0882,[FOCUS] Exact Point 106/128 (Repeat 3/3),5.6656,13.6833,9.8003,1.7826,15.7105,12.7250,A,A,21
0,0,0,0,0,0,0,0,0,0,0,15.7200,32.1807,3388,4.3693454567642025,inf,14.0849,[FOCUS] Exact Point 107/128 (Repeat 1/3),6.1337,14.5433,9.5863,1.1767,14.3717,9.8988,A,A,21
0,0,0,0,0,0,0,0,0,0,1,15.7200,32.1807,3389,3.19199202581209,4.0,14.0849,[FOCUS] Exact Point 107/128 (Repeat 2/3),6.1337,14.5433,9.5863,1.1767,14.3717,9.8988,A,A,22
0,0,0,0,0,0,0,0,0,0,0,15.7200,32.1807,3390,4.227191459695687,inf,14.0849,[FOCUS] Exact Point 107/128 (Repeat 3/3),6.1337,14.5433,9.5863,1.1767,14.3717,9.8988,A,A,21
0,0,0,0,0,0,0,0,0,0,0,18.1961,35.2275,3392,3.034004578916626,inf,11.8897,[FOCUS] Exact Point 108/128 (Repeat 2/3),7.2119,16.4772,10.9842,1.7189,15.3593,9.4503,A,A,22
0,0,0,0,0,0,0,0,0,0,1,18.1961,35.2275,3393,2.720303096309476,inf,11.8897,[FOCUS] Exact Point 108/128 (Repeat 3/3),7.2119,16.4772,10.9842,1.7189,15.3593,9.4503,A,A,21
0,0,0,0,0,0,0,0,0,0,0,20.9054,35.9516,3394,11.321852422107952,inf,21.7987,[FOCUS] Exact Point 109/128 (Repeat 1/3),7.4808,16.9508,13.4246,3.9546,21.5923,18.2902,A,A,22
0,0,0,0,0,0,0,0,0,0,0,20.9054,35.9516,3395,11.616214647040872,inf,21.7987,[FOCUS] Exact Point 109/128 (Repeat 2/3),7.4808,16.9508,13.4246,3.9546,21.5923,18.2902,A,A,21
-1,-1,-1,-1,-1,-1,-1,-1,-1,-1,-1,18.1961,35.2275,3391,inf,inf,11.8897,[FOCUS] Exact Point 108/128 (Repeat 1/3) [ERROR: TIMEOUT],,,,,,,,,
0,0,0,0,0,0,0,0,0,0,0,20.9054,35.9516,3396,11.430955928755832,inf,21.7987,[FOCUS] Exact Point 109/128 (Repeat 3/3),7.4808,16.9508,13.4246,3.9546,21.5923,18.2902,A,A,22
0,0,0,0,0,0,0,0,0,0,0,15.9836,30.9845,3397,7.639902788011628,4.7,20.5580,[FOCUS] Exact Point 110/128 (Repeat 1/3),5.7340,13.8098,10.2496,2.1738,17.0065,14.6540,A,A,22
0,0,0,0,0,0,0,0,0,0,0,15.9836,30.9845,3399,8.200867620513067,inf,20.5580,[FOCUS] Exact Point 110/128 (Repeat 2/3),5.7340,13.8098,10.2496,2.1738,17.0065,14.6540,A,A,22
0,0,0,0,0,0,0,0,0,0,0,15.9836,30.9845,3400,8.397705633706504,inf,20.5580,[FOCUS] Exact Point 110/128 (Repeat 3/3),5.7340,13.8098,10.2496,2.1738,17.0065,14.6540,A,A,23
-1,-1,-1,-1,-1,-1,-1,-1,-1,-1,-1,15.811091114956742,32.34916389409531,3398,inf,inf,20.97049521695145,[FOCUS] Error Recovery (Shifted from Loop 3383) [ERROR: TIMEOUT],,,,,,,,,
0,0,0,0,0,0,0,0,0,0,0,15.5930,30.6600,3401,6.865423245235518,inf,18.1105,[FOCUS] Exact Point 111/128 (Repeat 1/3),5.6278,13.6133,9.9652,1.9797,15.8632,12.9142,A,A,22
0,0,0,0,0,0,0,0,0,0,0,15.5930,30.6600,3402,6.373664548683988,inf,18.1105,[FOCUS] Exact Point 111/128 (Repeat 2/3),5.6278,13.6133,9.9652,1.9797,15.8632,12.9142,A,A,23
0,0,0,0,0,0,0,0,0,0,0,18.0891,35.0877,3404,3.759578015633831,inf,12.5121,[FOCUS] Error Recovery (Shifted from Loop 3391),7.1605,16.3864,10.9285,1.7026,15.5165,9.8210,A,A,23
0,0,0,0,0,0,0,0,0,0,0,15.5930,30.6600,3403,6.833467686521223,inf,18.1105,[FOCUS] Exact Point 111/128 (Repeat 3/3),5.6278,13.6133,9.9652,1.9797,15.8632,12.9142,A,A,22
0,0,0,0,0,0,0,0,0,0,0,21.2868,39.4114,3405,4.837096289506456,inf,12.7122,[FOCUS] Exact Point 112/128 (Repeat 1/3),8.8326,19.2870,12.4542,1.9998,17.6247,10.8075,A,A,21
0,0,0,0,0,0,0,0,0,0,0,21.2868,39.4114,3407,5.119671068159633,inf,12.7122,[FOCUS] Exact Point 112/128 (Repeat 3/3),8.8326,19.2870,12.4542,1.9998,17.6247,10.8075,A,A,22
0,0,0,0,0,0,0,0,0,0,0,21.2868,39.4114,3406,3.864357982088622,inf,12.7122,[FOCUS] Exact Point 112/128 (Repeat 2/3),8.8326,19.2870,12.4542,1.9998,17.6247,10.8075,A,A,23
0,0,0,0,0,0,0,0,0,0,0,20.8513,36.0204,3408,12.053654610576201,inf,21.8722,[FOCUS] Exact Point 113/128 (Repeat 1/3),7.5066,16.9960,13.3447,3.8553,21.5538,18.2545,A,A,21
0,0,0,0,0,0,0,0,0,0,0,20.8513,36.0204,3409,11.876752616574516,inf,21.8722,[FOCUS] Exact Point 113/128 (Repeat 2/3),7.5066,16.9960,13.3447,3.8553,21.5538,18.2545,A,A,22
0,0,0,0,0,0,0,0,0,0,0,16.3965,32.0795,3410,9.075534509545912,inf,21.4734,[FOCUS] Error Recovery (Shifted from Loop 3398),6.0994,14.4807,10.2971,1.9158,17.5726,15.1911,A,A,23
0,0,0,0,0,0,0,0,0,0,0,24.9696,35.1977,3412,11.03875844641053,inf,11.5243,[FOCUS] Exact Point 114/128 (Repeat 1/3),7.2009,16.4579,17.7687,8.5117,22.0062,16.0021,A,A,23
0,0,0,0,0,0,0,0,0,0,0,20.8513,36.0204,3411,11.271573178904253,inf,21.8722,[FOCUS] Exact Point 113/128 (Repeat 3/3),7.5066,16.9960,13.3447,3.8553,21.5538,18.2545,A,A,21
0,0,0,0,0,0,0,0,0,0,0,24.9696,35.1977,3413,7.823566378265871,inf,11.5243,[FOCUS] Exact Point 114/128 (Repeat 2/3),7.2009,16.4579,17.7687,8.5117,22.0062,16.0021,A,A,23
0,0,0,0,0,0,0,0,0,0,0,24.9696,35.1977,3414,9.106897033148245,inf,11.5243,[FOCUS] Exact Point 114/128 (Repeat 3/3),7.2009,16.4579,17.7687,8.5117,22.0062,16.0021,A,A,21
0,0,0,0,0,0,0,0,0,0,0,24.0325,33.4713,3416,16.5946117357217,inf,22.6817,[FOCUS] Exact Point 115/128 (Repeat 2/3),6.5799,15.3509,17.4526,8.6816,25.4299,23.0252,A,A,23
0,0,0,0,0,0,0,0,0,0,0,24.0325,33.4713,3417,15.950920419224195,inf,22.6817,[FOCUS] Exact Point 115/128 (Repeat 3/3),6.5799,15.3509,17.4526,8.6816,25.4299,23.0252,A,A,21
0,0,0,0,0,0,0,0,0,0,1,17.8612,36.2996,3418,2.205756163341231,inf,11.1274,[FOCUS] Exact Point 116/128 (Repeat 1/3),7.6117,17.1802,10.2495,0.6810,14.4546,8.0382,A,A,21
-1,-1,-1,-1,-1,-1,-1,-1,-1,-1,-1,24.0325,33.4713,3415,inf,inf,22.6817,[FOCUS] Exact Point 115/128 (Repeat 1/3) [ERROR: TIMEOUT],,,,,,,,,
0,0,0,0,0,0,0,0,0,0,1,17.8612,36.2996,3419,1.7570768345458185,inf,11.1274,[FOCUS] Exact Point 116/128 (Repeat 2/3),7.6117,17.1802,10.2495,0.6810,14.4546,8.0382,A,A,21
0,0,0,0,0,0,0,0,0,0,1,20.5644,39.9381,3421,1.2560960902770892,inf,10.0458,[FOCUS] Exact Point 117/128 (Repeat 1/3),9.0481,19.6533,11.5163,0.9111,15.6513,7.9252,A,A,21
0,0,0,0,0,0,0,0,0,0,1,20.5644,39.9381,3422,2.0584649776198933,inf,10.0458,[FOCUS] Exact Point 117/128 (Repeat 2/3),9.0481,19.6533,11.5163,0.9111,15.6513,7.9252,A,A,21
0,0,0,0,0,1,1,1,1,1,1,20.5644,39.9381,3423,1.9519755509274992,0.3,10.0458,[FOCUS] Exact Point 117/128 (Repeat 3/3),9.0481,19.6533,11.5163,0.9111,15.6513,7.9252,A,A,22
-1,-1,-1,-1,-1,-1,-1,-1,-1,-1,-1,17.8612,36.2996,3420,inf,inf,11.1274,[FOCUS] Exact Point 116/128 (Repeat 3/3) [ERROR: TIMEOUT],,,,,,,,,
0,0,0,0,0,0,0,0,0,0,0,24.1217,39.9695,3424,5.210188774511897,inf,10.5277,[FOCUS] Exact Point 118/128 (Repeat 1/3),9.0610,19.6752,15.0607,4.4465,19.3971,11.8004,A,A,22
0,0,0,0,0,0,0,0,0,0,0,24.1217,39.9695,3426,5.340950696328686,inf,10.5277,[FOCUS] Exact Point 118/128 (Repeat 3/3),9.0610,19.6752,15.0607,4.4465,19.3971,11.8004,A,A,22
0,0,0,0,0,0,0,0,0,0,0,22.3781,37.2801,3427,13.503672337281344,inf,22.6208,[FOCUS] Exact Point 119/128 (Repeat 1/3),7.9867,17.8334,14.3914,4.5447,23.1454,19.7268,A,A,22
-1,-1,-1,-1,-1,-1,-1,-1,-1,-1,-1,24.1217,39.9695,3425,inf,inf,10.5277,[FOCUS] Exact Point 118/128 (Repeat 2/3) [ERROR: TIMEOUT],,,,,,,,,
0,0,0,0,0,0,0,0,0,0,0,24.3256,33.9452,3428,15.922961348390585,inf,23.1058,[FOCUS] Error Recovery (Shifted from Loop 3415),6.7477,15.6518,17.5779,8.6738,25.8059,23.3971,A,A,23
0,0,0,0,0,1,1,1,1,1,1,22.3781,37.2801,3429,1.9441533734765437,0.3,22.6208,[FOCUS] Exact Point 119/128 (Repeat 2/3),7.9867,17.8334,14.3914,4.5447,23.1454,19.7268,A,A,22
0,0,0,0,0,1,1,1,1,1,1,19.6244,38.9596,3431,1.9484277317202752,0.3,11.7661,[FOCUS] Exact Point 120/128 (Repeat 1/3),8.6497,18.9750,10.9747,0.6494,15.7111,8.7475,A,A,22
0,0,0,0,0,0,0,0,0,0,0,22.3781,37.2801,3430,13.526577561856609,inf,22.6208,[FOCUS] Exact Point 119/128 (Repeat 3/3),7.9867,17.8334,14.3914,4.5447,23.1454,19.7268,A,A,23
0,0,0,0,0,1,1,1,1,1,1,19.6244,38.9596,3432,1.948687415752739,0.3,11.7661,[FOCUS] Exact Point 120/128 (Repeat 2/3),8.6497,18.9750,10.9747,0.6494,15.7111,8.7475,A,A,22
0,0,0,0,0,0,0,0,0,0,1,19.6244,38.9596,3433,2.805865740940332,inf,11.7661,[FOCUS] Exact Point 120/128 (Repeat 3/3),8.6497,18.9750,10.9747,0.6494,15.7111,8.7475,A,A,21
0,0,0,0,0,0,0,1,1,1,1,17.5278,36.7925,3434,0.06524848905958584,inf,11.1206,[FOCUS] Error Recovery (Shifted from Loop 3420),7.7991,17.5073,9.7287,0.0205,13.9820,7.4290,A,A,23
0,0,0,0,0,0,0,0,0,0,1,19.0250,38.9717,3435,1.3959832319539545,inf,11.0072,[FOCUS] Exact Point 121/128 (Repeat 1/3),8.6546,18.9833,10.3704,0.0417,14.8025,7.6188,A,A,22
0,0,0,0,0,0,0,0,0,0,1,19.0250,38.9717,3436,2.069635358040222,inf,11.0072,[FOCUS] Exact Point 121/128 (Repeat 2/3),8.6546,18.9833,10.3704,0.0417,14.8025,7.6188,A,A,21
0,0,0,0,0,0,0,0,1,1,1,19.0250,38.9717,3437,0.4998609344144875,inf,11.0072,[FOCUS] Exact Point 121/128 (Repeat 3/3),8.6546,18.9833,10.3704,0.0417,14.8025,7.6188,A,A,23
0,0,0,0,0,0,0,0,0,0,0,24.9916,30.0952,3438,17.156877844084818,inf,20.8409,[FOCUS] Exact Point 122/128 (Repeat 1/3),5.4453,13.2740,19.5463,11.7176,26.2245,24.1809,A,A,22
0,0,0,0,0,0,0,0,0,0,0,24.9916,30.0952,3439,17.18309067668272,inf,20.8409,[FOCUS] Exact Point 122/128 (Repeat 2/3),5.4453,13.2740,19.5463,11.7176,26.2245,24.1809,A,A,21
0,0,0,0,0,0,0,0,0,0,0,23.7530,39.9379,3440,5.9606477493534396,inf,11.7302,[FOCUS] Error Recovery (Shifted from Loop 3425),9.0480,19.6532,14.7050,4.0998,19.5332,12.2900,A,A,23
0,0,0,0,0,0,0,0,0,0,0,24.9916,30.0952,3441,16.863255473309533,inf,20.8409,[FOCUS] Exact Point 122/128 (Repeat 3/3),5.4453,13.2740,19.5463,11.7176,26.2245,24.1809,A,A,21
0,0,0,0,0,0,0,0,0,1,1,19.2223,38.0816,3442,0.585989783097076,inf,10.0116,[FOCUS] Exact Point 123/128 (Repeat 1/3),8.2999,18.3746,10.9224,0.8477,14.8712,7.6487,A,A,23
0,0,0,0,0,0,0,0,0,0,1,19.2223,38.0816,3443,1.414002453813312,inf,10.0116,[FOCUS] Exact Point 123/128 (Repeat 2/3),8.2999,18.3746,10.9224,0.8477,14.8712,7.6487,A,A,21
0,0,0,0,0,0,0,0,0,1,1,19.2223,38.0816,3444,0.8650820791668382,inf,10.0116,[FOCUS] Exact Point 123/128 (Repeat 3/3),8.2999,18.3746,10.9224,0.8477,14.8712,7.6487,A,A,23
0,0,0,0,0,0,0,0,0,0,0,24.9997,39.9548,3445,11.634230489622597,inf,18.2391,[FOCUS] Exact Point 124/128 (Repeat 1/3),9.0549,19.6650,15.9448,5.3347,23.4550,18.0727,A,A,22
0,0,0,0,0,0,0,0,0,0,0,24.9997,39.9548,3447,20.142111867894418,inf,18.2391,[FOCUS] Exact Point 124/128 (Repeat 3/3),9.0549,19.6650,15.9448,5.3347,23.4550,18.0727,A,A,23
0,0,0,0,0,0,0,0,0,0,0,24.9997,39.9548,3446,11.044751009739581,inf,18.2391,[FOCUS] Exact Point 124/128 (Repeat 2/3),9.0549,19.6650,15.9448,5.3347,23.4550,18.0727,A,A,21
0,0,0,0,0,0,0,0,0,0,0,19.4927,33.7765,3448,12.804066874936844,inf,24.9997,[FOCUS] Exact Point 125/128 (Repeat 1/3),6.6877,15.5444,12.8050,3.9483,21.6683,19.8354,A,A,22
0,0,0,0,0,0,0,0,0,0,0,19.4927,33.7765,3449,13.060373748920286,inf,24.9997,[FOCUS] Exact Point 125/128 (Repeat 2/3),6.6877,15.5444,12.8050,3.9483,21.6683,19.8354,A,A,23
0,0,0,0,0,0,0,0,0,0,0,19.4927,33.7765,3450,12.427287195199959,inf,24.9997,[FOCUS] Exact Point 125/128 (Repeat 3/3),6.6877,15.5444,12.8050,3.9483,21.6683,19.8354,A,A,21
0,0,0,0,0,0,0,0,0,0,0,22.8091,30.1590,3451,16.295397197278973,inf,24.9144,[FOCUS] Exact Point 126/128 (Repeat 1/3),5.4658,13.3121,17.3433,9.4970,25.3415,24.4125,A,A,22
0,0,0,0,0,0,0,0,0,0,0,22.8091,30.1590,3452,17.381401136957983,inf,24.9144,[FOCUS] Exact Point 126/128 (Repeat 2/3),5.4658,13.3121,17.3433,9.4970,25.3415,24.4125,A,A,21
0,0,0,0,0,0,0,0,0,0,0,22.8091,30.1590,3453,17.211364872080335,inf,24.9144,[FOCUS] Exact Point 126/128 (Repeat 3/3),5.4658,13.3121,17.3433,9.4970,25.3415,24.4125,A,A,22
0,0,0,0,0,0,0,0,0,0,0,22.1258,30.0190,3454,16.783281772446735,inf,24.9124,[FOCUS] Exact Point 127/128 (Repeat 1/3),5.4209,13.2284,16.7049,8.8974,24.6701,23.7762,A,A,21
0,0,0,0,0,0,0,0,0,0,0,22.1258,30.0190,3455,15.972079795723095,inf,24.9124,[FOCUS] Exact Point 127/128 (Repeat 2/3),5.4209,13.2284,16.7049,8.8974,24.6701,23.7762,A,A,22
0,0,0,0,0,0,0,0,0,1,1,15.9308,33.4230,3457,0.6416702345995318,inf,10.0188,[FOCUS] Exact Point 128/128 (Repeat 1/3),6.5630,15.3204,9.3678,0.6104,12.8871,6.9412,A,A,22
1,0,0,0,0,0,0,0,1,1,1,15.9308,33.4230,3459,0.0,0.0,10.0188,[FOCUS] Exact Point 128/128 (Repeat 3/3),6.5630,15.3204,9.3678,0.6104,12.8871,6.9412,A,A,22
-1,-1,-1,-1,-1,-1,-1,-1,-1,-1,-1,22.1258,30.019,3456,inf,inf,24.9124,[FOCUS] Exact Point 127/128 (Repeat 3/3) [ERROR: TIMEOUT],,,,,,,,,
0,0,0,0,0,0,0,0,0,0,0,23.0570,30.7578,3460,12.313157237067674,inf,14.8412,[FOCUS] STEP2: Exploration (Max σ),5.6597,13.6724,17.3973,9.3846,22.2441,18.3600,A,A,22
-1,-1,-1,-1,-1,-1,-1,-1,-1,-1,-1,15.9308,33.423,3458,inf,inf,10.0188,[FOCUS] Exact Point 128/128 (Repeat 2/3) [ERROR: TIMEOUT],,,,,,,,,
0,0,0,0,0,0,0,0,0,0,0,19.7768,30.1263,3461,9.495537256300606,inf,14.9516,[FOCUS] STEP2: Exploration (Max σ),5.4553,13.2926,14.3215,6.4842,19.1168,15.4303,A,A,22
0,0,0,0,0,0,0,0,0,0,0,23.8822,36.4375,3463,8.703279396362825,inf,15.1536,[FOCUS] STEP2: Exploration (Max σ),7.6639,17.2715,16.2182,6.6107,21.9643,16.6512,A,A,22
0,0,0,0,0,0,0,0,0,0,0,22.0434,30.3808,3464,15.581613410675558,inf,22.8679,[FOCUS] STEP2: Exploration (Max σ),5.5372,13.4452,16.5062,8.5982,23.8944,22.3402,A,A,21
-1,-1,-1,-1,-1,-1,-1,-1,-1,-1,-1,23.154591969052994,37.18073510173413,3462,inf,inf,14.12785547397701,[FOCUS] STEP2: Exploration (Max σ) [ERROR: TIMEOUT],,,,,,,,,
0,0,0,0,0,0,0,0,0,0,0,21.4869,30.0134,3465,15.829846522885523,inf,25.0000,[FOCUS] STEP2: Exploration (Max σ),5.4192,13.2251,16.0678,8.2619,24.0598,23.1916,A,A,21
0,0,0,0,0,0,0,0,0,0,1,15.6054,33.7376,3466,0.7662135728574683,inf,10.0000,[FOCUS] STEP2: Boundary 0.5,6.6739,15.5197,8.9315,0.0858,12.4733,6.4367,A,A,21
0,0,0,0,0,0,0,0,0,0,1,20.7509,39.3430,3468,1.9878858900668983,inf,10.0000,[FOCUS] STEP2: Boundary 0.5,8.8048,19.2396,11.9461,1.5113,16.0071,8.4328,A,A,21
0,0,0,0,1,1,1,1,1,1,1,25.0000,32.0431,3469,1.9193943607367598,0.4,10.7638,[FOCUS] STEP2: Boundary 0.5,6.0871,14.4581,18.9129,10.5419,22.5563,17.1923,A,A,21
0,0,0,0,0,0,0,0,0,0,0,25.0000,31.0217,3471,1.792259379074894,0.3,10.0000,[FOCUS] STEP2: Boundary 0.5,5.7462,13.8324,19.2538,11.1676,22.5440,17.2421,A,A,21
-1,-1,-1,-1,-1,-1,-1,-1,-1,-1,-1,16.839510720554575,35.35307734719384,3467,inf,inf,10.0,[FOCUS] STEP2: Boundary 0.5 [ERROR: TIMEOUT],,,,,,,,,
0,0,0,0,0,0,0,0,0,0,0,21.9246,30.0863,3472,1.9523554350681032,0.3,24.4580,[FOCUS] Error Recovery (Shifted from Loop 3456),5.4425,13.2687,16.4821,8.6559,24.3173,23.2800,A,A,21
-1,0,0,-1,-1,-1,-1,-1,-1,-1,-1,14.9109,33.7540,3473,inf,inf,10.0000,[FOCUS] Error Recovery (Shifted from Loop 3458),6.6797,15.5301,8.2311,-0.6192,11.7744,5.7334,B,A,21
-1,-1,-1,-1,-1,-1,-1,-1,-1,-1,-1,23.166985456753213,32.22390177640643,3470,inf,inf,22.39731655009047,[FOCUS] STEP2: Boundary 0.5 [ERROR: TIMEOUT],,,,,,,,,
0,0,0,0,0,0,0,0,0,0,0,17.2111,37.0310,3474,8.06897869021984,inf,21.4285,[FOCUS] STEP2: Exploration (Max σ),7.8906,17.6665,9.3205,-0.4555,17.5636,13.8721,B,A,21
0,0,0,0,0,0,0,0,0,0,0,24.9821,38.6154,3475,13.294121503499152,inf,21.6138,[FOCUS] STEP2: Exploration (Max σ),8.5117,18.7387,16.4704,6.2434,25.1020,21.0435,A,A,22
0,0,0,0,0,1,1,1,1,1,1,16.7251,39.6965,3476,1.9496718641812631,0.3,20.3006,[FOCUS] STEP2: Exploration (Max σ),8.9489,19.4849,7.7762,-2.7598,16.0868,11.3645,B,A,22
0,0,0,0,0,0,0,0,0,0,0,23.0149,33.4674,3478,9.80861069335655,inf,14.2728,[FOCUS] STEP2: Exploration (Max σ),6.5786,15.3485,16.4363,7.6664,21.4557,16.6918,A,A,23
0,0,0,0,0,0,0,0,0,0,0,23.8552,34.1456,3479,10.351852169338894,inf,14.6113,[FOCUS] STEP2: Exploration (Max σ),6.8192,15.7797,17.0360,8.0755,22.2662,17.4158,A,A,22
0,0,0,0,0,0,0,0,0,0,0,23.2584,36.9062,3480,7.366158821281543,inf,13.3252,[FOCUS] Error Recovery (Shifted from Loop 3462),7.8427,17.5832,15.4157,5.6751,20.5263,14.5678,A,A,23
0,0,0,0,0,0,0,0,0,1,1,18.3577,36.4817,3481,0.39841986288840037,4.8,10.0000,[FOCUS] STEP2: Boundary 0.5,7.6807,17.3008,10.6770,1.0569,14.4729,7.6872,A,A,22
-1,-1,-1,-1,-1,-1,-1,-1,-1,-1,-1,13.0537804531064,30.141718249563894,3477,inf,inf,24.92104793346176,[FOCUS] STEP2: Exploration (Max σ) [ERROR: TIMEOUT],,,,,,,,,
0,0,0,0,0,0,0,0,0,0,1,20.4222,38.8939,3483,2.454922872504787,4.9,11.0143,[FOCUS] STEP2: Boundary 0.5,8.6233,18.9298,11.7989,1.4924,16.2259,9.0657,A,A,22
0,0,0,0,0,0,0,0,0,0,0,24.6926,40.0000,3482,9.827679564121452,inf,15.6048,[FOCUS] STEP2: Boundary 0.5,9.0736,19.6966,15.6190,4.9960,22.0511,15.9013,A,A,23
0,0,0,0,0,0,0,0,0,0,1,20.8047,39.8850,3484,2.15456626145946,inf,10.5713,[FOCUS] STEP2: Boundary 0.5,9.0262,19.6163,11.7785,1.1885,16.1246,8.5638,A,A,22
0,0,0,0,0,0,0,0,1,1,1,16.6112,35.4056,3485,0.16319397929602075,inf,10.6493,[FOCUS] STEP2: Boundary 0.5,7.2776,16.5932,9.3337,0.0180,13.2699,6.9622,A,A,23
0,0,0,0,0,0,0,0,0,0,0,18.6634,30.7087,3486,6.839396406550937,4.8,13.1707,[FOCUS] STEP2: Boundary 0.5,5.6437,13.6428,13.0198,5.0207,17.3150,12.9792,A,A,22
0,0,0,0,1,1,1,1,1,1,1,22.3261,32.3815,3488,1.904199273174055,0.3,21.8671,[FOCUS] Error Recovery (Shifted from Loop 3470),6.2021,14.6678,16.1239,7.6583,23.5941,21.2442,A,A,23
0,0,0,0,0,0,0,0,0,0,0,15.9244,33.3497,3490,1.9509981042476563,0.3,10.5136,[FOCUS] STEP2: Boundary 0.5,6.5372,15.2741,9.3872,0.6503,13.0731,7.2860,A,A,23
0,0,0,0,0,0,0,0,1,1,1,16.8525,35.3481,3489,0.16630252372286836,inf,10.2321,[FOCUS] STEP2: Boundary 0.5,7.2563,16.5557,9.5962,0.2968,13.3728,6.9629,A,A,22
0,0,0,0,0,0,0,0,0,0,0,25.0000,31.5806,3491,1.9476809786010847,0.3,11.4372,[FOCUS] STEP2: Boundary 0.5,5.9315,14.1735,19.0685,10.8265,22.8907,17.8391,A,A,23
-1,-1,-1,-1,-1,-1,-1,-1,-1,-1,-1,17.087639635207605,35.547393354738226,3487,inf,inf,10.222997220519954,[FOCUS] Error Recovery (Shifted from Loop 3467) [ERROR: TIMEOUT],,,,,,,,,
0,0,0,0,0,0,0,0,0,0,0,23.0127,38.6829,3492,12.36878766774828,inf,22.4993,[FOCUS] STEP2: Boundary 0.5,8.5387,18.7850,14.4740,4.2278,23.4734,19.6497,A,A,22
0,0,0,0,0,1,1,1,1,1,1,25.0000,31.5044,3493,1.919376687033649,0.4,10.9691,[FOCUS] STEP2: Boundary 0.5,5.9061,14.1268,19.0939,10.8732,22.7520,17.5903,A,A,23
0,0,0,0,0,0,0,0,0,0,0,12.8624,30.3297,3495,1.7895029583278053,0.3,24.3618,[FOCUS] Error Recovery (Shifted from Loop 3477),5.5207,13.4145,7.3416,-0.5521,15.2010,14.0749,B,A,23
0,0,0,0,1,1,1,1,1,1,1,25.0000,32.4691,3496,1.9175851998047133,0.3,10.0000,[FOCUS] STEP2: Boundary 0.5,6.2321,14.7223,18.7679,10.2777,22.1922,16.4996,A,A,22
0,0,0,0,0,0,0,0,0,0,0,14.2279,32.6859,3497,1.9528895741793484,0.3,11.6841,[FOCUS] STEP2: Boundary 0.5,6.3066,14.8574,7.9213,-0.6295,11.9457,6.6660,B,A,23
0,0,0,0,1,1,1,1,1,1,1,19.9952,39.2238,3498,1.9380218330661627,0.3,11.9857,[FOCUS] STEP2: Boundary 0.5,8.7564,19.1572,11.2387,0.8380,16.0929,9.1194,A,A,22
0,0,0,0,0,0,0,0,0,0,0,13.3002,39.5791,3499,1.9455774935463654,0.3,11.3937,[FOCUS] STEP2: Boundary 0.5,8.9009,19.4033,4.3994,-6.1030,9.0512,1.8106,B,A,23
0,0,0,0,0,0,0,0,0,0,0,25.0000,32.5164,3500,1.954109341242141,0.3,10.8027,[FOCUS] STEP2: Boundary 0.5,6.2483,14.7517,18.7517,10.2483,22.4556,16.9748,A,A,22
-1,-1,-1,-1,-1,-1,-1,-1,-1,-1,-1,17.985705028102647,36.664153275084665,3494,inf,inf,11.355137928403986,[FOCUS] STEP2: Boundary 0.5 [ERROR: TIMEOUT],,,,,,,,,
0,0,0,0,0,0,0,0,0,0,0,15.4507,32.9234,3501,1.94546453489351,0.3,11.3906,[FOCUS] STEP2: Boundary 0.5,6.3886,15.0060,9.0621,0.4447,13.0105,7.5845,A,A,23
0,0,0,0,0,0,0,0,0,0,0,17.5821,35.6942,3502,1.9444101207759936,0.3,11.1234,[FOCUS] Error Recovery (Shifted from Loop 3487),7.3846,16.7818,10.1975,0.8003,14.3387,8.0863,A,A,22
0,0,0,0,0,0,0,0,0,0,0,14.8477,30.8237,3503,1.949230257478384,0.3,10.0000,[FOCUS] STEP2: Boundary 0.5,5.6812,13.7123,9.1664,1.1353,12.4383,7.1897,A,A,23
0,0,0,0,0,0,0,0,0,0,0,24.3785,31.5736,3504,1.9446793069187402,0.3,11.6495,[FOCUS] STEP2: Boundary 0.5,5.9292,14.1692,18.4493,10.2093,22.3418,17.3513,A,A,22
0,0,0,0,0,0,0,0,0,0,0,16.1453,33.4159,3505,1.9475836813864897,0.3,10.6623,[FOCUS] STEP2: Boundary 0.5,6.5605,15.3159,9.5848,0.8294,13.3294,7.5661,A,A,23
0,0,0,0,0,0,0,0,0,0,0,19.5915,39.2053,3506,1.9444571559878272,0.3,10.3137,[FOCUS] STEP2: Boundary 0.5,8.7489,19.1444,10.8426,0.4472,15.0178,7.5714,A,A,22
0,0,0,0,0,0,0,0,0,1,1,13.9601,32.0271,3507,0.8103741256355581,inf,10.9195,[FOCUS] STEP2: Boundary 0.5,6.0817,14.4483,7.8784,-0.4882,11.5728,6.2566,B,A,21
0,0,0,0,0,0,0,0,0,0,0,19.2336,39.2151,3508,1.9471088110874013,0.3,19.9228,[FOCUS] STEP2: Boundary 0.5,8.7529,19.1512,10.4807,0.0824,18.5477,13.8462,A,A,23
0,0,0,0,0,0,0,0,0,0,0,17.0406,34.3666,3510,1.9443477070032646,0.3,10.0922,[FOCUS] STEP2: Boundary 0.5,6.8986,15.9212,10.1420,1.1194,13.7753,7.5935,A,A,22
0,0,0,0,0,0,0,0,0,0,1,17.1925,34.4477,3509,1.2575658373755876,inf,10.1537,[FOCUS] STEP2: Boundary 0.5,6.9278,15.9732,10.2647,1.2192,13.9277,7.7413,A,A,21
0,0,0,0,0,0,0,0,0,0,0,17.4632,34.6171,3511,1.9521335392667996,0.3,10.0000,[FOCUS] STEP2: Boundary 0.5,6.9890,16.0822,10.4742,1.3810,14.0974,7.8215,A,A,23
0,0,0,0,0,1,1,1,1,1,1,24.4306,31.6182,3513,1.9134372219251659,0.4,10.4471,[FOCUS] STEP2: Boundary 0.5,5.9441,14.1966,18.4865,10.2341,21.9816,16.6436,A,A,21
0,0,0,0,0,0,0,0,0,0,0,15.6986,33.1632,3514,1.9557174928705445,0.3,11.0465,[FOCUS] STEP2: Boundary 0.5,6.4720,15.1566,9.2266,0.5420,13.0802,7.4930,A,A,23
0,0,0,0,0,1,1,1,1,1,1,18.5462,37.1516,3515,1.9388498277669328,0.3,11.8031,[FOCUS] Error Recovery (Shifted from Loop 3494),7.9371,17.7473,10.6091,0.7989,15.1628,8.7053,A,A,21
0,0,0,0,0,0,0,0,0,0,0,19.9722,39.8124,3516,1.9479258652389873,0.3,10.5714,[FOCUS] STEP2: Boundary 0.5,8.9964,19.5656,10.9758,0.4066,15.3148,7.7742,A,A,21
0,0,0,0,0,0,0,0,0,0,0,17.4545,34.6037,3517,1.9504535799145823,0.3,10.0000,[FOCUS] STEP2: Boundary 0.5,6.9842,16.0736,10.4704,1.3810,14.0924,7.8201,A,A,21
-1,-1,-1,-1,-1,-1,-1,-1,-1,-1,-1,14.032407789717833,30.850013070246288,3512,inf,inf,10.685101799752122,[FOCUS] STEP2: Boundary 0.5 [ERROR: TIMEOUT],,,,,,,,,
-1,-1,-1,-1,-1,-1,-1,-1,-1,-1,-1,14.566383114228474,30.0,3518,inf,inf,10.0,[FOCUS] STEP2: Boundary 0.5 [ERROR: TIMEOUT],,,,,,,,,
0,0,0,0,0,0,0,0,0,0,1,20.5630,39.4237,3520,2.5583587582546503,inf,10.8469,[FOCUS] STEP2: Boundary 0.5,8.8376,19.2955,11.7254,1.2675,16.1384,8.7841,A,A,22
-1,-1,-1,-1,-1,-1,-1,-1,-1,-1,-1,19.614724441676636,38.60806681110916,3519,inf,inf,19.479299997082503,[FOCUS] STEP2: Boundary 0.5 [ERROR: TIMEOUT],,,,,,,,,
0,0,0,0,0,0,0,0,0,1,1,17.5025,34.7938,3521,0.8385392882320669,1.6,10.0000,[FOCUS] STEP2: Boundary 0.5,7.0532,16.1962,10.4493,1.3063,14.0889,7.7648,A,A,22
0,0,0,0,0,0,0,0,0,0,0,24.2600,36.4562,3522,15.667259407000794,inf,24.1062,[FOCUS] STEP2: Exploration (Max σ),7.6710,17.2839,16.5889,6.9761,25.7338,22.9530,A,A,21
0,0,0,0,0,0,0,0,0,0,0,20.0822,30.7983,3523,12.199932266024021,inf,19.5714,[FOCUS] STEP2: Exploration (Max σ),5.6729,13.6969,14.4093,6.3852,20.8082,18.2294,A,A,23
0,0,0,0,0,0,0,0,0,0,0,16.7500,38.1535,3525,9.168444681146127,inf,24.9239,[FOCUS] STEP2: Exploration (Max σ),8.3283,18.4235,8.4217,-1.6736,18.2687,15.2760,B,A,21
0,0,0,0,0,0,0,0,0,0,0,24.9007,33.5811,3524,15.3003173286668,inf,20.5665,[FOCUS] STEP2: Exploration (Max σ),6.6186,15.4204,18.2820,9.4802,25.5364,22.5092,A,A,22
0,0,0,0,0,0,0,0,0,0,0,16.4945,30.1058,3526,7.130935017676918,inf,16.2088,[FOCUS] STEP2: Exploration (Max σ),5.4487,13.2803,11.0458,3.2142,16.2413,12.9091,A,A,23
0,0,0,0,0,0,0,0,0,1,1,13.5327,30.7843,3528,1.1512314119865914,inf,11.5022,[FOCUS] Error Recovery (Shifted from Loop 3512),5.6683,13.6884,7.8643,-0.1558,11.6235,6.8034,B,A,22
0,0,0,0,0,0,0,0,0,0,0,22.4828,37.8003,3527,9.893316765584386,inf,17.4369,[FOCUS] STEP2: Exploration (Max σ),8.1893,18.1839,14.2935,4.2989,21.1254,16.0941,A,A,21
0,0,0,0,0,0,0,0,0,0,0,17.0685,39.7857,3529,8.800025548834208,inf,24.8757,[FOCUS] STEP2: Exploration (Max σ),8.9855,19.5470,8.0831,-2.4785,18.2871,14.8515,B,A,23
0,0,0,0,0,0,0,0,0,0,0,21.4063,30.4148,3530,6.649382272303544,inf,10.6782,[FOCUS] STEP2: Exploration (Max σ),5.5482,13.4656,15.8581,7.9408,19.3115,14.3613,A,A,22
0,0,0,0,0,0,0,0,0,0,0,21.1124,31.7705,3532,11.261551372878206,inf,17.4511,[FOCUS] STEP2: Exploration (Max σ),5.9952,14.2901,15.1172,6.8223,20.9800,17.5560,A,A,23
0,0,0,0,0,0,0,0,0,0,0,20.8520,32.8460,3531,9.474945275009716,inf,16.2735,[FOCUS] STEP2: Exploration (Max σ),6.3618,14.9575,14.4901,5.8945,20.1194,16.0820,A,A,21
0,0,0,0,0,0,0,0,0,0,0,22.5217,35.2838,3533,4.726268682751761,inf,10.2270,[FOCUS] STEP2: Exploration (Max σ),7.2326,16.5139,15.2890,6.0078,19.0577,12.6640,A,A,22
0,0,0,0,0,0,0,0,0,0,1,14.3744,30.0000,3535,1.5020432252180431,inf,10.5317,[FOCUS] Error Recovery (Shifted from Loop 3518),5.4149,13.2171,8.9596,1.1574,12.3250,7.4453,A,A,21
0,0,0,0,0,0,0,0,0,0,0,20.8279,37.8017,3534,12.851847784384583,inf,24.6706,[FOCUS] STEP2: Exploration (Max σ),8.1898,18.1849,12.6380,2.6430,22.3045,19.3319,A,A,23
0,0,0,0,0,0,0,0,0,0,0,19.3204,38.7621,3536,8.416349371954734,inf,19.4536,[FOCUS] Error Recovery (Shifted from Loop 3519),8.5704,18.8393,10.7500,0.4811,18.5454,13.8311,A,A,22
0,0,0,0,0,0,0,0,0,0,0,22.3481,39.6326,3537,7.603698175790404,inf,15.2395,[FOCUS] STEP2: Boundary 0.5,8.9228,19.4405,13.4254,2.9076,19.6550,13.5007,A,A,21
0,0,0,0,0,0,0,0,0,0,0,23.8944,32.0188,3538,9.411117667000422,inf,11.2126,[FOCUS] STEP2: Boundary 0.5,6.0789,14.4432,17.8155,9.4512,21.6082,16.3761,A,A,23
0,0,0,0,0,0,0,0,0,0,0,19.7565,39.4758,3539,10.132465506485715,inf,20.0536,[FOCUS] STEP2: Boundary 0.5,8.8588,19.3316,10.8978,0.4249,19.0662,14.3323,A,A,22
0,0,0,0,0,0,0,0,0,0,0,20.4745,39.1195,3541,3.953754839224992,inf,12.2530,[FOCUS] STEP2: Boundary 0.5,8.7142,19.0852,11.7603,1.3893,16.7109,9.8425,A,A,23
0,0,0,0,0,0,0,0,0,0,0,19.7419,39.5649,3540,8.200637155090233,inf,19.4152,[FOCUS] STEP2: Boundary 0.5,8.8951,19.3935,10.8468,0.3485,18.7712,13.8307,A,A,21
0,0,0,0,0,0,0,0,0,0,0,24.4095,32.0244,3542,8.461525635071201,inf,10.0000,[FOCUS] STEP2: Boundary 0.5,6.0807,14.4466,18.3287,9.9629,21.7118,16.1395,A,A,22
0,0,0,0,0,0,0,0,0,0,1,15.2343,30.4396,3543,1.4739783619888933,inf,10.0000,[FOCUS] STEP2: Boundary 0.5,5.5562,13.4805,9.6781,1.7538,12.9144,7.7691,A,A,23
0,0,0,0,0,0,0,0,0,0,0,22.9107,32.5337,3544,7.197788060035624,inf,10.0000,[FOCUS] STEP2: Boundary 0.5,6.2543,14.7625,16.6564,8.1482,20.0867,14.3766,A,A,21
0,0,0,0,0,0,0,0,0,0,1,19.5355,38.8944,3545,1.9746717402356966,inf,11.7080,[FOCUS] STEP2: Boundary 0.5,8.6235,18.9302,10.9120,0.6053,15.6179,8.6557,A,A,22
0,0,0,0,0,0,0,0,0,1,1,15.6773,32.3943,3546,0.39479277485506586,inf,10.0000,[FOCUS] STEP2: Boundary 0.5,6.2065,14.6758,9.4708,1.0016,12.8882,7.2158,A,A,23
0,0,0,0,0,0,0,0,0,0,0,20.0931,39.0588,3547,10.840298105971938,inf,22.8756,[FOCUS] STEP2: Boundary 0.5,8.6897,19.0433,11.4034,1.0498,20.6329,16.8171,A,A,21
0,0,0,0,0,0,0,0,0,0,0,22.0637,31.8725,3548,16.058412333377056,inf,25.0000,[FOCUS] STEP2: Boundary 0.5,6.0295,14.3529,16.0342,7.7108,24.4568,23.1136,A,A,22
0,0,0,0,0,0,0,0,0,1,1,16.2177,35.4656,3549,1.1789959188598063,inf,11.2492,[FOCUS] STEP2: Boundary 0.5,7.2998,16.6324,8.9179,-0.4146,13.0822,6.9276,B,A,21
0,0,0,0,0,0,0,0,0,0,0,19.4027,39.1611,3550,6.860185679559912,inf,18.8509,[FOCUS] STEP2: Boundary 0.5,8.7311,19.1139,10.6716,0.2888,18.2952,13.3017,A,A,22
0,0,0,0,0,0,0,0,0,0,1,16.0127,33.0341,3551,1.6357900098553733,inf,10.6209,[FOCUS] STEP2: Boundary 0.5,6.4271,15.0754,9.5856,0.9372,13.2781,7.6065,A,A,23
0,0,0,0,0,0,0,0,0,1,1,17.5690,37.5329,3552,0.7020361028552169,inf,10.3739,[FOCUS] STEP2: Boundary 0.5,8.0849,18.0034,9.4841,-0.4344,13.5230,6.5548,B,A,21
0,0,0,0,0,0,0,0,0,0,1,20.4421,39.3643,3553,1.3528975255699056,inf,10.0000,[FOCUS] STEP2: Boundary 0.5,8.8134,19.2543,11.6287,1.1877,15.6916,8.1115,A,A,23
0,0,0,0,0,0,0,0,0,1,1,15.0452,32.6783,3554,0.8480932829431537,inf,10.7689,[FOCUS] STEP2: Boundary 0.5,6.3040,14.8527,8.7412,0.1925,12.4497,6.9157,A,A,21
0,0,0,0,0,0,0,0,0,0,1,14.0535,31.1398,3555,0.9491383100664109,inf,10.6411,[FOCUS] STEP2: Boundary 0.5,5.7851,13.9042,8.2684,0.1494,11.7812,6.6261,A,A,23
0,0,0,0,0,0,0,0,0,0,1,17.0623,33.1403,3558,2.325335066394562,inf,10.6018,[FOCUS] STEP2: Boundary 0.5,6.4640,15.1422,10.5983,1.9201,14.2946,8.5889,A,A,23
0,0,0,0,0,0,0,0,0,0,0,22.1189,40.0000,3557,7.266921453396289,inf,15.8660,[FOCUS] STEP2: Boundary 0.5,9.0736,19.6966,13.0453,2.4223,19.5850,13.5102,A,A,21
0,0,0,0,0,0,0,0,0,0,1,17.9660,34.4559,3560,2.0330459047197933,2.5,10.0523,[FOCUS] STEP2: Boundary 0.5,6.9307,15.9785,11.0352,1.9875,14.6624,8.4452,A,A,21
0,0,0,0,0,0,0,0,0,0,0,18.5226,30.3666,3559,11.632938492907023,inf,23.6573,[FOCUS] STEP2: Boundary 0.5,5.5326,13.4366,12.9900,5.0860,20.6302,19.2989,A,A,23
-1,-1,-1,-1,-1,-1,-1,-1,-1,-1,-1,20.604393356735237,40.0,3556,inf,inf,16.700396415153808,[FOCUS] STEP2: Boundary 0.5 [ERROR: TIMEOUT],,,,,,,,,
0,0,0,0,0,0,0,0,0,0,1,18.1301,35.2942,3561,2.2440109556811167,inf,11.0198,[FOCUS] STEP2: Boundary 0.5,7.2365,16.5206,10.8936,1.6094,14.9555,8.7827,A,A,21
0,0,0,0,0,0,0,0,0,0,1,16.0878,33.0926,3562,2.26765061182372,inf,10.9788,[FOCUS] STEP2: Boundary 0.5,6.4474,15.1122,9.6404,0.9756,13.4632,7.8762,A,A,23
0,0,0,0,0,0,0,0,0,0,1,17.8558,35.4436,3564,1.4640857016101705,inf,10.0000,[FOCUS] STEP2: Boundary 0.5,7.2916,16.6180,10.5642,1.2378,14.2640,7.7625,A,A,23
0,0,0,0,0,0,0,0,0,0,0,18.6968,30.5971,3563,11.272857007449456,inf,22.4783,[FOCUS] STEP2: Boundary 0.5,5.6073,13.5754,13.0895,5.1214,20.3969,18.6787,A,A,21
0,0,0,0,1,1,1,1,1,1,1,24.6065,32.1753,3565,1.9211711522704926,0.4,11.5283,[FOCUS] STEP2: Boundary 0.5,6.1319,14.5399,18.4746,10.0666,22.3908,17.2048,A,A,23
0,0,0,0,0,0,0,0,0,1,1,15.1976,33.3839,3566,0.8251877166427658,inf,10.9748,[FOCUS] STEP2: Boundary 0.5,6.5493,15.2957,8.6484,-0.0981,12.4994,6.8325,B,A,21
0,0,0,0,0,1,1,1,1,1,1,14.9005,37.6255,3567,1.9405073816482994,0.3,21.7403,[FOCUS] STEP2: Exploration (Max σ),8.1209,18.0658,6.7796,-3.1653,15.2624,11.5023,B,A,23
0,0,0,0,0,0,0,0,0,0,0,12.7481,30.0083,3570,1.9488791239961551,0.3,22.0415,[FOCUS] STEP2: Exploration (Max σ),5.4175,13.2220,7.3305,-0.4740,14.3757,12.6878,B,A,23
0,0,0,0,0,0,0,0,0,0,0,22.3690,33.8895,3569,7.359837420810079,inf,11.8522,[FOCUS] STEP2: Exploration (Max σ),6.7278,15.6163,15.6411,6.7527,19.8556,14.2983,A,A,21
0,0,0,0,0,0,0,0,0,0,0,23.4841,33.7524,3568,13.342558120520593,inf,18.7701,[FOCUS] STEP2: Exploration (Max σ),6.6792,15.5291,16.8049,7.9550,23.4555,19.8787,A,A,22
0,0,0,0,0,0,0,0,0,0,0,20.3503,36.1230,3571,4.761569777885909,4.4,12.7445,[FOCUS] STEP2: Exploration (Max σ),7.5451,17.0636,12.8051,3.2866,17.6005,11.6901,A,A,21
0,0,0,0,0,0,0,0,0,0,0,20.1903,35.5028,3572,5.758267472853621,inf,13.4741,[FOCUS] STEP2: Exploration (Max σ),7.3136,16.6566,12.8767,3.5336,17.8692,12.3331,A,A,22
0,0,0,0,0,1,1,1,1,1,1,24.9481,30.6324,3573,1.9164820962928644,0.3,10.4400,[FOCUS] STEP2: Boundary 0.5,5.6188,13.5967,19.3293,11.3514,22.7266,17.6519,A,A,21
0,0,0,0,0,0,0,0,0,1,1,17.2237,35.2015,3574,1.1145260413590772,inf,10.8422,[FOCUS] STEP2: Boundary 0.5,7.2024,16.4604,10.0214,0.7634,14.0085,7.8108,A,A,22
0,0,0,0,0,1,1,1,1,1,1,25.0000,39.5433,3576,1.9503586202583936,0.3,17.2836,[FOCUS] STEP2: Boundary 0.5,8.8863,19.3784,16.1137,5.6216,23.1647,17.6198,A,A,22
0,0,0,0,0,1,1,1,1,1,1,16.3490,35.9863,3577,1.932136168005585,0.3,11.7665,[FOCUS] STEP2: Boundary 0.5,7.4938,16.9736,8.8552,-0.6246,13.2677,7.1177,B,A,22
0,0,0,0,0,0,0,0,0,0,0,20.8061,39.7902,3579,7.4537547226044465,inf,17.4955,[FOCUS] Error Recovery (Shifted from Loop 3556),8.9873,19.5501,11.8188,1.2559,18.9961,13.4452,A,A,22
-1,-1,-1,-1,-1,-1,-1,-1,-1,-1,-1,21.13717823988307,31.718375679108966,3575,inf,inf,24.63901073002568,[FOCUS] STEP2: Boundary 0.5 [ERROR: TIMEOUT],,,,,,,,,
0,0,0,0,0,0,0,0,0,0,1,17.0975,32.7041,3580,1.4172179120134867,inf,10.3062,[FOCUS] STEP2: Boundary 0.5,6.3128,14.8688,10.7847,2.2287,14.3362,8.6658,A,A,22
-1,-1,-1,-1,-1,-1,-1,-1,-1,-1,-1,21.695182167832918,32.33995431100202,3578,inf,inf,25.0,[FOCUS] STEP2: Boundary 0.5 [ERROR: TIMEOUT],,,,,,,,,
0,0,0,0,0,0,0,0,0,0,0,20.2387,39.8476,3581,6.023497166051224,inf,16.3383,[FOCUS] STEP2: Boundary 0.5,9.0109,19.5902,11.2279,0.6486,17.9392,12.0412,A,A,22
0,0,0,0,0,0,0,0,0,0,1,20.0920,38.0950,3583,1.1364749478714171,inf,10.0000,[FOCUS] STEP2: Boundary 0.5,8.3052,18.3837,11.7869,1.7083,15.7322,8.5028,A,A,22
0,0,0,0,0,0,0,0,0,0,1,14.0640,31.2288,3582,1.0999533220885092,inf,11.0347,[FOCUS] STEP2: Boundary 0.5,5.8145,13.9584,8.2495,0.1056,11.9013,6.8319,A,A,23
0,0,0,0,0,0,0,0,0,1,1,12.3589,30.0000,3584,0.6812101106274548,inf,11.4016,[FOCUS] STEP2: Boundary 0.5,5.4149,13.2171,6.9441,-0.8581,10.5875,5.9492,B,A,21
0,0,0,0,0,0,0,0,0,0,1,14.7737,31.6868,3585,1.4528074295538114,inf,10.4008,[FOCUS] STEP2: Boundary 0.5,5.9671,14.2386,8.8066,0.5351,12.2928,6.9234,A,A,23
0,0,0,0,0,0,0,0,0,0,0,17.9343,31.4070,3586,9.053294599141982,inf,18.0819,[FOCUS] STEP2: Exploration (Max σ),5.8737,14.0672,12.0607,3.8671,18.0745,14.9219,A,A,21
0,0,0,0,0,0,0,0,0,0,1,14.6421,34.5988,3587,6.265239094584386,inf,22.0370,[FOCUS] STEP2: Exploration (Max σ),6.9824,16.0704,7.6598,-1.4283,15.6406,12.7606,B,A,23
0,0,0,0,0,0,0,0,0,0,1,14.3112,34.1984,3589,5.877998503240081,2.2,21.5962,[FOCUS] STEP2: Exploration (Max σ),6.8381,15.8135,7.4731,-1.5022,15.2142,12.3148,B,A,22
0,0,0,0,0,0,0,0,0,0,0,20.4403,33.4090,3588,11.953658180944304,inf,20.5481,[FOCUS] STEP2: Exploration (Max σ),6.5581,15.3116,13.8823,5.1288,21.0974,18.1101,A,A,21
0,0,0,0,0,0,0,0,0,0,0,23.8806,40.0000,3590,12.713334810062754,inf,20.3192,[FOCUS] STEP2: Exploration (Max σ),9.0736,19.6966,14.8071,4.1841,23.1823,18.3841,A,A,23
0,0,0,0,0,0,0,0,0,0,0,21.2977,32.7011,3591,12.15298464930631,inf,19.9587,[FOCUS] STEP2: Exploration (Max σ),6.3118,14.8669,14.9859,6.4308,21.8632,18.8959,A,A,22
0,0,0,0,0,0,0,0,0,0,0,20.0322,33.0932,3592,12.418709544968292,inf,22.4179,[FOCUS] STEP2: Exploration (Max σ),6.4476,15.1126,13.5845,4.9196,21.3906,19.0101,A,A,21
0,0,0,0,0,0,0,0,0,0,0,15.7267,32.9928,3593,8.920407197017777,inf,23.4623,[FOCUS] STEP2: Exploration (Max σ),6.4127,15.0495,9.3140,0.6772,17.4620,15.4002,A,A,23
0,0,0,0,0,0,0,0,0,0,0,21.6539,36.3661,3595,8.474953622354768,inf,16.1305,[FOCUS] STEP2: Exploration (Max σ),7.6369,17.2242,14.0170,4.4296,20.1228,15.1057,A,A,21
0,0,0,0,0,0,0,0,0,0,0,22.6742,40.0000,3594,11.575196306858915,inf,19.5260,[FOCUS] STEP2: Exploration (Max σ),9.0736,19.6966,13.6006,2.9776,21.6489,16.6233,A,A,22
0,0,0,0,0,1,1,1,1,1,1,17.1298,36.2583,3596,1.947720906868377,0.3,24.7535,[FOCUS] STEP2: Exploration (Max σ),7.5961,17.1529,9.5337,-0.0231,18.8788,16.3330,B,A,23
0,0,0,0,0,0,0,0,0,0,0,22.1328,31.9851,3598,15.939628457927235,inf,24.9421,[FOCUS] Error Recovery (Shifted from Loop 3575),6.0675,14.4223,16.0653,7.7104,24.4943,23.1062,A,A,22
0,0,0,0,0,0,0,0,0,0,0,23.0195,30.4839,3597,14.637979852865971,inf,19.8391,[FOCUS] STEP2: Exploration (Max σ),5.5706,13.5072,17.4489,9.5123,23.8775,21.4550,A,A,21
0,0,0,0,0,0,0,0,0,0,0,21.4264,32.4163,3599,14.672039025897462,inf,24.1845,[FOCUS] Error Recovery (Shifted from Loop 3578),6.2140,14.6894,15.2124,6.7370,23.4820,21.7712,A,A,23
0,0,0,0,0,0,0,0,0,0,0,17.5104,30.3910,3600,9.58769814536639,inf,23.5873,[FOCUS] STEP2: Boundary 0.5,5.5405,13.4513,11.9698,4.0591,19.5927,18.2358,A,A,22
0,0,0,0,0,0,0,0,0,0,1,15.4449,32.4435,3601,2.1841636908229014,inf,11.9044,[FOCUS] STEP2: Boundary 0.5,6.2233,14.7063,9.2215,0.7385,13.2951,8.1422,A,A,21
0,0,0,0,0,0,0,0,0,0,0,24.9516,39.5426,3602,10.785087261847353,inf,17.8484,[FOCUS] STEP2: Boundary 0.5,8.8860,19.3779,16.0656,5.5737,23.3468,17.9639,A,A,23
0,0,0,0,0,0,0,0,1,1,1,17.7431,36.7463,3603,0.12956748365139545,inf,10.7108,[FOCUS] STEP2: Boundary 0.5,7.7815,17.4766,9.9617,0.2665,14.0537,7.3970,A,A,22
0,0,0,0,0,0,0,0,0,0,0,19.5028,36.5561,3604,2.2333036065323175,inf,10.0000,[FOCUS] STEP2: Boundary 0.5,7.7090,17.3502,11.7938,2.1526,15.5966,8.7905,A,A,21
0,0,0,0,0,0,0,0,0,0,0,18.1468,32.7234,3607,3.818619208023192,inf,10.9509,[FOCUS] STEP2: Boundary 0.5,6.3195,14.8809,11.8273,3.2659,15.6030,10.1078,A,A,21
0,0,0,0,0,0,0,0,0,0,1,18.9037,39.9136,3606,2.5238262028616063,2.4,11.5251,[FOCUS] STEP2: Boundary 0.5,9.0380,19.6362,9.8657,-0.7325,14.6070,7.3116,B,A,22
0,0,0,0,0,0,0,0,0,0,0,19.9532,39.5427,3605,5.892575805650365,inf,16.8522,[FOCUS] STEP2: Boundary 0.5,8.8860,19.3780,11.0672,0.5752,17.9420,12.2739,A,A,23
0,0,0,0,0,0,0,0,0,0,0,18.3396,34.2501,3608,2.459629842348733,2.5,10.0413,[FOCUS] STEP2: Boundary 0.5,6.8567,15.8465,11.4830,2.4931,15.0870,8.9227,A,A,22
0,0,0,0,0,0,0,0,0,0,0,23.9045,32.8354,3609,8.292092229909718,inf,10.6026,[FOCUS] STEP2: Boundary 0.5,6.3582,14.9509,17.5464,8.9537,21.2130,15.5900,A,A,22
1,0,0,0,0,0,0,1,1,1,1,12.8148,32.0776,3611,0.0,0.0,11.8691,[FOCUS] STEP2: Boundary 0.5,6.0987,14.4794,6.7161,-1.6646,10.7373,5.6729,B,A,22
-1,-1,-1,-1,-1,-1,-1,-1,-1,-1,-1,19.408552494058885,38.10711295785579,3610,inf,inf,10.0,[FOCUS] STEP2: Boundary 0.5 [ERROR: TIMEOUT],,,,,,,,,
-1,-1,-1,-1,-1,-1,-1,-1,-1,-1,-1,25.0,32.95789336547034,3612,inf,inf,10.0,[FOCUS] STEP2: Boundary 0.5 [ERROR: TIMEOUT],,,,,,,,,
0,0,0,0,0,0,0,0,0,0,0,23.5482,32.9161,3613,6.564703747272303,inf,10.3206,[FOCUS] STEP2: Boundary 0.5,6.3861,15.0014,17.1621,8.5468,20.7389,15.0151,A,A,22
0,0,0,0,0,0,0,0,0,1,1,20.1989,39.5048,3614,0.5585480462201313,inf,10.0000,[FOCUS] STEP2: Boundary 0.5,8.8706,19.3518,11.3282,0.8471,15.4042,7.7851,A,A,21
0,0,0,0,0,1,1,1,1,1,1,25.0000,40.0000,3615,1.952920193325637,0.3,16.7496,[FOCUS] STEP2: Boundary 0.5,9.0736,19.6966,15.9264,5.3034,22.8304,17.0089,A,A,22
0,0,0,0,0,0,0,0,0,0,1,18.7565,36.2326,3616,1.7358479463478536,inf,10.0000,[FOCUS] STEP2: Boundary 0.5,7.5864,17.1360,11.1700,1.6205,14.9429,8.2255,A,A,21
0,0,0,0,0,0,0,0,0,0,1,18.0938,36.6453,3617,2.074893070609795,inf,10.0000,[FOCUS] STEP2: Boundary 0.5,7.7429,17.4094,10.3508,0.6844,14.1619,7.3313,A,A,22
0,0,0,0,0,0,0,0,0,0,1,16.3007,33.4825,3619,2.282937045548754,2.2,11.0971,[FOCUS] STEP2: Boundary 0.5,6.5839,15.3580,9.7169,0.9427,13.6210,7.9616,A,A,21
0,0,0,0,0,0,0,0,0,0,0,18.6323,30.0000,3618,12.452822066557738,inf,23.4785,[FOCUS] STEP2: Boundary 0.5,5.4149,13.2171,13.2174,5.4152,20.7201,19.4331,A,A,23
0,0,0,0,0,0,0,0,0,1,1,15.8197,32.0311,3620,0.4663796396363916,inf,10.0000,[FOCUS] STEP2: Boundary 0.5,6.0830,14.4507,9.7367,1.3690,13.1204,7.5463,A,A,22
0,0,0,0,0,0,0,0,0,0,1,17.5683,35.7184,3621,2.704353496446244,inf,11.2988,[FOCUS] STEP2: Boundary 0.5,7.3937,16.7977,10.1746,0.7706,14.3837,8.1742,A,A,21
0,0,0,0,0,0,0,0,0,0,1,18.8835,37.0841,3622,1.0503343914298022,inf,10.1212,[FOCUS] STEP2: Boundary 0.5,7.9111,17.7021,10.9725,1.1815,14.8709,7.9542,A,A,23
0,0,0,0,0,0,0,0,0,0,0,19.5416,39.4667,3623,2.4301630679476114,inf,10.0000,[FOCUS] STEP2: Boundary 0.5,8.8551,19.3253,10.6865,0.2163,14.7590,7.1504,A,A,22
0,0,0,0,0,0,0,0,0,0,1,19.7637,37.8043,3624,1.7626709620356324,inf,10.0000,[FOCUS] Error Recovery (Shifted from Loop 3610),8.1909,18.1867,11.5728,1.5770,15.4912,8.3419,A,A,21
0,0,0,0,0,0,0,0,0,0,0,25.0000,33.0451,3625,7.910409803211476,inf,10.0000,[FOCUS] Error Recovery (Shifted from Loop 3612),6.4309,15.0823,18.5691,9.9177,22.0467,16.1982,A,A,23
0,0,0,0,0,0,0,0,0,0,0,17.9645,30.9549,3626,5.482788607045136,inf,12.5380,[FOCUS] STEP2: Boundary 0.5,5.7242,13.7919,12.2403,4.1727,16.3578,11.7804,A,A,22
0,0,0,0,0,0,0,0,0,0,0,16.1832,32.9434,3627,3.2188423251522202,inf,11.9487,[FOCUS] STEP2: Boundary 0.5,6.3956,15.0185,9.7876,1.1647,13.9317,8.6567,A,A,21
0,0,0,0,0,0,0,0,0,1,1,15.6926,32.5941,3629,0.8041638405002324,4.9,10.4683,[FOCUS] STEP2: Boundary 0.5,6.2750,14.8001,9.4176,0.8925,13.0144,7.4190,A,A,22
0,0,0,0,0,1,1,1,1,1,1,20.3196,39.9220,3631,1.9478411347876832,0.3,10.9020,[FOCUS] STEP2: Boundary 0.5,9.0414,19.6421,11.2781,0.6775,15.7639,8.2877,A,A,22
0,0,0,0,0,0,0,0,0,0,0,19.9055,39.3567,3630,6.967080447106134,inf,17.5399,[FOCUS] STEP2: Boundary 0.5,8.8103,19.2491,11.0951,0.6563,18.2203,12.7992,A,A,21
0,0,0,0,0,0,0,0,0,0,1,19.0656,36.5914,3632,1.1086083077642164,inf,10.1780,[FOCUS] STEP2: Boundary 0.5,7.7224,17.3736,11.3432,1.6920,15.2171,8.4517,A,A,22
0,0,0,0,0,0,0,0,0,0,1,16.4718,34.1532,3633,0.9700767078886984,inf,10.0000,[FOCUS] STEP2: Boundary 0.5,6.8219,15.7845,9.6499,0.6873,13.2301,7.0806,A,A,21
-1,-1,-1,-1,-1,-1,-1,-1,-1,-1,-1,17.22055275631675,35.03666672796234,3628,inf,inf,10.866568801600941,[FOCUS] STEP2: Boundary 0.5 [ERROR: TIMEOUT],,,,,,,,,
0,0,0,0,0,0,0,0,0,0,1,20.3957,39.6388,3634,2.3097453334254503,inf,10.7801,[FOCUS] STEP2: Boundary 0.5,8.9253,19.4448,11.4704,0.9509,15.8778,8.4450,A,A,22
0,0,0,0,0,0,0,0,0,0,1,16.2336,33.9143,3635,0.9800588268805017,2.1,10.2852,[FOCUS] STEP2: Boundary 0.5,6.7367,15.6321,9.4969,0.6015,13.1565,7.1521,A,A,21
0,0,0,0,0,0,0,0,0,0,1,15.8582,32.5872,3636,1.1163558293303293,inf,10.0905,[FOCUS] STEP2: Boundary 0.5,6.2726,14.7959,9.5856,1.0623,13.0518,7.3526,A,A,21
0,0,0,0,0,0,0,1,1,1,1,14.8187,34.5624,3637,0.06702515506698398,0.5,11.4296,[FOCUS] STEP2: Boundary 0.5,6.9692,16.0470,7.8495,-1.2283,11.9849,6.1266,B,A,23
0,0,0,0,0,0,0,0,0,0,0,24.8568,35.8444,3638,12.482876182541258,inf,18.2298,[FOCUS] STEP2: Exploration (Max σ),7.4407,16.8803,17.4161,7.9765,24.2285,19.9452,A,A,22
0,0,0,0,0,0,0,0,0,0,0,25.0000,36.4093,3639,12.340811418557305,inf,18.1344,[FOCUS] STEP2: Exploration (Max σ),7.6532,17.2528,17.3468,7.7472,24.2183,19.7575,A,A,21
0,0,0,0,0,0,0,0,0,0,0,24.9524,35.9800,3640,13.813215139216846,inf,18.4889,[FOCUS] STEP2: Exploration (Max σ),7.4914,16.9694,17.4609,7.9829,24.3933,20.1472,A,A,23
0,0,0,0,0,0,0,0,0,0,0,25.0000,35.3985,3641,12.836383872166044,inf,17.6104,[FOCUS] STEP2: Exploration (Max σ),7.2750,16.5886,17.7250,8.4114,24.2332,19.8935,A,A,22
0,0,0,0,0,0,0,0,0,0,0,25.0000,35.1452,3642,12.847411810676975,inf,16.8604,[FOCUS] STEP2: Exploration (Max σ),7.1816,16.4237,17.8184,8.5763,24.0097,19.5258,A,A,21
0,0,0,0,0,0,0,0,0,0,0,19.2731,33.1853,3643,6.072843795528949,inf,13.2952,[FOCUS] STEP2: Exploration (Max σ),6.4797,15.1705,12.7934,4.1026,17.4342,12.4716,A,A,23
0,0,0,0,0,0,0,0,0,0,1,17.7056,34.9411,3644,1.7613442564844848,inf,10.6724,[FOCUS] Error Recovery (Shifted from Loop 3628),7.1069,16.2914,10.5987,1.4142,14.4976,8.3229,A,A,22
0,0,0,0,0,0,0,0,0,0,0,19.9642,33.3107,3645,6.89540849292122,inf,13.4227,[FOCUS] STEP2: Exploration (Max σ),6.5236,15.2495,13.4406,4.7147,18.1416,13.1811,A,A,21
0,0,0,0,0,1,1,1,1,1,1,25.0000,35.8264,3647,1.9200362339103416,1.0,18.6897,[FOCUS] STEP2: Exploration (Max σ),7.4339,16.8685,17.5661,8.1315,24.5471,20.3987,A,A,22
0,0,0,0,0,0,0,0,0,0,0,24.3378,35.7445,3646,12.276000894504282,inf,17.9904,[FOCUS] STEP2: Exploration (Max σ),7.4034,16.8148,16.9344,7.5230,23.6406,19.3162,A,A,23
0,0,0,0,0,0,0,0,0,0,0,20.0461,33.3621,3649,1.946581597703209,0.3,13.1707,[FOCUS] STEP2: Exploration (Max σ),6.5416,15.2820,13.5045,4.7641,18.1234,13.0785,A,A,22
0,0,0,0,0,0,0,0,0,0,0,18.2909,33.0456,3648,5.7328639568189255,inf,13.9596,[FOCUS] STEP2: Exploration (Max σ),6.4311,15.0827,11.8598,3.2082,16.7145,11.9756,A,A,21
0,0,0,0,0,0,0,0,0,0,0,25.0000,35.0335,3650,13.2296149817504,inf,17.4416,[FOCUS] STEP2: Exploration (Max σ),7.1407,16.3513,17.8593,8.6487,24.2461,19.9560,A,A,23
-1,0,0,-1,-1,-1,-1,-1,-1,-1,-1,24.6661,31.6810,3652,inf,inf,10.0000,[FOCUS] STEP2: Boundary 0.5,5.9651,14.2351,18.7010,10.4310,22.0522,16.5726,A,A,22
0,0,0,0,0,0,0,0,0,0,1,18.2852,36.5993,3651,1.3124175626630408,inf,10.0000,[FOCUS] STEP2: Boundary 0.5,7.7254,17.3789,10.5598,0.9063,14.3666,7.5486,A,A,21
0,0,0,0,0,0,0,0,0,0,0,19.8916,39.5172,3653,18.344444770069057,inf,12.1853,[FOCUS] STEP2: Boundary 0.5,8.8757,19.3604,11.0160,0.5313,15.9841,8.9870,A,A,22
0,0,0,0,0,0,0,0,0,0,1,20.5187,39.3688,3654,2.4422166834154453,inf,10.4881,[FOCUS] STEP2: Boundary 0.5,8.8152,19.2574,11.7035,1.2613,15.9652,8.5235,A,A,21
0,0,0,0,0,0,0,0,0,0,0,17.7326,32.6580,3655,16.217195001848488,inf,10.4022,[FOCUS] STEP2: Boundary 0.5,6.2970,14.8400,11.4356,2.8926,15.0158,9.3847,A,A,22
0,0,0,0,0,1,1,1,1,1,1,24.3476,32.1692,3656,1.918331300303275,0.4,10.7647,[FOCUS] STEP2: Boundary 0.5,6.1298,14.5361,18.2178,9.8115,21.8740,16.4763,A,A,21
0,0,0,0,0,0,0,0,0,0,0,23.7678,32.5065,3658,1.9533538719779653,0.3,10.6054,[FOCUS] STEP2: Boundary 0.5,6.2449,14.7456,17.5228,9.0222,21.1581,15.6247,A,A,21
0,0,0,0,0,0,0,0,0,0,0,20.3470,33.0344,3657,19.106811375095926,inf,12.4733,[FOCUS] STEP2: Boundary 0.5,6.4272,15.0756,13.9198,5.2714,18.2564,13.1039,A,A,22
0,0,0,0,0,0,0,0,0,0,1,15.2237,31.1118,3659,1.131152241381662,inf,10.0000,[FOCUS] STEP2: Boundary 0.5,5.7759,13.8872,9.4478,1.3365,12.7463,7.4202,A,A,23
0,0,0,0,0,0,0,0,0,0,0,20.4348,40.0000,3660,39.988850934689786,inf,16.7396,[FOCUS] STEP2: Boundary 0.5,9.0736,19.6966,11.3613,0.7383,18.2611,12.4367,A,A,21
0,0,0,0,0,0,0,0,0,0,0,17.5798,37.2583,3661,16.464381438234703,inf,11.2224,[FOCUS] STEP2: Boundary 0.5,7.9783,17.8188,9.6015,-0.2390,13.9422,7.2905,B,A,22
0,0,0,0,0,0,0,0,0,1,1,16.3257,31.9483,3662,0.8339872556016514,inf,10.1032,[FOCUS] STEP2: Boundary 0.5,6.0551,14.3997,10.2707,1.9260,13.6815,8.1586,A,A,23
0,0,0,0,0,0,0,0,0,0,0,17.7752,34.1196,3664,8.791221450532985,inf,19.3214,[FOCUS] STEP2: Exploration (Max σ),6.8099,15.7631,10.9653,2.0122,17.8769,14.3583,A,A,21
0,0,0,0,0,0,0,0,0,0,0,22.6047,35.0399,3663,14.012272795511759,inf,23.7810,[FOCUS] STEP2: Exploration (Max σ),7.1430,16.3554,15.4617,6.2493,24.1712,21.6678,A,A,23
0,0,0,0,0,0,0,0,0,0,1,14.2422,35.9917,3665,6.803312513704875,inf,24.0005,[FOCUS] STEP2: Exploration (Max σ),7.4958,16.9771,6.7464,-2.7349,15.7479,13.0585,B,A,22
0,0,0,0,0,0,0,0,0,0,0,16.5599,33.9600,3666,8.30207535474168,inf,20.1247,[FOCUS] STEP2: Exploration (Max σ),6.7529,15.6612,9.8070,0.8987,16.9761,13.7254,A,A,21
0,0,0,0,0,0,0,0,0,0,0,24.1200,38.0365,3667,9.892000257192171,inf,14.4540,[FOCUS] STEP2: Exploration (Max σ),8.2821,18.3440,15.8380,5.7761,21.5328,15.5883,A,A,23
0,0,0,0,0,0,0,0,0,0,0,18.4447,32.2527,3668,11.637258745434094,inf,23.0412,[FOCUS] STEP2: Exploration (Max σ),6.1582,14.5879,12.2865,3.8568,20.1302,18.1420,A,A,22
0,0,0,0,0,0,0,0,0,0,1,14.4493,30.5503,3669,0.9223084982074385,inf,10.4010,[FOCUS] STEP2: Boundary 0.5,5.5921,13.5472,8.8571,0.9021,12.2339,7.1703,A,A,21
0,0,0,0,0,0,0,0,0,1,1,16.2359,32.8489,3670,0.6896098175087393,inf,10.0000,[FOCUS] STEP2: Boundary 0.5,6.3628,14.9593,9.8730,1.2765,13.3325,7.5371,A,A,23
1,0,0,0,0,0,0,0,1,1,1,14.5779,30.0000,3671,0.0,0.0,10.0000,[FOCUS] STEP2: Boundary 0.5,5.4149,13.2171,9.1630,1.3608,12.3586,7.3313,A,A,22
0,0,0,0,0,0,0,0,0,0,1,18.8850,36.3588,3672,2.0802246442376795,inf,10.3010,[FOCUS] STEP2: Boundary 0.5,7.6341,17.2194,11.2509,1.6656,15.1494,8.4826,A,A,21
0,0,0,0,0,0,0,0,0,1,1,17.8412,35.8216,3673,0.699247305717227,inf,10.1460,[FOCUS] STEP2: Boundary 0.5,7.4322,16.8654,10.4090,0.9758,14.1984,7.6348,A,A,23
0,0,0,0,0,0,0,0,0,0,0,24.4306,40.0000,3674,10.404744234159509,inf,17.4497,[FOCUS] STEP2: Boundary 0.5,9.0736,19.6966,15.3571,4.7341,22.5496,16.9287,A,A,22
0,0,0,0,1,1,1,1,1,1,1,24.4106,32.4071,3675,1.9184995024645382,0.3,10.0000,[FOCUS] STEP2: Boundary 0.5,6.2109,14.6837,18.1997,9.7269,21.6182,15.9424,A,A,23
0,0,0,0,0,0,0,0,0,0,0,23.7707,31.6071,3676,8.384947120088196,inf,10.5598,[FOCUS] STEP2: Boundary 0.5,5.9404,14.1898,17.8303,9.5809,21.3619,16.0584,A,A,22
0,0,0,0,0,0,0,0,0,0,1,20.5215,39.1371,3677,2.676713786932319,inf,11.3896,[FOCUS] STEP2: Boundary 0.5,8.7213,19.0973,11.8001,1.4242,16.4037,9.2837,A,A,21
0,0,0,0,0,1,1,1,1,1,1,18.4513,38.4055,3678,1.9338856520821899,0.3,19.1644,[FOCUS] STEP2: Boundary 0.5,8.4281,18.5952,10.0232,-0.1439,17.6394,12.9380,B,A,23
0,0,0,0,0,0,0,0,0,1,1,18.5275,36.2622,3679,0.5422208502843315,inf,10.0110,[FOCUS] STEP2: Boundary 0.5,7.5976,17.1555,10.9299,1.3720,14.7096,7.9872,A,A,22
0,0,0,0,0,0,0,0,0,0,1,16.7476,35.0708,3680,1.2448736853553724,inf,10.9254,[FOCUS] STEP2: Boundary 0.5,7.1543,16.3754,9.5932,0.3721,13.5977,7.4591,A,A,21
0,0,0,0,0,0,0,0,0,0,0,17.3345,33.9802,3681,1.9506318652517878,0.3,10.0000,[FOCUS] STEP2: Boundary 0.5,6.7601,15.6741,10.5743,1.6604,14.1386,8.0361,A,A,23
0,0,0,0,0,1,1,1,1,1,1,25.0000,40.0000,3682,1.9484098161998535,0.3,14.7024,[FOCUS] STEP2: Boundary 0.5,9.0736,19.6966,15.9264,5.3034,21.9865,15.5781,A,A,22
0,0,0,0,0,0,0,0,0,0,1,14.5528,30.0000,3683,1.4896154331627989,inf,10.2883,[FOCUS] STEP2: Boundary 0.5,5.4149,13.2171,9.1379,1.3357,12.4256,7.4784,A,A,21
0,0,0,0,0,0,0,0,0,0,0,20.7107,39.8679,3684,1.9494458077991328,0.3,17.9673,[FOCUS] STEP2: Boundary 0.5,9.0192,19.6043,11.6915,1.1064,19.0754,13.6386,A,A,23
0,0,0,0,0,0,0,0,0,1,1,14.8903,30.0000,3685,0.6430289088669136,inf,10.0488,[FOCUS] STEP2: Boundary 0.5,5.4149,13.2171,9.4754,1.6732,12.6866,7.6729,A,A,22
0,0,0,0,0,0,0,0,0,1,1,18.9188,39.2730,3686,0.35123350466667813,1.9,10.0000,[FOCUS] STEP2: Boundary 0.5,8.7763,19.1912,10.1425,-0.2723,14.1970,6.6421,B,A,21
0,0,0,0,0,0,0,0,0,0,1,18.9892,36.9298,3688,1.839578512283886,inf,10.5002,[FOCUS] STEP2: Boundary 0.5,7.8517,17.5989,11.1374,1.3902,15.1668,8.4001,A,A,21
0,0,0,0,0,0,0,0,0,0,1,19.3254,37.4130,3687,2.0754040786911743,inf,10.0000,[FOCUS] STEP2: Boundary 0.5,8.0382,17.9227,11.2871,1.4027,15.1694,8.1278,A,A,22
0,0,0,0,0,0,0,0,0,0,0,18.9382,37.1361,3690,2.505176160058353,inf,10.5568,[FOCUS] STEP2: Boundary 0.5,7.9311,17.7369,11.0071,1.2013,15.0784,8.2711,A,A,21
0,0,0,0,0,0,0,0,0,0,1,19.2215,40.0000,3691,4.817991592287266,inf,16.4725,[FOCUS] STEP2: Boundary 0.5,9.0736,19.6966,10.1480,-0.4750,16.9377,11.0367,B,A,22
-1,-1,-1,-1,-1,-1,-1,-1,-1,-1,-1,17.583042156093626,35.03498599819371,3689,inf,inf,10.283721886879647,[FOCUS] STEP2: Boundary 0.5 [ERROR: TIMEOUT],,,,,,,,,
0,0,0,0,0,0,0,0,0,0,0,16.7914,30.4965,3692,10.328002002082389,inf,23.9965,[FOCUS] STEP2: Boundary 0.5,5.5747,13.5148,11.2167,3.2766,18.9953,17.7250,A,A,21
0,0,0,0,0,0,0,0,0,0,1,17.7287,36.3387,3694,1.5191720052236128,inf,10.9110,[FOCUS] STEP2: Boundary 0.5,7.6265,17.2061,10.1022,0.5226,14.2295,7.7411,A,A,22
1,0,0,0,0,0,0,1,1,1,1,15.9507,35.8450,3693,0.0,0.0,10.6334,[FOCUS] STEP2: Boundary 0.5,7.4409,16.8807,8.5098,-0.9300,12.4835,6.0513,B,A,21
0,0,0,0,0,0,0,0,0,0,1,20.7153,40.0000,3696,1.7704120783828188,inf,10.1058,[FOCUS] STEP2: Boundary 0.5,9.0736,19.6966,11.6417,1.0188,15.8072,8.0812,A,A,21
0,0,0,0,0,0,0,0,0,0,1,15.7282,32.9351,3695,1.7525562337115745,1.5,11.6017,[FOCUS] STEP2: Boundary 0.5,6.3927,15.0134,9.3355,0.7149,13.3584,7.9884,A,A,22
0,0,0,0,0,1,1,1,1,1,1,24.9969,31.8830,3697,1.9233649115558915,0.3,10.2397,[FOCUS] STEP2: Boundary 0.5,6.0330,14.3594,18.9639,10.6375,22.4146,16.9474,A,A,23
0,0,0,0,1,1,1,1,1,1,1,24.4933,39.5188,3700,1.9348048813987195,0.3,24.0935,[FOCUS] STEP2: Exploration (Max σ),8.8763,19.3614,15.6170,5.1319,25.4406,21.8515,A,A,23
0,0,0,0,0,0,0,0,0,0,0,18.1187,30.1399,3698,11.984888289000864,inf,24.0367,[FOCUS] STEP2: Boundary 0.5,5.4596,13.3007,12.6591,4.8180,20.3713,19.2034,A,A,21
0,0,0,0,0,0,0,0,0,0,0,24.7898,31.4842,3699,15.259725510233048,inf,17.7254,[FOCUS] STEP2: Exploration (Max σ),5.8994,14.1145,18.8904,10.6754,24.7984,21.5261,A,A,22
0,0,0,0,0,0,0,0,0,0,0,23.0571,30.2409,3701,1.9510396675165602,0.3,12.6112,[FOCUS] STEP2: Exploration (Max σ),5.4921,13.3612,17.5650,9.6959,21.6231,17.2564,A,A,23
0,0,0,0,0,0,0,0,0,0,0,20.2792,31.9801,3702,5.312226913415419,inf,10.6636,[FOCUS] STEP2: Exploration (Max σ),6.0658,14.4192,14.2134,5.8599,17.8166,12.4416,A,A,21
0,0,0,0,0,0,0,0,0,0,0,19.5183,32.1456,3704,1.9480733214439492,0.3,15.0767,[FOCUS] STEP2: Exploration (Max σ),6.1218,14.5215,13.3965,4.9968,18.5140,14.3276,A,A,23
0,0,0,0,0,0,0,0,0,0,0,21.1969,34.1561,3703,11.207559298084172,inf,18.6542,[FOCUS] STEP2: Exploration (Max σ),6.8230,15.7864,14.3739,5.4105,21.0531,17.3372,A,A,22
0,0,0,0,0,0,0,0,0,0,1,17.6554,34.6709,3705,2.3488810242781737,2.4,10.9288,[FOCUS] Error Recovery (Shifted from Loop 3689),7.0085,16.1169,10.6469,1.5385,14.6121,8.5833,A,A,21
0,0,0,0,0,0,0,0,0,0,0,20.9709,31.9753,3708,1.949828777185636,0.3,25.0000,[FOCUS] STEP2: Boundary 0.5,6.0641,14.4163,14.9068,6.5547,23.3531,21.9836,A,A,23
0,0,0,0,0,0,0,0,0,0,0,25.0000,40.0000,3706,11.172854981721006,inf,17.7266,[FOCUS] STEP2: Boundary 0.5,9.0736,19.6966,15.9264,5.3034,23.2331,17.6916,A,A,21
0,0,0,0,0,0,0,0,0,0,0,22.8533,40.0000,3709,1.9517921033615646,0.3,15.0398,[FOCUS] STEP2: Boundary 0.5,9.0736,19.6966,13.7797,3.1568,19.9789,13.6672,A,A,23
0,0,0,0,0,0,0,0,0,0,0,25.0000,39.8798,3707,8.025687859440728,inf,14.2233,[FOCUS] STEP2: Boundary 0.5,9.0241,19.6126,15.9759,5.3874,21.8227,15.3099,A,A,22
0,0,0,0,0,0,0,0,0,0,0,17.0387,39.7513,3711,1.9520801595712454,0.3,10.7040,[FOCUS] STEP2: Boundary 0.5,8.9714,19.5231,8.0673,-2.4844,12.4547,4.9690,B,A,23
0,0,0,0,0,0,0,0,0,0,0,25.0000,32.7639,3710,7.6864435323733575,inf,11.2109,[FOCUS] STEP2: Boundary 0.5,6.3335,14.9061,18.6665,10.0939,22.5361,17.1028,A,A,21
0,0,0,0,0,0,0,0,0,0,0,19.1444,39.2709,3712,1.9443388383231535,0.3,10.5719,[FOCUS] STEP2: Boundary 0.5,8.7755,19.1898,10.3689,-0.0453,14.6551,7.2644,B,A,23
0,0,0,0,0,0,0,0,0,0,0,22.4406,39.2869,3713,12.181789729359094,inf,22.7450,[FOCUS] STEP2: Boundary 0.5,8.7820,19.2008,13.6586,3.2398,22.8835,18.9699,A,A,22
1,0,0,0,0,0,0,1,1,1,1,14.4802,33.0506,3714,0.0,0.0,10.3927,[FOCUS] STEP2: Boundary 0.5,6.4328,15.0858,8.0475,-0.6055,11.6622,5.9222,B,A,21
0,0,0,0,0,0,0,0,0,0,0,18.3625,36.7894,3715,1.946374682135816,0.3,11.9711,[FOCUS] STEP2: Boundary 0.5,7.7980,17.5053,10.5645,0.8571,15.1428,8.8319,A,A,23
1,0,0,0,0,0,0,1,1,1,1,15.2023,33.0188,3716,0.0,0.0,10.1552,[FOCUS] STEP2: Boundary 0.5,6.4218,15.0658,8.7806,0.1365,12.3097,6.5117,A,A,22
0,0,0,0,0,0,0,0,0,0,0,17.6064,30.5873,3717,6.550428464312125,4.4,13.5866,[FOCUS] STEP2: Boundary 0.5,5.6041,13.5695,12.0022,4.0369,16.4178,12.2300,A,A,21
1,0,0,0,0,0,0,1,1,1,1,19.4874,38.3205,3718,0.0,0.0,10.1501,[FOCUS] STEP2: Boundary 0.5,8.3944,18.5372,11.0930,0.9502,15.1189,7.8700,A,A,22
0,0,0,0,0,0,0,0,0,0,1,14.8476,30.5613,3719,1.3972974661081954,inf,10.4046,[FOCUS] STEP2: Boundary 0.5,5.5957,13.5538,9.2519,1.2938,12.6309,7.5654,A,A,23
0,0,0,0,0,0,0,0,0,0,0,17.8817,30.0000,3720,11.666701902832072,inf,22.9996,[FOCUS] STEP2: Boundary 0.5,5.4149,13.2171,12.4668,4.6646,19.8165,18.3966,A,A,21
0,0,0,0,0,0,0,0,1,1,1,15.4439,34.6073,3722,0.2093899353896477,inf,10.9576,[FOCUS] STEP2: Boundary 0.5,6.9855,16.0759,8.4584,-0.6320,12.4276,6.4242,B,A,23
0,0,0,0,0,0,0,0,0,1,1,16.7232,35.8016,3721,0.34438367524499525,inf,10.0000,[FOCUS] STEP2: Boundary 0.5,7.4247,16.8523,9.2985,-0.1291,13.0315,6.4320,B,A,22
0,0,0,0,0,0,0,0,0,0,1,16.7926,36.0366,3723,1.6874958783925686,inf,11.7924,[FOCUS] STEP2: Boundary 0.5,7.5126,17.0067,9.2800,-0.2140,13.7077,7.5513,B,A,21
0,0,0,0,0,0,0,0,0,0,0,22.7280,32.3407,3724,14.811952352382926,inf,21.4308,[FOCUS] STEP2: Boundary 0.5,6.1882,14.6425,16.5397,8.0855,23.8527,21.3914,A,A,21
0,0,0,0,0,0,0,0,0,0,0,17.7247,32.6634,3725,2.6140992674939256,inf,10.8211,[FOCUS] STEP2: Boundary 0.5,6.2988,14.8434,11.4259,2.8813,15.1508,9.6355,A,A,22
0,0,0,0,0,0,0,0,0,0,0,20.8457,40.0000,3726,2.9915418527053674,inf,11.2517,[FOCUS] STEP2: Boundary 0.5,9.0736,19.6966,11.7721,1.1491,16.4099,9.0123,A,A,23
0,0,0,0,0,0,0,0,0,0,1,16.5901,34.3253,3727,1.5971709411845125,inf,10.4719,[FOCUS] STEP2: Boundary 0.5,6.8837,15.8947,9.7064,0.6954,13.4723,7.4087,A,A,21
0,0,0,0,0,0,0,0,0,0,1,17.9241,35.3473,3728,1.7095418138437235,inf,10.7121,[FOCUS] STEP2: Boundary 0.5,7.2560,16.5552,10.6680,1.3689,14.6217,8.3476,A,A,23
0,0,0,0,0,0,0,0,1,1,1,14.6688,34.4029,3729,0.4702103446134706,inf,11.7265,[FOCUS] STEP2: Boundary 0.5,6.9116,15.9445,7.7572,-1.2757,11.9827,6.2512,B,A,21
0,0,0,0,0,0,0,0,0,0,1,17.1286,34.5445,3730,1.6280025704457075,inf,10.4349,[FOCUS] STEP2: Boundary 0.5,6.9627,16.0355,10.1659,1.0931,13.9397,7.8060,A,A,21
0,0,0,0,0,0,0,0,0,0,1,16.1749,33.6480,3732,1.1560594685382133,inf,10.6480,[FOCUS] STEP2: Boundary 0.5,6.6422,15.4628,9.5327,0.7121,13.2951,7.4649,A,A,23
1,0,0,0,0,0,0,1,1,1,1,14.0317,31.9576,3731,0.0,0.0,10.4750,[FOCUS] STEP2: Boundary 0.5,6.0582,14.4053,7.9736,-0.3736,11.5109,6.0893,B,A,22
0,0,0,0,0,0,0,0,0,0,1,16.4527,34.2618,3733,1.1569643117414439,inf,10.3975,[FOCUS] STEP2: Boundary 0.5,6.8609,15.8540,9.5918,0.5987,13.3249,7.2576,A,A,21
0,0,0,0,0,0,0,0,0,1,1,19.0384,39.1411,3734,1.1466971076874084,inf,10.8976,[FOCUS] STEP2: Boundary 0.5,8.7230,19.1001,10.3154,-0.0617,14.7206,7.4588,B,A,23
0,0,0,0,0,0,0,0,0,0,0,24.6976,36.0348,3735,13.844092511994516,inf,19.1401,[FOCUS] STEP2: Boundary 0.5,7.5120,17.0055,17.1856,7.6921,24.3719,20.2955,A,A,22
0,0,0,0,0,0,0,0,0,0,0,24.3045,31.3530,3738,17.80145051713971,inf,24.0647,[FOCUS] STEP2: Exploration (Max σ),5.8557,14.0342,18.4488,10.2703,26.4404,24.9696,A,A,21
0,0,0,0,0,0,0,0,0,0,0,22.8819,35.3879,3737,11.846796681901449,inf,20.0243,[FOCUS] STEP2: Exploration (Max σ),7.2711,16.5817,15.6109,6.3002,23.0091,19.3540,A,A,23
0,0,0,0,0,0,0,0,0,0,0,24.6954,37.6959,3736,12.237117914547927,inf,16.9375,[FOCUS] STEP2: Exploration (Max σ),8.1484,18.1134,16.5470,6.5821,23.1669,18.0215,A,A,22
0,0,0,0,0,0,0,0,0,0,0,22.1477,38.0354,3741,7.303141021975966,inf,14.3056,[FOCUS] STEP2: Exploration (Max σ),8.2816,18.3432,13.8660,3.8044,19.5022,13.5157,A,A,22
0,0,0,0,0,0,0,0,0,0,0,16.1684,36.0956,3739,7.055050540703105,inf,19.6393,[FOCUS] STEP2: Exploration (Max σ),7.5348,17.0456,8.6336,-0.8772,16.0183,12.0672,B,A,21
0,0,0,0,0,0,0,0,0,0,0,15.5658,34.8384,3740,7.891230854637004,inf,24.0449,[FOCUS] STEP2: Exploration (Max σ),7.0694,16.2250,8.4963,-0.6592,17.2577,14.8811,B,A,23
0,0,0,0,0,0,0,0,0,0,1,20.1222,38.9871,3744,2.140631803484824,4.5,10.9936,[FOCUS] STEP2: Boundary 0.5,8.6608,18.9939,11.4614,1.1283,15.8896,8.6978,A,A,23
0,0,0,0,0,0,0,0,0,0,0,18.9471,30.6389,3743,11.18707137201235,inf,21.5836,[FOCUS] STEP2: Boundary 0.5,5.6209,13.6006,13.3262,5.3465,20.3511,18.3734,A,A,21
0,0,0,0,0,0,0,0,0,0,0,20.8519,32.3276,3742,14.531390626768726,inf,24.7893,[FOCUS] STEP2: Boundary 0.5,6.1837,14.6343,14.6681,6.2176,23.1242,21.6054,A,A,22
0,0,0,0,0,0,0,0,0,0,0,23.4685,32.5830,3745,7.5366602548415145,inf,10.2560,[FOCUS] STEP2: Boundary 0.5,6.2712,14.7932,17.1973,8.6753,20.7201,15.0684,A,A,23
0,0,0,0,0,1,1,1,1,1,1,25.0000,31.8548,3746,1.9154188008261261,0.3,10.0000,[FOCUS] STEP2: Boundary 0.5,6.0235,14.3420,18.9765,10.6580,22.3439,16.8174,A,A,22
0,0,0,0,1,1,1,1,1,1,1,18.9978,39.3127,3747,1.9337472439448906,0.3,19.2805,[FOCUS] STEP2: Boundary 0.5,8.7925,19.2186,10.2054,-0.2208,18.0298,13.1184,B,A,22
-1,0,0,-1,-1,-1,-1,-1,-1,-1,-1,16.3491,35.3857,3749,inf,inf,11.9843,[FOCUS] STEP2: Boundary 0.5,7.2702,16.5802,9.0789,-0.2311,13.5064,7.5812,B,A,22
0,0,0,0,0,0,0,0,0,0,1,19.9650,39.7251,3748,2.7327772412675713,inf,11.4885,[FOCUS] STEP2: Boundary 0.5,8.9606,19.5048,11.0044,0.4602,15.7105,8.4567,A,A,21
0,0,0,0,0,0,0,0,0,0,1,17.9223,36.7925,3750,1.2202687605816442,inf,10.6071,[FOCUS] STEP2: Boundary 0.5,7.7991,17.5074,10.1232,0.4149,14.1801,7.4813,A,A,23
0,0,0,0,0,1,1,1,1,1,1,25.0000,31.8423,3751,1.9134783204727681,0.3,10.0000,[FOCUS] STEP2: Boundary 0.5,6.0193,14.3343,18.9807,10.6657,22.3469,16.8238,A,A,22
0,0,0,0,0,0,0,0,0,1,1,18.0560,37.4027,3752,0.4310282468330275,inf,10.0484,[FOCUS] STEP2: Boundary 0.5,8.0342,17.9158,10.0218,0.1402,13.9218,6.8968,A,A,21
0,0,0,0,0,0,0,0,0,0,0,17.0245,30.6150,3753,10.343706532799075,inf,23.5430,[FOCUS] STEP2: Boundary 0.5,5.6131,13.5862,11.4113,3.4383,19.0688,17.6421,A,A,23
-1,0,0,-1,-1,-1,-1,-1,-1,-1,-1,15.1650,34.5184,3756,inf,inf,10.0000,[FOCUS] STEP2: Boundary 0.5,6.9533,16.0187,8.2117,-0.8537,11.8258,5.5768,B,A,22
0,0,0,0,0,0,0,0,0,0,1,19.2229,39.0006,3755,1.682309845129988,2.0,10.7083,[FOCUS] STEP2: Boundary 0.5,8.6662,19.0032,10.5567,0.2197,14.8713,7.5943,A,A,23
0,0,0,0,0,0,0,0,0,0,1,19.5719,39.3286,3754,1.784891403878787,inf,11.3654,[FOCUS] STEP2: Boundary 0.5,8.7989,19.2296,10.7730,0.3422,15.3869,8.2072,A,A,21
0,0,0,0,0,0,0,0,0,0,0,24.0872,32.6666,3757,8.85855138474647,inf,10.5633,[FOCUS] STEP2: Boundary 0.5,6.2999,14.8454,17.7872,9.2418,21.4237,15.8354,A,A,23
0,0,0,0,0,0,0,0,0,0,0,18.0869,35.6595,3758,2.5534332684988983,inf,10.6851,[FOCUS] STEP2: Boundary 0.5,7.3718,16.7591,10.7152,1.3278,14.6898,8.3230,A,A,21
0,0,0,0,0,0,0,0,1,1,1,18.1660,39.6128,3759,0.15371698282956592,1.6,10.3377,[FOCUS] STEP2: Boundary 0.5,8.9147,19.4268,9.2513,-1.2608,13.4753,5.9230,B,A,23
0,0,0,0,0,0,0,0,0,0,0,23.1317,32.0260,3761,8.07595269523088,inf,10.6433,[FOCUS] STEP2: Boundary 0.5,6.0813,14.4476,17.0503,8.6840,20.6512,15.2581,A,A,23
1,0,0,0,0,0,0,0,1,1,1,17.5515,37.0083,3762,0.0,0.0,10.2097,[FOCUS] STEP2: Boundary 0.5,7.8819,17.6513,9.6696,-0.0999,13.5949,6.7242,B,A,22
0,0,0,0,0,0,0,0,0,0,0,24.1881,32.5782,3760,8.603183788558589,inf,11.0195,[FOCUS] STEP2: Boundary 0.5,6.2695,14.7902,17.9186,9.3979,21.7030,16.2663,A,A,21
0,0,0,0,0,0,0,0,0,1,1,19.8466,39.2641,3763,0.8897395238221897,inf,10.0000,[FOCUS] STEP2: Boundary 0.5,8.7727,19.1850,11.0739,0.6616,15.1276,7.5751,A,A,23
0,0,0,0,0,0,0,0,0,1,1,19.7642,39.3008,3764,0.7597783449255882,inf,10.0536,[FOCUS] STEP2: Boundary 0.5,8.7876,19.2104,10.9765,0.5537,15.0553,7.5081,A,A,22
0,0,0,0,0,0,0,0,0,0,1,19.0995,37.3783,3765,1.076447484299966,inf,10.0045,[FOCUS] STEP2: Boundary 0.5,8.0248,17.8993,11.0747,1.2001,14.9555,7.9247,A,A,21
0,0,0,0,1,1,1,1,1,1,1,24.5092,32.1681,3767,1.9211688374465934,0.3,10.0000,[FOCUS] STEP2: Boundary 0.5,6.1295,14.5355,18.3797,9.9737,21.7761,16.1649,A,A,23
0,0,0,0,0,0,0,0,0,0,1,15.3424,31.9514,3766,0.9653337924953252,inf,10.1694,[FOCUS] STEP2: Boundary 0.5,6.0561,14.4016,9.2863,0.9409,12.7198,7.2145,A,A,22
0,0,0,0,0,0,0,0,1,1,1,17.5647,36.4142,3768,0.050096353318055835,0.6,10.0000,[FOCUS] STEP2: Boundary 0.5,7.6551,17.2561,9.9096,0.3086,13.6993,6.9320,A,A,21
0,0,0,0,0,1,1,1,1,1,1,17.4738,35.2059,3769,1.9353673544406151,0.3,10.0000,[FOCUS] STEP2: Boundary 0.5,7.2039,16.4632,10.2699,1.0106,13.9476,7.5111,A,A,23
0,0,0,0,0,1,1,1,1,1,1,25.0000,30.3820,3771,1.9155714156314159,0.3,10.0000,[FOCUS] STEP2: Boundary 0.5,5.5376,13.4459,19.4624,11.5541,22.6933,17.5635,A,A,21
0,0,0,0,0,0,0,0,0,0,0,22.4082,39.9081,3770,5.613206990261444,inf,14.8838,[FOCUS] STEP2: Boundary 0.5,9.0357,19.6324,13.3725,2.7758,19.4947,13.1634,A,A,22
0,0,0,0,0,0,0,0,0,0,0,18.0450,31.9363,3773,1.951373301010681,0.3,25.0000,[FOCUS] STEP2: Exploration (Max σ),6.0510,14.3922,11.9940,3.6528,20.4313,19.0718,A,A,21
0,0,0,0,0,0,0,0,0,0,0,17.3704,34.0871,3772,1.9524628222088272,0.3,25.0000,[FOCUS] STEP2: Exploration (Max σ),6.7983,15.7423,10.5721,1.6281,19.5075,17.5945,A,A,23
0,0,0,0,0,0,0,0,0,0,0,18.2938,32.9982,3774,6.882334801004961,inf,16.7987,[FOCUS] STEP2: Exploration (Max σ),6.4146,15.0529,11.8793,3.2409,17.7139,13.7833,A,A,22
-1,0,0,-1,-1,-1,-1,-1,-1,-1,-1,17.9530,35.4513,3775,inf,inf,20.7724,[FOCUS] STEP2: Exploration (Max σ),7.2945,16.6230,10.6586,1.3300,18.3454,14.8849,A,A,21
0,0,0,0,0,0,0,0,0,0,0,17.5849,33.2830,3776,11.267099544048918,inf,25.0000,[FOCUS] STEP2: Exploration (Max σ),6.5139,15.2320,11.0711,2.3529,19.8202,18.1147,A,A,22
0,0,0,0,0,0,0,0,0,0,0,25.0000,38.6220,3777,4.252157136614542,inf,10.0000,[FOCUS] STEP2: Exploration (Max σ),8.5144,18.7432,16.4856,6.2568,20.4798,13.1050,A,A,21
0,0,0,0,0,0,0,0,0,0,0,20.2057,39.6963,3778,3.7630473982267274,inf,10.8605,[FOCUS] STEP2: Boundary 0.5,8.9488,19.4848,11.2569,0.7209,15.7029,8.2771,A,A,22
0,0,0,0,0,0,0,0,0,0,1,19.2946,38.1093,3780,0.9764321386673742,inf,10.0000,[FOCUS] STEP2: Boundary 0.5,8.3108,18.3934,10.9838,0.9012,14.9305,7.6972,A,A,21
0,0,0,0,0,0,0,0,0,0,1,19.9655,39.4079,3781,1.867606652082983,inf,10.0000,[FOCUS] STEP2: Boundary 0.5,8.8311,19.2845,11.1344,0.6810,15.2014,7.6092,A,A,22
0,0,0,0,0,0,0,0,0,0,1,16.3122,34.0505,3782,1.6458953586406708,inf,10.2768,[FOCUS] STEP2: Boundary 0.5,6.7852,15.7189,9.5270,0.5933,13.1966,7.1528,A,A,21
0,0,0,0,0,1,1,1,1,1,1,24.5739,32.0830,3783,1.9184806490967732,0.3,10.0000,[FOCUS] STEP2: Boundary 0.5,6.1006,14.4828,18.4733,10.0911,21.8618,16.2737,A,A,22
-1,-1,-1,-1,-1,-1,-1,-1,-1,-1,-1,17.776169314880647,35.01029903447096,3779,inf,inf,10.130051089109635,[FOCUS] STEP2: Boundary 0.5 [ERROR: TIMEOUT],,,,,,,,,
0,0,0,0,0,0,0,0,0,0,0,19.4157,39.5303,3785,1.9537919065983564,0.3,10.4617,[FOCUS] STEP2: Boundary 0.5,8.8810,19.3695,10.5347,0.0463,14.8014,7.3074,A,A,22
0,0,0,0,0,0,0,0,0,0,1,16.2379,33.1426,3784,0.9602983088117255,inf,10.0937,[FOCUS] STEP2: Boundary 0.5,6.4648,15.1436,9.7731,1.0943,13.2924,7.4437,A,A,21
0,0,0,0,0,0,0,0,0,0,0,21.7540,32.0180,3786,14.877639620722986,inf,25.0000,[FOCUS] STEP2: Boundary 0.5,6.0786,14.4426,15.6754,7.3114,24.1316,22.7512,A,A,21
0,0,0,0,0,0,0,0,0,0,1,18.1119,36.9652,3787,2.073411991862878,inf,10.4921,[FOCUS] STEP2: Boundary 0.5,7.8653,17.6225,10.2466,0.4894,14.2764,7.4976,A,A,21
0,0,0,0,0,0,0,0,0,0,0,24.3973,32.3016,3789,9.114163248863465,inf,11.9170,[FOCUS] STEP2: Boundary 0.5,6.1749,14.6182,18.2224,9.7791,22.2847,17.1734,A,A,22
0,0,0,0,0,0,0,0,0,0,0,24.8905,30.0512,3790,13.982182857155873,inf,15.1914,[FOCUS] STEP2: Exploration (Max σ),5.4312,13.2477,19.4593,11.6429,24.3210,20.7208,A,A,21
0,0,0,0,0,0,0,0,0,0,0,21.3712,37.9935,3791,11.3216244271087,inf,21.2359,[FOCUS] STEP2: Exploration (Max σ),8.2652,18.3148,13.1060,3.0564,21.4644,17.4632,A,A,22
-1,-1,-1,-1,-1,-1,-1,-1,-1,-1,-1,18.568465242191756,30.63094709770217,3788,inf,inf,21.755373954491947,[FOCUS] STEP2: Boundary 0.5 [ERROR: TIMEOUT],,,,,,,,,
0,0,0,0,0,0,0,0,0,0,0,19.8921,40.0000,3792,11.309294752497367,inf,24.3421,[FOCUS] STEP2: Exploration (Max σ),9.0736,19.6966,10.8185,0.1955,20.8520,17.2069,A,A,21
0,0,0,0,0,0,0,0,0,0,0,18.7651,38.3401,3793,9.920889635359096,inf,23.8261,[FOCUS] STEP2: Exploration (Max σ),8.4021,18.5506,10.3630,0.2146,19.8174,16.4628,A,A,22
0,0,0,0,0,0,0,0,0,0,0,19.4531,36.9213,3794,11.190802359899092,inf,24.9424,[FOCUS] STEP2: Exploration (Max σ),7.8485,17.5932,11.6046,1.8599,21.1742,18.5091,A,A,21
0,0,0,0,0,0,0,0,0,0,0,21.8965,34.5834,3795,13.347316733704602,inf,21.0851,[FOCUS] STEP2: Exploration (Max σ),6.9768,16.0605,14.9197,5.8360,22.5527,19.4086,A,A,22
0,0,0,0,0,0,0,0,0,1,1,18.0223,35.1158,3796,0.8287109511730537,inf,10.3294,[FOCUS] Error Recovery (Shifted from Loop 3779),7.1709,16.4047,10.8514,1.6176,14.6417,8.3227,A,A,23
0,0,0,0,0,0,0,0,0,0,0,17.8220,32.2942,3797,9.661803954514165,inf,19.7189,[FOCUS] STEP2: Exploration (Max σ),6.1724,14.6136,11.6496,3.2084,18.3699,15.4421,A,A,21
0,0,0,0,0,0,0,0,0,0,0,22.0901,36.7929,3798,11.54920422700862,inf,20.4446,[FOCUS] STEP2: Exploration (Max σ),7.7993,17.5076,14.2908,4.5824,22.1104,18.2026,A,A,22
0,0,0,0,0,0,0,0,0,0,0,24.5926,32.6567,3799,11.284463245178934,inf,13.5244,[FOCUS] STEP2: Exploration (Max σ),6.2965,14.8392,18.2961,9.7534,22.9507,18.1939,A,A,23
0,0,0,0,0,0,0,0,0,0,0,22.1249,32.1046,3800,10.819154648932015,inf,15.1065,[FOCUS] STEP2: Exploration (Max σ),6.1079,14.4962,16.0170,7.6288,21.1389,16.9718,A,A,22
0,0,0,0,0,0,0,0,0,0,0,17.8765,40.0000,3801,10.410303461512385,inf,22.3595,[FOCUS] STEP2: Exploration (Max σ),9.0736,19.6966,8.8029,-1.8201,18.0192,13.8058,B,A,23
0,0,0,0,0,0,0,0,0,0,0,13.8518,31.0925,3802,6.293417463239151,inf,19.7404,[FOCUS] STEP2: Exploration (Max σ),5.7695,13.8754,8.0823,-0.0237,14.5902,11.9819,B,A,21
0,0,0,0,0,0,0,0,0,0,0,19.0659,30.7728,3803,11.843602453061889,inf,21.8872,[FOCUS] Error Recovery (Shifted from Loop 3788),5.6646,13.6815,13.4013,5.3844,20.5521,18.6243,A,A,22
0,0,0,0,0,0,0,0,1,1,1,18.5507,39.0087,3804,0.46482527424583026,inf,10.7724,[FOCUS] STEP2: Boundary 0.5,8.6695,19.0088,9.8812,-0.4581,14.2225,6.9614,B,A,23
0,0,0,0,0,0,0,0,0,0,0,25.0000,39.6062,3805,9.581580635807168,inf,15.2896,[FOCUS] STEP2: Boundary 0.5,8.9119,19.4221,16.0881,5.5779,22.3344,16.2017,A,A,21
0,0,0,0,0,0,0,0,0,0,1,19.8249,39.1035,3806,1.7792921393563716,inf,10.7217,[FOCUS] STEP2: Boundary 0.5,8.7078,19.0742,11.1171,0.7507,15.4474,8.1457,A,A,22
0,0,0,0,0,0,0,0,0,1,1,16.3897,33.0740,3807,0.622336140038481,inf,10.2272,[FOCUS] STEP2: Boundary 0.5,6.4410,15.1005,9.9487,1.2892,13.5081,7.7154,A,A,23
0,0,0,0,0,0,0,0,0,0,1,15.1371,30.0000,3808,1.3156779247956802,inf,10.0000,[FOCUS] STEP2: Boundary 0.5,5.4149,13.2171,9.7223,1.9201,12.9178,7.8906,A,A,21
0,0,0,0,0,0,0,0,0,0,1,20.0222,39.3989,3809,2.450436815190446,inf,11.9227,[FOCUS] STEP2: Boundary 0.5,8.8275,19.2783,11.1947,0.7439,16.0427,9.0031,A,A,22
0,0,0,0,0,0,0,0,0,0,0,20.7392,31.5888,3810,8.13468418864204,inf,13.1816,[FOCUS] STEP2: Exploration (Max σ),5.9343,14.1785,14.8050,6.5607,19.2112,14.6440,A,A,22
0,0,0,0,0,0,0,0,0,0,0,22.4355,34.5053,3811,10.218734751172308,inf,16.0222,[FOCUS] STEP2: Exploration (Max σ),6.9486,16.0103,15.4869,6.4252,21.2755,16.7261,A,A,21
0,0,0,0,0,0,0,0,0,0,0,21.5708,34.2693,3812,8.942029618515436,inf,15.3616,[FOCUS] STEP2: Exploration (Max σ),6.8636,15.8589,14.7072,5.7119,20.2236,15.5512,A,A,23
0,0,0,0,0,0,0,0,0,0,0,19.3803,30.4441,3813,5.622976402094488,inf,10.8203,[FOCUS] STEP2: Exploration (Max σ),5.5577,13.4832,13.8226,5.8970,17.3248,12.4063,A,A,21
0,0,0,0,0,0,0,0,0,0,0,21.4067,34.5579,3814,8.390978940749104,inf,14.6760,[FOCUS] STEP2: Exploration (Max σ),6.9676,16.0441,14.4391,5.3626,19.7485,14.8058,A,A,23
0,0,0,0,0,0,0,0,0,0,0,21.2442,38.2988,3815,7.790519249347294,inf,15.9368,[FOCUS] STEP2: Exploration (Max σ),8.3858,18.5224,12.8585,2.7218,19.1762,13.5832,A,A,21
0,0,0,0,0,0,0,0,0,1,1,18.6296,37.5352,3818,0.869678693846161,inf,10.3456,[FOCUS] STEP2: Boundary 0.5,8.0858,18.0050,10.5439,0.6247,14.5720,7.5951,A,A,23
0,0,0,0,0,0,0,0,0,0,0,19.5579,38.8807,3816,8.326444774751517,inf,19.5999,[FOCUS] STEP2: Boundary 0.5,8.6180,18.9207,10.9399,0.6372,18.8155,14.1112,A,A,21
0,0,0,0,0,0,0,0,0,0,0,20.0230,39.8792,3819,7.163024090336206,inf,17.4663,[FOCUS] STEP2: Boundary 0.5,9.0239,19.6122,10.9991,0.4108,18.1790,12.5956,A,A,21
-1,-1,-1,-1,-1,-1,-1,-1,-1,-1,-1,17.43206782283327,33.80875177902191,3817,inf,inf,10.1720092890403,[FOCUS] STEP2: Boundary 0.5 [ERROR: TIMEOUT],,,,,,,,,
0,0,0,0,0,0,0,0,0,0,0,23.2553,32.0648,3820,15.280017030193964,inf,22.1235,[FOCUS] STEP2: Boundary 0.5,6.0944,14.4715,17.1609,8.7837,24.6537,22.4576,A,A,21
0,0,0,0,0,0,0,0,0,0,0,19.6133,40.0000,3821,5.866217600425351,inf,16.3123,[FOCUS] STEP2: Boundary 0.5,9.0736,19.6966,10.5397,-0.0833,17.2634,11.3165,B,A,23
0,0,0,0,0,0,0,0,0,0,0,22.6016,35.3827,3822,7.462093491310961,inf,12.6780,[FOCUS] STEP2: Exploration (Max σ),7.2691,16.5783,15.3324,6.0233,20.0159,14.2874,A,A,21
0,0,0,0,0,0,0,0,0,0,0,25.0000,31.0544,3823,11.654697086313568,inf,13.6083,[FOCUS] STEP2: Exploration (Max σ),5.7570,13.8523,19.2430,11.1477,23.7246,19.4186,A,A,23
0,0,0,0,0,0,0,0,0,0,0,21.6053,37.9436,3825,4.288603813116291,inf,12.4108,[FOCUS] STEP2: Exploration (Max σ),8.2455,18.2810,13.3598,3.3244,18.2390,11.7378,A,A,23
0,0,0,0,0,0,0,0,0,0,0,17.5994,30.0000,3826,5.392224749906008,inf,11.3477,[FOCUS] STEP2: Exploration (Max σ),5.4149,13.2171,12.1845,4.3823,15.8108,11.1575,A,A,21
0,0,0,0,0,0,0,0,0,0,1,15.7009,39.2860,3824,6.472765578710606,inf,22.5682,[FOCUS] STEP2: Exploration (Max σ),8.7816,19.2002,6.9193,-3.4993,16.0723,12.1084,B,A,22
0,0,0,0,0,0,0,0,0,0,1,16.9711,33.6535,3828,1.8024322412437752,inf,10.0811,[FOCUS] Error Recovery (Shifted from Loop 3817),6.6442,15.4664,10.3269,1.5048,13.8896,7.8986,A,A,21
0,0,0,0,0,0,0,0,0,0,0,21.1323,36.6438,3827,12.159546730457869,inf,23.8662,[FOCUS] STEP2: Exploration (Max σ),7.7424,17.4085,13.3899,3.7238,22.4852,19.5873,A,A,23
0,0,0,0,0,0,0,0,0,1,1,16.6324,35.7056,3829,1.216006187386096,inf,11.9106,[FOCUS] STEP2: Boundary 0.5,7.3889,16.7893,9.2435,-0.1570,13.6791,7.6461,B,A,22
0,0,0,0,0,0,0,0,0,0,1,20.7217,39.0024,3831,2.3080048749653628,inf,10.1051,[FOCUS] STEP2: Boundary 0.5,8.6670,19.0045,12.0547,1.7173,16.1265,8.6766,A,A,23
0,0,0,0,0,0,0,0,0,0,0,20.0407,39.4799,3830,7.684875478052631,inf,17.9044,[FOCUS] STEP2: Boundary 0.5,8.8604,19.3344,11.1802,0.7062,18.4739,13.1239,A,A,21
0,0,0,0,0,0,0,0,0,0,0,22.6535,38.7748,3832,11.820165246080679,inf,22.4281,[FOCUS] STEP2: Boundary 0.5,8.5755,18.8480,14.0779,3.8055,23.0679,19.1996,A,A,22
0,0,0,0,0,0,0,0,0,0,0,15.7291,30.8532,3834,2.196012290035032,inf,10.0000,[FOCUS] STEP2: Boundary 0.5,5.6909,13.7302,10.0382,1.9989,13.3128,8.0563,A,A,21
0,0,0,0,0,0,0,0,0,0,0,23.1442,39.9364,3833,13.668898578171982,inf,14.7717,[FOCUS] STEP2: Boundary 0.5,9.0474,19.6521,14.0968,3.4921,20.1768,13.8056,A,A,23
0,0,0,0,0,0,0,0,0,0,1,14.1092,30.4647,3835,1.6414050077356033,inf,10.9945,[FOCUS] STEP2: Boundary 0.5,5.5644,13.4956,8.5448,0.6136,12.1055,7.2299,A,A,21
1,0,0,0,0,0,0,1,1,1,1,13.1717,30.2934,3836,0.0,0.0,10.8687,[FOCUS] STEP2: Boundary 0.5,5.5090,13.3927,7.6627,-0.2210,11.1654,6.3007,B,A,22
0,0,0,0,0,0,0,0,0,1,1,16.4872,33.0951,3837,0.7152795449256554,inf,10.4413,[FOCUS] STEP2: Boundary 0.5,6.4483,15.1137,10.0390,1.3735,13.6749,7.9364,A,A,23
0,0,0,0,1,1,1,1,1,1,1,23.9655,32.4086,3840,1.9162957475065332,0.3,10.9824,[FOCUS] STEP2: Boundary 0.5,6.2114,14.6847,17.7541,9.2808,21.5086,16.1071,A,A,23
0,0,0,0,0,0,0,0,0,0,0,14.6511,31.1396,3838,1.9625901308739369,inf,10.5149,[FOCUS] STEP2: Boundary 0.5,5.7851,13.9041,8.8660,0.7470,12.3371,7.1469,A,A,21
1,0,0,0,0,0,0,0,1,1,1,15.7526,34.2631,3839,0.0,0.0,10.0000,[FOCUS] STEP2: Boundary 0.5,6.8613,15.8548,8.8913,-0.1022,12.4817,6.3022,B,A,22
-1,0,0,-1,-1,-1,-1,-1,-1,-1,-1,23.4867,32.7928,3843,inf,inf,10.7545,[FOCUS] STEP2: Boundary 0.5,6.3435,14.9242,17.1433,8.5625,20.8581,15.2892,A,A,23
0,0,0,0,0,0,0,0,0,0,0,25.0000,35.2512,3842,14.003550142064055,inf,18.7572,[FOCUS] STEP2: Boundary 0.5,7.2206,16.4927,17.7794,8.5073,24.6857,20.7090,A,A,21
0,0,0,0,0,0,0,0,0,0,0,19.7059,39.1725,3841,8.345128167116455,inf,19.7612,[FOCUS] STEP2: Boundary 0.5,8.7356,19.1217,10.9702,0.5841,18.9640,14.2277,A,A,22
0,0,0,0,0,0,0,0,0,0,1,16.7015,32.8583,3844,1.8389583594779808,inf,10.2422,[FOCUS] STEP2: Boundary 0.5,6.3661,14.9652,10.3354,1.7363,13.8795,8.1494,A,A,23
0,0,0,0,0,0,0,0,0,1,1,19.3627,37.1446,3846,1.0074518377052368,inf,10.1282,[FOCUS] STEP2: Boundary 0.5,7.9344,17.7425,11.4283,1.6201,15.3351,8.4038,A,A,22
0,0,0,0,0,0,0,0,0,0,0,19.6433,32.3825,3845,8.443236836302404,inf,14.6776,[FOCUS] STEP2: Boundary 0.5,6.2025,14.6684,13.4408,4.9749,18.4550,14.0941,A,A,21
0,0,0,0,0,0,0,0,0,0,1,20.4522,39.7326,3848,1.5062634873684975,inf,10.2443,[FOCUS] STEP2: Boundary 0.5,8.9637,19.5100,11.4885,0.9421,15.6856,8.0734,A,A,22
1,0,0,0,0,1,1,1,1,1,1,14.1244,38.8693,3849,0.0,0.0,10.0019,[FOCUS] STEP2: Boundary 0.5,8.6134,18.9129,5.5110,-4.7884,9.5289,2.0863,B,A,21
0,0,0,0,0,0,0,0,0,0,1,16.6745,35.2319,3850,1.332743470434051,inf,10.9839,[FOCUS] STEP2: Boundary 0.5,7.2135,16.4801,9.4610,0.1944,13.5032,7.3373,A,A,22
0,0,0,0,0,0,0,0,0,0,0,23.2775,32.1480,3851,16.048953639903957,inf,22.6594,[FOCUS] STEP2: Boundary 0.5,6.1226,14.5230,17.1548,8.7545,24.8466,22.7788,A,A,21
-1,-1,-1,-1,-1,-1,-1,-1,-1,-1,-1,22.288111690252546,40.0,3847,inf,inf,15.698200001608859,[FOCUS] STEP2: Boundary 0.5 [ERROR: TIMEOUT],,,,,,,,,
0,0,0,0,0,0,0,0,0,0,1,18.2253,34.5420,3852,1.95612093419737,inf,10.2467,[FOCUS] STEP2: Boundary 0.5,6.9618,16.0339,11.2635,2.1915,14.9690,8.7830,A,A,21
0,0,0,0,0,0,0,0,0,0,0,19.4328,34.6974,3853,10.99867034498308,inf,23.0517,[FOCUS] STEP2: Exploration (Max σ),7.0181,16.1340,12.4147,3.2988,20.7840,18.1641,A,A,22
0,0,0,0,0,0,0,0,0,0,0,19.2112,34.8387,3854,10.717640929876673,inf,23.1230,[FOCUS] STEP2: Exploration (Max σ),7.0695,16.2252,12.1417,2.9860,20.5672,17.9306,A,A,21
0,0,0,0,0,0,0,0,0,0,0,19.7888,35.2474,3855,12.078081563684625,inf,24.2735,[FOCUS] STEP2: Exploration (Max σ),7.2192,16.4902,12.5695,3.2986,21.5061,19.0877,A,A,22
0,0,0,0,0,0,0,0,0,0,0,22.9290,38.4349,3856,11.260761813674879,inf,19.2366,[FOCUS] STEP2: Exploration (Max σ),8.4398,18.6152,14.4892,4.3138,22.1394,17.4507,A,A,21
0,0,0,0,0,0,0,0,0,0,0,25.0000,38.6791,3858,7.930880632728044,inf,12.8844,[FOCUS] STEP2: Exploration (Max σ),8.5372,18.7823,16.4628,6.2177,21.6159,15.0487,A,A,22
0,0,0,0,0,0,0,0,0,0,0,22.4851,40.0000,3859,8.311694359266609,inf,15.7567,[FOCUS] Error Recovery (Shifted from Loop 3847),9.0736,19.6966,13.4115,2.7885,19.9062,13.8000,A,A,21
1,0,0,0,0,0,1,1,1,1,1,12.0529,30.3193,3860,0.0,0.0,10.0000,[FOCUS] STEP2: Boundary 0.5,5.5174,13.4082,6.5355,-1.3553,9.7607,4.6477,B,A,22
-1,-1,-1,-1,-1,-1,-1,-1,-1,-1,-1,23.14542969077132,38.20149774853172,3857,inf,inf,20.241177102547756,[FOCUS] STEP2: Exploration (Max σ) [ERROR: TIMEOUT],,,,,,,,,
0,0,0,0,0,0,0,0,0,0,1,15.4777,32.6804,3861,1.8091021889008239,inf,11.4327,[FOCUS] STEP2: Boundary 0.5,6.3047,14.8540,9.1730,0.6237,13.1103,7.7616,A,A,21
0,0,0,0,0,0,0,0,0,0,1,19.2969,37.4425,3863,2.144435128238174,inf,10.3341,[FOCUS] STEP2: Boundary 0.5,8.0497,17.9425,11.2472,1.3544,15.2620,8.3073,A,A,21
0,0,0,0,0,0,0,0,0,0,0,25.0000,35.6655,3862,14.049595174896657,inf,19.2917,[FOCUS] STEP2: Boundary 0.5,7.3740,16.7631,17.6260,8.2369,24.8032,20.8677,A,A,22
0,0,0,0,0,0,0,0,0,0,1,16.9209,35.1270,3865,1.4910151553009616,1.7,11.0210,[FOCUS] STEP2: Boundary 0.5,7.1750,16.4119,9.7460,0.5090,13.7912,7.6643,A,A,22
0,0,0,0,0,0,0,0,0,0,1,16.5211,35.6426,3864,2.091274898584188,2.1,11.7683,[FOCUS] STEP2: Boundary 0.5,7.3655,16.7481,9.1556,-0.2270,13.5313,7.4753,B,A,21
0,0,0,0,0,1,1,1,1,1,1,20.3456,40.0000,3867,1.9498492291026388,0.3,14.3493,[FOCUS] STEP2: Exploration (Max σ),9.0736,19.6966,11.2720,0.6491,17.1866,10.6770,A,A,22
0,0,0,0,0,0,0,0,0,0,0,24.7786,30.1157,3868,18.26348648382157,inf,23.2156,[FOCUS] STEP2: Exploration (Max σ),5.4519,13.2862,19.3267,11.4924,26.7702,25.3806,A,A,21
0,0,0,0,0,0,0,0,0,0,0,25.0000,38.4349,3866,13.070394285699201,inf,19.6102,[FOCUS] STEP2: Exploration (Max σ),8.4398,18.6153,16.5602,6.3847,24.3589,19.7768,A,A,23
0,0,0,0,0,0,0,0,0,0,0,24.4136,30.0000,3869,17.327968459187716,inf,23.5188,[FOCUS] STEP2: Exploration (Max σ),5.4149,13.2171,18.9987,11.1965,26.5143,25.2384,A,A,22
0,0,0,0,0,0,0,0,0,0,0,24.8343,34.3413,3870,9.685331170008531,inf,12.9500,[FOCUS] STEP2: Exploration (Max σ),6.8894,15.9050,17.9448,8.9293,22.6038,17.2334,A,A,21
0,0,0,0,0,0,0,0,0,0,0,20.6897,31.5565,3871,13.19273597378412,inf,22.0477,[FOCUS] STEP2: Exploration (Max σ),5.9235,14.1587,14.7662,6.5310,22.1296,20.0440,A,A,23
0,0,0,0,0,0,0,0,0,0,0,23.3313,38.4000,3872,11.589694118661908,inf,20.2879,[FOCUS] Error Recovery (Shifted from Loop 3857),8.4259,18.5914,14.9054,4.7399,22.9671,18.5876,A,A,22
0,0,0,0,0,0,0,0,0,1,1,17.7742,35.6489,3873,0.6615078412610753,inf,10.0000,[FOCUS] STEP2: Boundary 0.5,7.3678,16.7521,10.4064,1.0220,14.1252,7.5676,A,A,23
0,0,0,0,0,0,0,0,0,0,1,19.5469,38.5767,3874,1.2922979670010206,inf,10.3123,[FOCUS] STEP2: Boundary 0.5,8.4963,18.7122,11.0506,0.8347,15.1652,7.8920,A,A,22
0,0,0,0,0,0,0,0,0,0,1,15.5871,31.1331,3875,1.3007934581927294,inf,10.0000,[FOCUS] STEP2: Boundary 0.5,5.7829,13.9002,9.8042,1.6870,13.1047,7.7728,A,A,21
0,0,0,0,0,0,0,0,0,0,0,22.0268,40.0000,3876,7.399363929501465,inf,15.3827,[FOCUS] STEP2: Boundary 0.5,9.0736,19.6966,12.9532,2.3302,19.2937,13.0803,A,A,23
0,0,0,0,0,0,0,0,0,0,1,20.1076,39.4920,3877,1.1207375061901885,inf,10.2077,[FOCUS] STEP2: Boundary 0.5,8.8654,19.3429,11.2422,0.7647,15.4016,7.8455,A,A,21
0,0,0,0,0,0,0,0,0,1,1,17.6900,35.5969,3878,0.6251303555285236,inf,10.0000,[FOCUS] STEP2: Boundary 0.5,7.3485,16.7182,10.3415,0.9718,14.0555,7.5121,A,A,23
0,0,0,0,0,0,0,0,0,0,0,19.4081,34.8705,3880,6.522642300295227,inf,16.0741,[FOCUS] STEP2: Exploration (Max σ),7.0811,16.2457,12.3270,3.1624,18.1888,13.5564,A,A,23
0,0,0,0,0,0,0,0,0,0,0,19.3339,35.1818,3879,7.227300518750787,inf,15.9095,[FOCUS] STEP2: Exploration (Max σ),7.1951,16.4475,12.1388,2.8863,17.9864,13.2243,A,A,21
0,0,0,0,0,0,0,0,0,0,0,19.4283,34.8561,3881,7.299800485105698,inf,16.3279,[FOCUS] STEP2: Exploration (Max σ),7.0759,16.2364,12.3524,3.1918,18.3045,13.7476,A,A,22
0,0,0,0,0,0,0,0,0,0,0,24.3389,32.5930,3883,12.866860880282514,inf,15.5762,[FOCUS] STEP2: Exploration (Max σ),6.2746,14.7994,18.0643,9.5394,23.4158,19.2504,A,A,21
0,0,0,0,0,0,0,0,0,0,0,19.7392,34.9346,3882,7.82009175739801,inf,16.2080,[FOCUS] STEP2: Exploration (Max σ),7.1045,16.2872,12.6347,3.4520,18.5549,13.9432,A,A,23
0,0,0,0,0,0,0,0,0,0,0,19.4712,35.2598,3884,6.696269013053002,inf,16.7472,[FOCUS] STEP2: Exploration (Max σ),7.2238,16.4982,12.2474,2.9730,18.4151,13.8686,A,A,22
0,0,0,0,0,1,1,1,1,1,1,24.6106,31.9975,3887,1.9179821783923166,0.3,10.0000,[FOCUS] STEP2: Boundary 0.5,6.0717,14.4300,18.5389,10.1806,21.9195,16.3544,A,A,23
0,0,0,0,0,0,0,0,0,0,0,23.4590,31.7706,3885,8.36174352797812,inf,10.2069,[FOCUS] STEP2: Boundary 0.5,5.9952,14.2902,17.4639,9.1689,20.8929,15.4469,A,A,21
0,0,0,0,0,0,0,0,0,0,0,25.0000,35.9295,3886,13.663958176417418,inf,19.0502,[FOCUS] STEP2: Boundary 0.5,7.4725,16.9363,17.5275,8.0637,24.6614,20.5875,A,A,22
0,0,0,0,0,0,0,0,0,0,1,17.9568,35.6887,3888,1.200313417910217,inf,10.0000,[FOCUS] STEP2: Boundary 0.5,7.3826,16.7782,10.5742,1.1785,14.2967,7.7281,A,A,21
0,0,0,0,0,0,0,0,0,1,1,18.2433,36.7930,3889,0.8609078633725453,inf,10.7209,[FOCUS] STEP2: Boundary 0.5,7.7993,17.5077,10.4440,0.7357,14.5446,7.8779,A,A,22
0,0,0,0,0,0,0,0,0,0,0,18.5790,38.6559,3892,39.89828832060796,inf,11.0714,[FOCUS] STEP2: Boundary 0.5,8.5279,18.7664,10.0510,-0.1875,14.4767,7.3982,B,A,22
-1,-1,-1,-1,-1,-1,-1,-1,-1,-1,-1,18.48701469548968,36.33141471276697,3890,inf,inf,10.0,[FOCUS] STEP2: Boundary 0.5 [ERROR: TIMEOUT],,,,,,,,,
-1,0,0,-1,-1,-1,-1,-1,-1,-1,-1,20.8448,32.1395,3893,inf,inf,25.0000,[FOCUS] STEP2: Boundary 0.5,6.1197,14.5177,14.7251,6.3271,23.2094,21.7978,A,A,22
-1,0,0,-1,-1,-1,-1,-1,-1,-1,-1,13.9700,31.2657,3894,inf,inf,10.0000,[FOCUS] STEP2: Boundary 0.5,5.8267,13.9809,8.1433,-0.0109,11.4561,6.0885,B,A,22
-1,0,0,-1,-1,-1,-1,-1,-1,-1,-1,18.1733,34.4137,3895,inf,inf,10.0000,[FOCUS] STEP2: Boundary 0.5,6.9155,15.9514,11.2578,2.2219,14.8622,8.6417,A,A,22
-1,-1,-1,-1,-1,-1,-1,-1,-1,-1,-1,16.794201001571576,33.365240970445825,3891,inf,inf,10.0,[FOCUS] STEP2: Boundary 0.5 [ERROR: TIMEOUT],,,,,,,,,
0,0,0,0,0,0,0,0,0,0,0,18.6827,38.9551,3896,7.969047084719251,inf,19.6326,[FOCUS] STEP2: Boundary 0.5,8.6479,18.9719,10.0348,-0.2892,17.9370,13.2221,B,A,21
-1,0,0,-1,-1,-1,-1,-1,-1,-1,-1,23.9919,31.2921,3897,inf,inf,10.1089,[FOCUS] STEP2: Boundary 0.5,5.8355,13.9970,18.1564,9.9949,21.5077,16.1633,A,A,22
0,0,0,0,0,0,0,0,0,0,1,17.7849,35.0434,3898,1.186713075471817,2.4,10.0000,[FOCUS] STEP2: Boundary 0.5,7.1443,16.3577,10.6405,1.4272,14.3033,7.9111,A,A,21
-1,0,0,-1,-1,-1,-1,-1,-1,-1,-1,18.9726,39.6254,3899,inf,inf,19.9278,[FOCUS] STEP2: Boundary 0.5,8.9198,19.4355,10.0528,-0.4629,18.1976,13.3876,B,A,22
0,0,0,0,1,1,1,1,1,1,1,24.3672,32.2704,3900,1.9141581197553905,0.4,11.6052,[FOCUS] STEP2: Boundary 0.5,6.1643,14.5989,18.2029,9.7683,22.1555,16.9654,A,A,21
0,0,0,0,0,0,1,1,1,1,1,16.1073,33.9337,3902,1.9122285714472496,0.3,10.8967,[FOCUS] STEP2: Boundary 0.5,6.7436,15.6445,9.3638,0.4629,13.2429,7.4051,A,A,21
0,0,0,0,0,0,0,0,0,0,0,20.8906,39.9147,3901,8.048982165140155,inf,17.7953,[FOCUS] STEP2: Boundary 0.5,9.0385,19.6370,11.8521,1.2536,19.1730,13.6743,A,A,23
0,0,0,0,0,0,0,0,0,0,1,19.0568,36.7303,3903,1.3411559068625762,inf,10.1600,[FOCUS] Error Recovery (Shifted from Loop 3890),7.7754,17.4660,11.2814,1.5908,15.1615,8.3529,A,A,23
0,0,0,0,0,0,0,0,0,0,1,16.5744,33.3454,3904,1.0765332616262453,inf,10.0000,[FOCUS] Error Recovery (Shifted from Loop 3891),6.5357,15.2714,10.0387,1.3030,13.5441,7.6140,A,A,22
0,0,0,0,0,0,0,0,0,0,0,21.4868,36.3524,3905,10.690513263583629,inf,18.3577,[FOCUS] STEP2: Exploration (Max σ),7.6317,17.2152,13.8551,4.2717,20.8016,16.4192,A,A,23
0,0,0,0,0,0,0,0,0,0,0,21.5783,35.7868,3906,10.667220789862162,inf,18.2646,[FOCUS] STEP2: Exploration (Max σ),7.4192,16.8425,14.1592,4.7358,20.9747,16.7166,A,A,21
0,0,0,0,0,0,0,0,0,0,0,21.5870,36.0599,3907,10.310404561434536,inf,18.2281,[FOCUS] STEP2: Exploration (Max σ),7.5214,17.0220,14.0656,4.5650,20.9137,16.5725,A,A,22
0,0,0,0,0,0,0,0,0,0,0,20.9863,36.6478,3908,9.370377699454039,inf,18.0791,[FOCUS] STEP2: Exploration (Max σ),7.7439,17.4111,13.2424,3.5752,20.1330,15.5928,A,A,23
0,0,0,0,0,0,0,1,1,1,1,10.0062,34.6743,3909,3.1424304849955877,inf,24.8414,[FOCUS] STEP2: Exploration (Max σ),7.0098,16.1191,2.9964,-6.1129,12.0102,9.9007,B,A,21
0,0,0,0,0,0,0,0,0,0,0,21.4690,35.8525,3910,10.382863464507967,inf,18.0495,[FOCUS] STEP2: Exploration (Max σ),7.4437,16.8856,14.0253,4.5834,20.7716,16.4351,A,A,22
0,0,0,0,0,0,0,0,0,0,1,15.3094,31.5644,3912,1.4106452973575276,inf,10.0000,[FOCUS] STEP2: Boundary 0.5,5.9261,14.1636,9.3833,1.1458,12.7237,7.2756,A,A,21
0,0,0,0,0,0,0,0,0,0,0,24.6956,40.0000,3911,8.973254002660155,inf,16.5722,[FOCUS] STEP2: Boundary 0.5,9.0736,19.6966,15.6220,4.9990,22.4528,16.5805,A,A,22
0,0,0,0,0,0,0,0,0,0,0,25.0000,39.3367,3913,11.042460492049361,inf,17.4482,[FOCUS] STEP2: Boundary 0.5,8.8022,19.2352,16.1978,5.7648,23.2825,17.8405,A,A,23
0,0,0,0,0,0,0,0,0,0,0,25.0000,35.8524,3914,13.707915015135352,inf,18.4549,[FOCUS] STEP2: Boundary 0.5,7.4436,16.8856,17.5564,8.1144,24.4542,20.2324,A,A,21
0,0,0,0,0,0,0,0,0,0,1,19.7445,39.3834,3915,2.4555878285944046,inf,11.0287,[FOCUS] STEP2: Boundary 0.5,8.8212,19.2676,10.9233,0.4769,15.4062,8.1151,A,A,22
0,0,0,0,0,0,0,0,0,1,1,19.3037,36.5959,3916,0.7709368516005461,inf,10.2919,[FOCUS] STEP2: Boundary 0.5,7.7241,17.3766,11.5796,1.9271,15.4972,8.7629,A,A,23
0,0,0,0,0,1,1,1,1,1,1,24.6984,31.8031,3918,1.9109263007022979,0.3,10.0000,[FOCUS] STEP2: Boundary 0.5,6.0061,14.3102,18.6923,10.3883,22.0549,16.5423,A,A,23
0,0,0,0,1,1,1,1,1,1,1,24.1511,32.4356,3919,1.9157267689395296,0.3,10.0000,[FOCUS] STEP2: Boundary 0.5,6.2207,14.7015,17.9304,9.4496,21.3516,15.6680,A,A,22
0,0,0,0,0,0,0,0,0,0,0,24.9574,39.4934,3917,11.169087604345876,inf,17.5503,[FOCUS] STEP2: Boundary 0.5,8.8660,19.3438,16.0915,5.6136,23.2431,17.7880,A,A,21
0,0,0,0,1,1,1,1,1,1,1,11.6460,39.5553,3920,1.937861415765687,0.3,15.8742,[FOCUS] STEP2: Boundary 0.5,8.8912,19.3868,2.7548,-7.7408,9.2325,3.2810,B,A,23
0,0,0,0,1,1,1,1,1,1,1,18.7233,39.2996,3921,1.9376178748300024,0.3,19.6325,[FOCUS] STEP2: Boundary 0.5,8.7871,19.2096,9.9362,-0.4862,17.9011,13.0939,B,A,22
0,0,0,0,0,0,0,0,0,1,1,13.3790,30.1537,3922,0.965119160971899,inf,11.1368,[FOCUS] STEP2: Boundary 0.5,5.4641,13.3089,7.9149,0.0701,11.4896,6.7367,A,A,21
0,0,0,0,0,0,0,0,0,0,0,24.1625,31.4053,3924,1.9512312043659195,0.3,11.0776,[FOCUS] STEP2: Boundary 0.5,5.8731,14.0661,18.2894,10.0964,21.9735,16.8687,A,A,23
0,0,0,0,0,0,0,0,0,0,1,17.0587,34.9484,3923,2.48382291679013,inf,11.5225,[FOCUS] STEP2: Boundary 0.5,7.1095,16.2961,9.9491,0.7626,14.1594,8.2225,A,A,21
0,0,0,0,0,1,1,1,1,1,1,25.0000,32.1360,3926,1.9186684304910349,0.3,10.0000,[FOCUS] STEP2: Boundary 0.5,6.1186,14.5156,18.8814,10.4844,22.2748,16.6723,A,A,21
0,0,0,0,0,0,1,1,1,1,1,24.4163,32.0753,3927,1.8881691949274213,0.3,10.0384,[FOCUS] STEP2: Boundary 0.5,6.0980,14.4780,18.3183,9.9382,21.7191,16.1438,A,A,21
0,0,0,0,0,0,0,0,0,0,0,20.4666,38.9791,3928,1.9439761070099508,0.3,10.4344,[FOCUS] STEP2: Boundary 0.5,8.6576,18.9884,11.8090,1.4782,16.0112,8.6618,A,A,21
-1,-1,-1,-1,-1,-1,-1,-1,-1,-1,-1,19.124565084856933,39.646952109544536,3925,inf,inf,10.134577692077452,[FOCUS] STEP2: Boundary 0.5 [ERROR: TIMEOUT],,,,,,,,,
0,0,0,0,0,0,0,0,0,0,1,15.9393,31.8876,3929,1.5556026178319384,inf,10.0290,[FOCUS] STEP2: Boundary 0.5,6.0346,14.3622,9.9047,1.5771,13.2849,7.7576,A,A,23
0,0,0,0,0,0,0,0,0,0,1,18.4515,36.3421,3930,1.5774981236179237,inf,10.0519,[FOCUS] STEP2: Boundary 0.5,7.6278,17.2083,10.8237,1.2432,14.6263,7.8936,A,A,21
0,0,0,0,0,0,0,0,0,0,1,18.1870,35.7779,3931,1.3673346895987721,inf,10.0598,[FOCUS] STEP2: Boundary 0.5,7.4158,16.8367,10.7711,1.3503,14.5242,7.9482,A,A,23
0,0,0,0,0,1,1,1,1,1,1,24.8943,31.4998,3932,1.9161966572695754,0.4,10.0468,[FOCUS] STEP2: Boundary 0.5,5.9045,14.1240,18.9898,10.7704,22.3399,16.9222,A,A,21
0,0,0,0,1,1,1,1,1,1,1,18.8787,39.1731,3935,1.9360877428125443,0.3,10.4817,[FOCUS] Error Recovery (Shifted from Loop 3925),8.7359,19.1222,10.1428,-0.2435,14.3829,6.9934,B,A,21
0,0,0,0,0,0,0,0,0,0,0,24.7389,40.0000,3934,9.290632468168448,inf,14.4822,[FOCUS] STEP2: Boundary 0.5,9.0736,19.6966,15.6653,5.0423,21.6346,15.1631,A,A,23
-1,-1,-1,-1,-1,-1,-1,-1,-1,-1,-1,23.63059261841913,31.722227098381673,3933,inf,inf,10.0,[FOCUS] STEP2: Boundary 0.5 [ERROR: TIMEOUT],,,,,,,,,
0,0,0,0,0,0,0,0,0,0,0,19.8455,40.0000,3937,1.946927060841548,0.3,10.8575,[FOCUS] STEP2: Boundary 0.5,9.0736,19.6966,10.7720,0.1490,15.2472,7.7367,A,A,21
0,0,0,0,0,0,0,0,0,0,0,24.1345,32.6842,3936,7.863673978543457,inf,10.0000,[FOCUS] STEP2: Boundary 0.5,6.3060,14.8563,17.8286,9.2782,21.2727,15.5219,A,A,23
0,0,0,0,0,0,0,0,0,0,0,18.4394,37.3177,3938,1.9465470111490417,0.3,10.0000,[FOCUS] STEP2: Boundary 0.5,8.0013,17.8586,10.4381,0.5807,14.3115,7.2961,A,A,21
0,0,0,0,0,0,0,0,0,0,1,17.7547,33.9325,3939,1.7548336419651458,inf,10.0687,[FOCUS] STEP2: Boundary 0.5,6.7431,15.6437,11.0115,2.1110,14.5958,8.5256,A,A,23
0,0,0,0,0,0,0,0,0,0,0,23.3460,31.4668,3940,1.9482031690148183,0.3,10.0000,[FOCUS] STEP2: Boundary 0.5,5.8936,14.1038,17.4524,9.2422,20.7839,15.3620,A,A,21
0,0,0,0,0,0,0,0,0,1,1,18.7950,36.9232,3941,1.051611894751509,inf,10.2264,[FOCUS] STEP2: Boundary 0.5,7.8492,17.5946,10.9458,1.2004,14.8695,8.0269,A,A,23
0,0,0,0,0,0,0,0,0,0,0,17.3765,36.6104,3944,1.9466985185112233,0.3,10.0000,[FOCUS] STEP2: Boundary 0.5,7.7296,17.3862,9.6469,-0.0097,13.4548,6.6337,B,A,21
0,0,0,0,1,1,1,1,1,1,1,24.9968,31.8455,3943,1.9158111115866168,0.3,11.8931,[FOCUS] STEP2: Boundary 0.5,6.0204,14.3363,18.9765,10.6606,22.9803,17.9848,A,A,22
0,0,0,0,0,0,0,0,0,0,1,18.6526,37.2522,3942,1.5282319450515922,inf,10.0000,[FOCUS] STEP2: Boundary 0.5,7.9759,17.8147,10.6767,0.8380,14.5440,7.5467,A,A,23
0,0,0,0,0,0,0,0,0,0,0,22.4154,30.1516,3945,1.9525269635651339,0.3,24.2655,[FOCUS] STEP2: Boundary 0.5,5.4634,13.3077,16.9520,9.1077,24.7402,23.6329,A,A,21
0,0,0,0,0,0,0,0,0,0,1,20.0390,39.1588,3946,2.0010057102644216,2.6,11.2244,[FOCUS] STEP2: Boundary 0.5,8.7301,19.1123,11.3088,0.9267,15.8479,8.6747,A,A,23
0,0,0,0,0,0,0,0,0,0,0,19.4914,39.8737,3947,1.9505484928887018,0.3,10.5549,[FOCUS] STEP2: Boundary 0.5,9.0216,19.6084,10.4698,-0.1170,14.8080,7.2456,B,A,21
0,0,0,0,1,1,1,1,1,1,1,23.5438,32.1887,3948,1.9108115261208347,0.4,10.1518,[FOCUS] Error Recovery (Shifted from Loop 3933),6.1365,14.5482,17.4074,8.9956,20.8573,15.2830,A,A,23
0,0,0,0,0,0,0,0,0,0,0,11.0328,37.1446,3949,1.9467883814126703,0.3,13.8497,[FOCUS] STEP2: Boundary 0.5,7.9344,17.7425,3.0984,-6.7098,8.4408,2.5665,B,A,21
-1,0,0,-1,-1,-1,-1,-1,-1,-1,-1,20.0219,38.7400,3951,inf,inf,10.2202,[FOCUS] STEP2: Boundary 0.5,8.5616,18.8241,11.4604,1.1979,15.5537,8.2091,A,A,23
0,0,0,0,1,1,1,1,1,1,1,25.0000,32.4644,3952,1.9208945879046821,0.3,11.2857,[FOCUS] STEP2: Boundary 0.5,6.2305,14.7194,18.7695,10.2806,22.6335,17.3019,A,A,21
0,0,0,0,0,1,1,1,1,1,1,20.1634,38.6870,3953,1.941162291288489,0.3,10.0000,[FOCUS] STEP2: Boundary 0.5,8.5404,18.7878,11.6230,1.3757,15.6233,8.2305,A,A,21
-1,-1,-1,-1,-1,-1,-1,-1,-1,-1,-1,24.76557223995431,40.0,3950,inf,inf,15.374889574963017,[FOCUS] STEP2: Boundary 0.5 [ERROR: TIMEOUT],,,,,,,,,
0,0,0,0,0,0,0,0,0,0,1,17.0821,32.9578,3954,2.350643339488869,inf,11.2978,[FOCUS] STEP2: Boundary 0.5,6.4006,15.0275,10.6816,2.0546,14.6014,9.1401,A,A,23
0,0,0,0,0,0,0,0,0,0,0,25.0000,35.4881,3956,1.947818278711961,0.3,11.0363,[FOCUS] STEP2: Exploration (Max σ),7.3081,16.6470,17.6919,8.3530,21.7797,15.5588,A,A,21
0,0,0,0,0,0,0,0,0,0,0,16.5036,30.5064,3955,8.826498223598872,inf,20.8060,[FOCUS] STEP2: Exploration (Max σ),5.5779,13.5207,10.9257,2.9829,17.6720,15.5124,A,A,23
0,0,0,0,0,0,0,0,0,0,0,15.9580,31.6402,3957,1.9501514079571869,0.3,21.4479,[FOCUS] STEP2: Exploration (Max σ),5.9515,14.2101,10.0065,1.7479,17.1862,14.9115,A,A,21
0,0,0,0,0,0,0,0,0,0,0,15.5948,31.2048,3960,1.9466283318478186,0.3,21.4096,[FOCUS] STEP2: Exploration (Max σ),5.8066,13.9438,9.7882,1.6509,16.8686,14.6961,A,A,21
0,0,0,0,0,0,0,0,0,0,0,16.5132,30.6320,3958,9.36032774074807,inf,20.8123,[FOCUS] STEP2: Exploration (Max σ),5.6187,13.5964,10.8946,2.9168,17.6671,15.4767,A,A,22
0,0,0,0,0,0,0,0,0,0,0,16.4602,30.8701,3959,8.612518375055053,inf,21.0074,[FOCUS] STEP2: Exploration (Max σ),5.6964,13.7404,10.7638,2.7198,17.6462,15.4484,A,A,23
0,0,0,0,0,0,0,0,0,0,0,25.0000,39.5754,3961,1.9483814933277839,0.3,15.1258,[FOCUS] Error Recovery (Shifted from Loop 3950),8.8994,19.4007,16.1006,5.5993,22.2758,16.1045,A,A,21
0,0,0,0,0,0,0,0,0,0,0,16.1218,31.4084,3962,1.9528489987733668,0.3,21.2713,[FOCUS] STEP2: Exploration (Max σ),5.8741,14.0680,10.2477,2.0538,17.3226,15.0588,A,A,21
0,0,0,0,0,0,0,0,0,0,0,16.5814,30.4467,3964,8.546076778797996,inf,20.5009,[FOCUS] STEP2: Exploration (Max σ),5.5585,13.4848,11.0229,3.0966,17.6589,15.4300,A,A,23
0,0,0,0,0,0,0,0,0,0,0,16.2929,30.6062,3963,8.665015865790823,inf,20.5101,[FOCUS] STEP2: Exploration (Max σ),5.6103,13.5809,10.6826,2.7120,17.3519,15.0841,A,A,22
0,0,0,0,0,0,0,0,0,0,0,25.0000,34.8516,3965,1.9488676237662674,0.3,10.4795,[FOCUS] STEP2: Exploration (Max σ),7.0742,16.2336,17.9258,8.7664,21.7455,15.5408,A,A,21
0,0,0,0,0,0,0,0,0,0,0,25.0000,35.3276,3966,7.609294440921945,inf,10.3445,[FOCUS] STEP2: Exploration (Max σ),7.2488,16.5424,17.7512,8.4576,21.5673,15.1948,A,A,22
0,0,0,0,0,0,0,0,0,0,0,16.5294,31.1855,3967,9.358996080570327,inf,20.9928,[FOCUS] STEP2: Exploration (Max σ),5.8002,13.9320,10.7292,2.5973,17.6681,15.3845,A,A,23
0,0,0,0,0,0,0,0,0,0,0,14.2718,30.0000,3970,1.9489835850144013,0.3,10.1374,[FOCUS] STEP2: Boundary 0.5,5.4149,13.2171,8.8569,1.0547,12.0964,7.1073,A,A,21
0,0,0,0,0,0,0,0,0,0,0,19.6855,40.0000,3968,3.247413515370647,inf,10.0532,[FOCUS] STEP2: Boundary 0.5,9.0736,19.6966,10.6120,-0.0110,14.7557,7.0146,B,A,23
0,0,0,0,0,0,0,0,1,1,1,18.6569,38.6308,3969,0.22219550117436473,inf,10.0783,[FOCUS] STEP2: Boundary 0.5,8.5179,18.7493,10.1390,-0.0924,14.1652,6.8103,B,A,22
0,0,0,0,0,0,0,0,0,0,0,19.0691,37.1441,3971,1.9420126112723257,0.3,10.4232,[FOCUS] STEP2: Boundary 0.5,7.9342,17.7422,11.1350,1.3269,15.1555,8.3081,A,A,21
0,0,0,0,0,0,0,0,0,0,1,16.7655,34.8986,3973,1.6435130843374037,1.5,10.2458,[FOCUS] STEP2: Boundary 0.5,7.0914,16.2639,9.6741,0.5016,13.4131,7.1297,A,A,22
0,0,0,0,0,0,0,0,0,1,1,16.3933,36.2240,3972,1.5348103414370609,inf,11.9531,[FOCUS] STEP2: Boundary 0.5,7.5832,17.1303,8.8101,-0.7369,13.3190,7.1570,B,A,23
0,0,0,0,0,0,0,0,0,0,0,22.8066,39.6730,3975,6.1717538901358955,inf,12.7959,[FOCUS] STEP2: Exploration (Max σ),8.9393,19.4685,13.8674,3.3381,19.1029,12.2379,A,A,23
0,0,0,0,0,0,0,0,0,0,0,20.8302,33.8931,3976,13.843403809898911,inf,24.3732,[FOCUS] STEP2: Exploration (Max σ),6.7291,15.6186,14.1011,5.2116,22.7686,20.7295,A,A,22
0,0,0,0,0,0,0,0,0,0,0,24.9565,35.0110,3974,17.19865379357299,inf,24.9688,[FOCUS] STEP2: Exploration (Max σ),7.1324,16.3367,17.8240,8.6198,26.9619,24.8011,A,A,21
0,0,0,0,0,0,0,0,0,0,1,13.0523,34.1377,3977,6.420077527934351,inf,24.2395,[FOCUS] STEP2: Exploration (Max σ),6.8164,15.7746,6.2359,-2.7223,14.9108,12.7708,B,A,23
0,0,0,0,0,0,0,0,0,0,0,23.1070,33.8248,3978,15.036934877597078,inf,22.3862,[FOCUS] STEP2: Exploration (Max σ),6.7049,15.5752,16.4021,7.5319,24.3489,21.7692,A,A,22
0,0,0,0,0,0,0,0,0,0,0,21.1670,35.6781,3979,12.6007514452922,inf,22.3441,[FOCUS] STEP2: Exploration (Max σ),7.3787,16.7713,13.7884,4.3958,22.1038,19.0278,A,A,21
0,0,0,0,0,0,0,0,0,1,1,16.8528,34.3464,3980,0.6322596321623825,1.6,10.2664,[FOCUS] STEP2: Boundary 0.5,6.8913,15.9082,9.9615,0.9446,13.6555,7.5283,A,A,23
0,0,0,0,0,0,0,0,1,1,1,12.5633,30.0426,3981,0.5929600346901865,inf,11.5869,[FOCUS] STEP2: Boundary 0.5,5.4285,13.2425,7.1348,-0.6792,10.8420,6.2437,B,A,22
1,0,0,0,0,0,0,1,1,1,1,14.0852,35.7262,3982,0.0,0.0,12.4008,[FOCUS] STEP2: Boundary 0.5,7.3966,16.8028,6.6886,-2.7176,11.3091,5.4092,B,A,21
0,0,0,0,0,0,0,0,1,1,1,13.8515,30.7967,3983,0.5073479307291685,inf,11.0315,[FOCUS] STEP2: Boundary 0.5,5.6724,13.6960,8.1791,0.1555,11.7857,6.8314,A,A,22
0,0,0,0,0,0,0,0,0,0,1,16.6612,33.2572,3984,0.9693195621787419,inf,10.1869,[FOCUS] STEP2: Boundary 0.5,6.5049,15.2158,10.1564,1.4454,13.7190,7.8653,A,A,21
0,0,0,0,0,0,0,0,0,0,0,21.5871,30.0000,3985,16.133764198027354,inf,24.6455,[FOCUS] STEP2: Boundary 0.5,5.4149,13.2171,16.1722,8.3700,24.0478,23.0846,A,A,21
0,0,0,0,0,0,0,0,0,0,1,14.0983,30.0000,3986,1.0916752561021226,inf,10.6007,[FOCUS] STEP2: Boundary 0.5,5.4149,13.2171,8.6834,0.8812,12.0709,7.2104,A,A,22
0,0,0,0,0,0,0,0,0,0,0,23.9806,31.5514,3988,9.800356171175938,inf,11.5664,[FOCUS] STEP2: Boundary 0.5,5.9218,14.1556,18.0588,9.8250,21.9212,16.9134,A,A,23
0,0,0,0,0,0,0,0,0,0,0,17.2356,30.7891,3987,10.869629724072315,inf,23.6764,[FOCUS] STEP2: Boundary 0.5,5.6699,13.6914,11.5657,3.5442,19.3047,17.8705,A,A,21
0,0,0,0,0,0,0,0,0,0,1,15.3948,32.3681,3989,1.5336334655571617,inf,11.1155,[FOCUS] STEP2: Boundary 0.5,6.1976,14.6595,9.1973,0.7354,12.9931,7.6399,A,A,22
0,0,0,0,0,0,0,0,0,0,0,22.0507,30.2172,3990,16.410210857801168,inf,24.8773,[FOCUS] STEP2: Boundary 0.5,5.4845,13.3470,16.5662,8.7037,24.5659,23.6117,A,A,23
0,0,0,0,0,0,0,0,0,1,1,16.1876,33.4451,3991,0.6939741729231291,inf,10.1944,[FOCUS] STEP2: Boundary 0.5,6.5707,15.3344,9.6168,0.8532,13.1998,7.2973,A,A,21
0,0,0,0,0,0,0,0,0,0,0,14.7445,32.4987,3992,7.293907826732141,inf,11.6282,[FOCUS] STEP2: Boundary 0.5,6.2423,14.7407,8.5022,0.0038,12.4872,7.2422,A,A,22
0,0,0,0,0,0,0,0,0,0,0,24.2051,31.8456,3994,7.580855233001528,inf,11.4101,[FOCUS] STEP2: Boundary 0.5,6.0204,14.3363,18.1847,9.8687,22.0259,16.8955,A,A,23
0,0,0,0,0,0,0,0,0,1,1,16.4516,35.6915,3993,1.150109007806914,inf,11.6344,[FOCUS] STEP2: Boundary 0.5,7.3836,16.7800,9.0680,-0.3284,13.3992,7.2920,B,A,21
0,0,0,0,0,0,0,0,0,0,1,17.8767,35.4626,3995,2.227138638380019,2.1,11.0449,[FOCUS] STEP2: Boundary 0.5,7.2987,16.6304,10.5780,1.2463,14.6663,8.4548,A,A,22
0,0,0,0,0,0,0,0,0,0,0,24.1242,31.1511,3996,10.034126284176597,inf,10.7232,[FOCUS] STEP2: Boundary 0.5,5.7888,13.9111,18.3354,10.2132,21.8764,16.7411,A,A,23
0,0,0,0,0,0,0,1,1,1,1,14.2052,38.0376,3997,0.715161218445969,4.3,13.6332,[FOCUS] STEP2: Boundary 0.5,8.2825,18.3447,5.9226,-4.1396,11.2942,5.1156,B,A,21
0,0,0,0,0,0,0,0,0,1,1,13.5073,30.4628,3999,0.9602210154069041,inf,11.2739,[FOCUS] STEP2: Boundary 0.5,5.5637,13.4945,7.9435,0.0128,11.5945,6.7970,A,A,21
0,0,0,0,0,0,0,0,0,1,1,17.6853,37.0323,4000,1.2720615904568169,inf,10.8467,[FOCUS] STEP2: Boundary 0.5,7.8911,17.6674,9.7942,0.0179,13.9668,7.2703,A,A,23
0,0,0,0,0,0,0,0,1,1,1,12.7397,30.0000,3998,0.10279333945399148,0.6,10.5546,[FOCUS] STEP2: Boundary 0.5,5.4149,13.2171,7.3248,-0.4774,10.6976,5.8243,B,A,22
0,0,0,0,0,0,0,0,0,1,1,18.1229,36.5374,4001,0.5551753937899404,inf,10.0000,[FOCUS] STEP2: Boundary 0.5,7.7019,17.3378,10.4210,0.7851,14.2221,7.4211,A,A,23
0,0,0,0,0,0,0,0,0,0,0,19.3781,39.4504,4002,3.1308422651875567,2.8,10.0749,[FOCUS] STEP2: Boundary 0.5,8.8484,19.3140,10.5297,0.0641,14.6311,7.0486,A,A,22
0,0,0,0,0,0,0,0,0,0,1,19.9819,39.9264,4003,2.1183057450230613,inf,10.9740,[FOCUS] STEP2: Boundary 0.5,9.0432,19.6451,10.9386,0.3368,15.4545,7.9976,A,A,23
0,0,0,0,0,0,0,0,0,0,0,20.0070,30.2238,4004,10.109629027831057,inf,15.8504,[FOCUS] STEP2: Exploration (Max σ),5.4866,13.3510,14.5204,6.6560,19.6183,16.1556,A,A,23
0,0,0,0,0,0,0,0,0,0,0,24.6850,36.0040,4005,10.854223743260452,inf,15.1755,[FOCUS] STEP2: Exploration (Max σ),7.5004,16.9853,17.1846,7.6997,22.8780,17.6878,A,A,22
0,0,0,0,0,0,0,0,0,0,1,14.7496,39.9973,4006,6.965370037947855,inf,24.8079,[FOCUS] STEP2: Exploration (Max σ),9.0724,19.6946,5.6772,-4.9450,15.9020,12.3912,B,A,21
0,0,0,0,0,1,1,1,1,1,1,25.0000,40.0000,4008,1.948879360624389,0.3,12.1351,[FOCUS] STEP2: Exploration (Max σ),9.0736,19.6966,15.9264,5.3034,20.9283,13.7840,A,A,22
0,0,0,0,0,0,0,0,0,0,0,23.9337,36.0679,4007,10.169758320079254,inf,15.9652,[FOCUS] STEP2: Exploration (Max σ),7.5244,17.0273,16.4093,6.9064,22.4084,17.4246,A,A,23
0,0,0,0,0,0,0,1,1,1,1,12.6853,38.0271,4009,2.377799326703141,inf,19.8732,[FOCUS] STEP2: Exploration (Max σ),8.2784,18.3376,4.4069,-5.6523,12.2351,7.8368,B,A,21
0,0,0,0,0,0,0,0,0,1,1,16.5938,35.0803,4010,0.39494463757189874,inf,10.1161,[FOCUS] STEP2: Boundary 0.5,7.1578,16.3816,9.4360,0.2122,13.1447,6.7752,A,A,22
0,0,0,0,0,0,0,0,0,0,0,17.7493,35.1682,4011,2.104662567365384,inf,10.1402,[FOCUS] STEP2: Boundary 0.5,7.1901,16.4387,10.5593,1.3107,14.2851,7.8984,A,A,21
1,0,0,0,0,0,0,1,1,1,1,15.9473,35.9160,4012,0.0,0.0,10.0000,[FOCUS] STEP2: Boundary 0.5,7.4674,16.9273,8.4798,-0.9801,12.2234,5.5926,B,A,23
0,0,0,0,0,0,0,0,0,1,1,18.1591,36.5874,4013,0.7059026480565499,inf,10.0194,[FOCUS] STEP2: Boundary 0.5,7.7209,17.3709,10.4383,0.7882,14.2514,7.4421,A,A,22
0,0,0,0,0,0,0,0,0,0,0,18.3090,30.7749,4014,6.882116162288412,inf,13.3516,[FOCUS] STEP2: Boundary 0.5,5.6653,13.6828,12.6437,4.6262,17.0062,12.7031,A,A,21
0,0,0,0,0,0,0,0,0,0,0,24.4519,32.5650,4015,9.45754778961739,inf,11.5385,[FOCUS] STEP2: Boundary 0.5,6.2650,14.7820,18.1869,9.6699,22.1482,16.8602,A,A,21
0,0,0,0,0,0,0,0,0,0,0,23.2998,31.1092,4017,8.043389860945041,inf,10.0000,[FOCUS] STEP2: Boundary 0.5,5.7750,13.8856,17.5248,9.4142,20.8231,15.4976,A,A,23
0,0,0,0,0,0,0,0,0,0,0,14.8072,30.2850,4018,1.7446590419594024,inf,10.0000,[FOCUS] STEP2: Boundary 0.5,5.5063,13.3876,9.3009,1.4196,12.5229,7.4191,A,A,21
0,0,0,0,0,0,0,0,0,0,1,20.1309,40.0000,4016,1.9699727364670239,inf,11.0782,[FOCUS] STEP2: Boundary 0.5,9.0736,19.6966,11.0573,0.4343,15.6236,8.1763,A,A,22
0,0,0,0,0,0,0,0,0,1,1,16.1798,34.1087,4019,0.8632480691587947,inf,10.1617,[FOCUS] STEP2: Boundary 0.5,6.8060,15.7561,9.3738,0.4238,13.0078,6.9158,A,A,23
0,0,0,0,0,0,0,0,0,0,0,19.4068,36.9066,4020,2.9984241353878756,inf,10.4412,[FOCUS] STEP2: Boundary 0.5,7.8428,17.5834,11.5640,1.8234,15.5685,8.7914,A,A,21
0,0,0,0,0,0,0,0,1,1,1,15.9224,34.6779,4021,0.3892923664235427,inf,10.9480,[FOCUS] STEP2: Boundary 0.5,7.0111,16.1214,8.9114,-0.1990,12.8842,6.8588,B,A,22
1,0,0,0,0,0,0,0,1,1,1,14.4987,31.0389,4023,0.0,0.0,10.0000,[FOCUS] STEP2: Boundary 0.5,5.7518,13.8428,8.7469,0.6559,12.0387,6.7322,A,A,22
0,0,0,0,0,0,0,0,0,0,1,15.7032,33.0108,4024,1.219038367124635,inf,10.0000,[FOCUS] STEP2: Boundary 0.5,6.4190,15.0608,9.2842,0.6424,12.7587,6.9194,A,A,21
0,0,0,0,0,0,0,0,1,1,1,19.2581,37.8975,4022,0.2888469290422558,1.9,10.2640,[FOCUS] STEP2: Boundary 0.5,8.2274,18.2498,11.0307,1.0084,15.0615,7.9616,A,A,23
0,0,0,0,0,0,0,0,0,0,1,15.8596,32.6929,4025,1.5536153827319445,inf,10.2966,[FOCUS] STEP2: Boundary 0.5,6.3090,14.8618,9.5506,0.9978,13.0978,7.4276,A,A,22
0,0,0,0,0,0,0,0,0,0,1,16.3502,35.2797,4026,1.6658360843192983,inf,11.4963,[FOCUS] STEP2: Boundary 0.5,7.2311,16.5112,9.1191,-0.1610,13.3550,7.3208,B,A,21
0,0,0,0,0,0,0,0,1,1,1,17.0383,35.0473,4027,0.16592720143379602,inf,10.6586,[FOCUS] STEP2: Boundary 0.5,7.1458,16.3602,9.8926,0.6781,13.7969,7.5894,A,A,23
0,0,0,0,0,1,1,1,1,1,1,24.7888,31.5005,4028,1.9147128570246095,0.3,10.0000,[FOCUS] STEP2: Boundary 0.5,5.9048,14.1244,18.8840,10.6644,22.2186,16.7876,A,A,21
0,0,0,0,0,0,0,1,1,1,1,11.9082,37.6938,4030,0.5138556559088476,inf,13.0718,[FOCUS] STEP2: Boundary 0.5,8.1476,18.1119,3.7606,-6.2038,8.8693,2.6245,B,A,23
0,0,0,0,0,0,0,0,0,0,0,22.0069,32.5904,4029,14.169366363121153,inf,22.1186,[FOCUS] STEP2: Boundary 0.5,6.2737,14.7978,15.7332,7.2091,23.3321,20.9983,A,A,22
0,0,0,0,0,0,0,0,0,0,1,17.7348,33.6222,4032,1.7955506793653728,inf,10.0000,[FOCUS] STEP2: Boundary 0.5,6.6331,15.4465,11.1017,2.2883,14.6328,8.6276,A,A,22
0,0,0,0,0,0,0,0,0,1,1,18.9217,38.2712,4033,0.7761176036307705,inf,10.3293,[FOCUS] STEP2: Boundary 0.5,8.3748,18.5036,10.5469,0.4181,14.6391,7.4550,A,A,21
0,0,0,0,0,0,0,0,0,0,0,20.6027,38.6392,4031,10.621973720057909,inf,23.1026,[FOCUS] STEP2: Boundary 0.5,8.5212,18.7550,12.0814,1.8477,21.3128,17.6728,A,A,23
0,0,0,0,0,0,0,0,0,0,0,14.1997,32.4652,4034,13.491485038292835,inf,10.0000,[FOCUS] STEP2: Boundary 0.5,6.2308,14.7199,7.9689,-0.5202,11.3928,5.7013,B,A,23
0,0,0,0,0,0,0,0,0,0,1,18.9974,36.3399,4035,1.71612067999445,inf,10.0927,[FOCUS] STEP2: Boundary 0.5,7.6270,17.2069,11.3704,1.7905,15.1883,8.4677,A,A,21
0,0,0,0,0,0,0,0,0,0,0,17.6417,30.6017,4036,5.524034339339235,inf,13.2426,[FOCUS] STEP2: Boundary 0.5,5.6088,13.5782,12.0329,4.0635,16.3385,12.0512,A,A,22
0,0,0,0,0,0,0,0,0,0,0,16.4618,31.1218,4037,15.34411003472121,inf,23.7383,[FOCUS] STEP2: Boundary 0.5,5.7792,13.8932,10.6827,2.5686,18.5151,17.0127,A,A,23
0,0,0,0,0,0,0,0,0,0,1,15.7652,33.1352,4038,1.2665578780160356,inf,10.5552,[FOCUS] STEP2: Boundary 0.5,6.4623,15.1390,9.3029,0.6262,12.9824,7.2650,A,A,21
0,0,0,0,0,0,0,0,0,0,0,23.1343,31.6461,4039,7.261165535666145,inf,10.0000,[FOCUS] STEP2: Boundary 0.5,5.9534,14.2137,17.1809,8.9207,20.5289,15.0587,A,A,22
0,0,0,0,0,0,0,0,0,0,0,16.3943,35.2269,4041,15.320349692600294,inf,10.9025,[FOCUS] STEP2: Boundary 0.5,7.2117,16.4769,9.1826,-0.0826,13.1944,7.0068,B,A,23
0,0,0,0,0,0,0,0,0,0,0,24.9334,39.8457,4040,6.85940836410979,inf,12.5282,[FOCUS] STEP2: Boundary 0.5,9.0101,19.5888,15.9234,5.3446,21.0694,14.0802,A,A,22
0,0,0,0,0,0,0,0,0,0,0,25.0000,40.0000,4042,10.641954172382778,inf,17.5471,[FOCUS] STEP2: Boundary 0.5,9.0736,19.6966,15.9264,5.3034,23.1591,17.5662,A,A,21
0,0,0,0,0,0,0,0,0,0,0,17.5279,32.9587,4043,16.337801037341354,inf,11.0152,[FOCUS] STEP2: Boundary 0.5,6.4009,15.0281,11.1270,2.4998,14.9489,9.4082,A,A,23
0,0,0,0,0,0,0,0,0,0,1,19.4062,38.8045,4044,1.3211721514989072,inf,10.1717,[FOCUS] STEP2: Boundary 0.5,8.5874,18.8683,10.8188,0.5379,14.8988,7.5225,A,A,22
0,0,0,0,0,0,0,0,0,0,0,22.1749,37.5094,4045,12.87834417432816,inf,22.3399,[FOCUS] STEP2: Boundary 0.5,8.0757,17.9876,14.0992,4.1873,22.7919,19.2331,A,A,21
0,0,0,0,1,1,1,1,1,1,1,25.0000,32.0884,4047,1.9152556486263366,0.4,11.9213,[FOCUS] STEP2: Boundary 0.5,6.1024,14.4861,18.8976,10.5139,22.9377,17.8849,A,A,21
0,0,0,0,0,0,0,0,0,0,0,15.4733,31.6545,4048,8.005835283208432,inf,21.5612,[FOCUS] STEP2: Boundary 0.5,5.9562,14.2188,9.5171,1.2545,16.7375,14.4908,A,A,23
0,0,0,0,0,0,1,1,1,1,1,17.4938,33.8264,4049,1.911046758509533,0.3,10.4533,[FOCUS] STEP2: Boundary 0.5,6.7054,15.5762,10.7884,1.9176,14.4993,8.5660,A,A,21
0,0,0,0,0,0,0,0,0,0,0,15.2784,32.5115,4050,1.9507021452054105,0.3,10.2784,[FOCUS] STEP2: Boundary 0.5,6.2466,14.7487,9.0318,0.5297,12.5554,6.9293,A,A,21
0,0,0,0,0,0,0,0,0,0,1,19.3614,39.3618,4051,1.2244712339083037,inf,10.0953,[FOCUS] STEP2: Boundary 0.5,8.8124,19.2526,10.5490,0.1087,14.6504,7.0982,A,A,23
-1,-1,-1,-1,-1,-1,-1,-1,-1,-1,-1,18.959678318949564,37.24400961237496,4046,inf,inf,10.033045928591948,[FOCUS] STEP2: Boundary 0.5 [ERROR: TIMEOUT],,,,,,,,,
-1,0,0,-1,-1,-1,-1,-1,-1,-1,-1,17.5169,31.3183,4053,inf,inf,15.3800,[FOCUS] STEP2: Exploration (Max σ),5.8442,14.0130,11.6728,3.5040,16.7753,12.8930,A,A,21
0,0,0,0,0,0,0,0,0,0,0,16.6905,37.6843,4052,6.581881114948852,inf,20.4775,[FOCUS] STEP2: Exploration (Max σ),8.1439,18.1056,8.5466,-1.4150,16.5479,12.4129,B,A,22
0,0,0,0,0,0,0,0,0,0,1,14.1484,35.9978,4054,4.803819594891872,2.8,20.5505,[FOCUS] STEP2: Exploration (Max σ),7.4981,16.9812,6.6503,-2.8328,14.3590,10.6916,B,A,23
0,0,0,0,0,0,0,0,0,0,0,23.3418,30.4427,4055,16.189147622871594,inf,21.9331,[FOCUS] STEP2: Exploration (Max σ),5.5572,13.4824,17.7845,9.8594,24.8833,23.0534,A,A,21
0,0,0,0,0,0,0,0,0,0,0,19.1860,35.7972,4056,8.288241950418145,inf,18.6754,[FOCUS] STEP2: Exploration (Max σ),7.4231,16.8494,11.7629,2.3366,18.7336,14.5888,A,A,22
0,0,0,0,0,0,0,0,0,0,0,22.8071,37.9765,4057,10.27890436023695,inf,17.4886,[FOCUS] STEP2: Exploration (Max σ),8.2585,18.3033,14.5486,4.5038,21.4293,16.3654,A,A,23
0,0,0,0,0,0,0,0,0,0,1,19.0685,36.6537,4058,1.804802913771487,inf,10.3393,[FOCUS] Error Recovery (Shifted from Loop 4046),7.7461,17.4150,11.3223,1.6535,15.2636,8.5269,A,A,22
0,0,0,0,0,0,0,0,1,1,1,15.9630,35.3097,4061,0.3125955096002503,inf,10.6033,[FOCUS] STEP2: Boundary 0.5,7.2422,16.5307,8.7208,-0.5677,12.6307,6.3361,B,A,23
0,0,0,0,0,0,0,0,0,0,1,20.2886,39.2140,4059,2.996618924229416,inf,12.1542,[FOCUS] STEP2: Boundary 0.5,8.7524,19.1504,11.5361,1.1382,16.4574,9.5349,A,A,22
0,0,0,0,0,0,0,0,0,0,0,22.3221,39.5603,4060,6.9723197059511985,inf,15.3355,[FOCUS] STEP2: Boundary 0.5,8.8932,19.3903,13.4289,2.9318,19.6875,13.5804,A,A,21
0,0,0,0,0,0,0,0,0,0,1,20.1930,38.8919,4062,1.8324919688991224,inf,10.4467,[FOCUS] STEP2: Boundary 0.5,8.6225,18.9284,11.5705,1.2646,15.7692,8.4473,A,A,23
0,0,0,0,0,0,0,0,0,0,0,25.0000,35.9147,4064,13.561429576413145,inf,18.9011,[FOCUS] STEP2: Boundary 0.5,7.4670,16.9265,17.5330,8.0735,24.6085,20.4964,A,A,21
-1,-1,-1,-1,-1,-1,-1,-1,-1,-1,-1,24.75323540587116,31.19186150216018,4063,inf,inf,10.805879793998521,[FOCUS] STEP2: Boundary 0.5 [ERROR: TIMEOUT],,,,,,,,,
0,0,0,0,0,0,0,0,0,0,0,25.0000,32.8022,4065,8.276814205437882,inf,10.0000,[FOCUS] STEP2: Boundary 0.5,6.3467,14.9301,18.6533,10.0699,22.1084,16.3257,A,A,21
0,0,0,0,0,0,0,0,0,0,0,23.5662,31.8353,4066,7.177317597516059,inf,10.0000,[FOCUS] STEP2: Boundary 0.5,6.0169,14.3300,17.5492,9.2362,20.9148,15.3935,A,A,23
0,0,0,0,0,0,0,0,0,0,0,24.8796,40.0000,4067,6.6036547196930355,inf,11.6414,[FOCUS] STEP2: Boundary 0.5,9.0736,19.6966,15.8060,5.1830,20.6044,13.3186,A,A,21
0,0,0,0,0,0,0,0,0,0,0,25.0000,39.3499,4069,9.2321520266059,inf,15.1504,[FOCUS] STEP2: Boundary 0.5,8.8075,19.2444,16.1925,5.7556,22.3460,16.2432,A,A,23
0,0,0,0,0,1,1,1,1,1,1,24.7345,31.3037,4071,1.9151493094339624,0.4,10.4755,[FOCUS] Error Recovery (Shifted from Loop 4063),5.8394,14.0041,18.8951,10.7304,22.3692,17.1238,A,A,23
-1,-1,-1,-1,-1,-1,-1,-1,-1,-1,-1,19.757803078435966,38.490904466219,4068,inf,inf,10.124182661111664,[FOCUS] STEP2: Boundary 0.5 [ERROR: TIMEOUT],,,,,,,,,
-1,-1,-1,-1,-1,-1,-1,-1,-1,-1,-1,18.769107420746096,38.91555019788271,4070,inf,inf,10.95847396288593,[FOCUS] STEP2: Boundary 0.5 [ERROR: TIMEOUT],,,,,,,,,
-1,0,0,-1,-1,-1,-1,-1,-1,-1,-1,18.1377,34.7871,4072,inf,inf,10.1985,[FOCUS] STEP2: Boundary 0.5,7.0507,16.1918,11.0869,1.9458,14.7981,8.5318,A,A,23
0,0,0,0,0,0,0,0,0,1,1,15.8130,33.3970,4073,0.6738554797185671,inf,10.0000,[FOCUS] STEP2: Boundary 0.5,6.5538,15.3040,9.2592,0.5090,12.7694,6.8253,A,A,22
1,0,0,0,0,0,1,1,1,1,1,12.4709,37.1428,4074,0.0,0.0,13.5500,[FOCUS] STEP2: Boundary 0.5,7.9337,17.7414,4.5372,-5.2705,9.7637,3.8048,B,A,21
0,0,0,0,0,0,0,0,0,0,1,20.3903,39.2571,4075,2.104388504753249,2.8,10.0000,[FOCUS] STEP2: Boundary 0.5,8.7699,19.1802,11.6204,1.2102,15.6735,8.1230,A,A,22
0,0,0,0,0,0,0,0,0,0,1,17.7236,34.7363,4076,1.7120503484051566,1.9,10.4144,[FOCUS] STEP2: Boundary 0.5,7.0323,16.1590,10.6914,1.5646,14.4763,8.2846,A,A,21
0,0,0,0,0,0,0,0,0,0,1,14.7657,30.1512,4077,1.2710187116655376,inf,10.0000,[FOCUS] STEP2: Boundary 0.5,5.4633,13.3074,9.3024,1.4582,12.5120,7.4441,A,A,22
0,0,0,0,0,0,0,0,0,0,1,19.1953,38.0426,4078,1.205766110598306,inf,10.0000,[FOCUS] Error Recovery (Shifted from Loop 4068),8.2845,18.3481,10.9109,0.8472,14.8514,7.6364,A,A,23
0,0,0,0,0,0,0,0,1,1,1,18.1732,38.8371,4079,0.30686963406628737,inf,10.2379,[FOCUS] Error Recovery (Shifted from Loop 4070),8.6005,18.8908,9.5727,-0.7176,13.6823,6.3159,B,A,21
0,0,0,0,0,0,0,0,0,1,1,20.5496,40.0000,4082,0.810088602355233,inf,10.1307,[FOCUS] STEP2: Boundary 0.5,9.0736,19.6966,11.4760,0.8530,15.6517,7.9328,A,A,21
0,0,0,0,0,0,0,0,0,0,0,20.5309,39.8378,4080,7.918452722060018,inf,10.0000,[FOCUS] STEP2: Boundary 0.5,9.0068,19.5833,11.5241,0.9476,15.6309,7.9195,A,A,23
0,0,0,0,0,1,1,1,1,1,1,23.8515,31.6298,4084,1.9241497973481863,0.3,10.0000,[FOCUS] STEP2: Boundary 0.5,5.9480,14.2036,17.9035,9.6478,21.2500,15.7842,A,A,23
0,0,0,0,0,0,0,0,0,0,1,14.5400,30.6799,4083,1.6022819461653364,inf,10.7441,[FOCUS] STEP2: Boundary 0.5,5.6343,13.6254,8.9057,0.9146,12.4067,7.4037,A,A,21
0,0,0,0,0,0,0,1,1,1,1,24.3624,32.4335,4085,1.8537076782830293,0.3,10.8063,[FOCUS] STEP2: Boundary 0.5,6.2199,14.7001,18.1425,9.6623,21.8393,16.3818,A,A,23
-1,-1,-1,-1,-1,-1,-1,-1,-1,-1,-1,17.64617343908393,35.083875725759434,4081,inf,inf,10.14613191407229,[FOCUS] STEP2: Boundary 0.5 [ERROR: TIMEOUT],,,,,,,,,
0,0,0,0,0,0,0,0,0,0,0,24.1539,31.8252,4088,1.9573871875526048,0.3,10.9063,[FOCUS] STEP2: Boundary 0.5,6.0136,14.3238,18.1404,9.8301,21.8099,16.5444,A,A,23
0,0,0,0,0,0,0,0,1,1,1,16.7025,35.7382,4087,0.37898248723798783,2.2,11.5653,[FOCUS] STEP2: Boundary 0.5,7.4010,16.8106,9.3014,-0.1082,13.6119,7.4724,B,A,22
0,0,0,0,0,0,0,0,0,0,0,21.8103,31.8253,4086,15.60896975327614,inf,24.7594,[FOCUS] STEP2: Boundary 0.5,6.0136,14.3238,15.7967,7.4865,24.1274,22.7292,A,A,21
0,0,0,0,0,0,0,0,0,0,0,24.2295,31.9628,4089,1.9531926014521195,0.3,11.0329,[FOCUS] STEP2: Boundary 0.5,6.0599,14.4085,18.1696,9.8210,21.8958,16.6286,A,A,23
0,0,0,0,0,0,0,0,1,1,1,17.0423,36.7265,4090,0.4777410215687292,inf,11.2450,[FOCUS] STEP2: Boundary 0.5,7.7739,17.4634,9.2684,-0.4211,13.5625,7.0627,B,A,22
0,0,0,0,0,0,0,0,0,0,0,17.1059,34.9391,4092,1.946202121263413,0.3,10.2265,[FOCUS] Error Recovery (Shifted from Loop 4081),7.1062,16.2901,9.9997,0.8158,13.7355,7.4357,A,A,23
0,0,0,0,0,0,0,0,0,0,1,16.6568,36.0531,4091,1.3357190635149785,inf,10.9052,[FOCUS] STEP2: Boundary 0.5,7.5188,17.0175,9.1379,-0.3607,13.2342,6.8222,B,A,21
0,0,0,0,0,0,0,0,0,0,0,19.3949,30.7292,4095,1.9478885231972893,0.3,19.5238,[FOCUS] STEP2: Exploration (Max σ),5.6503,13.6551,13.7446,5.7398,20.1154,17.5415,A,A,23
0,0,0,0,0,0,0,0,0,0,0,23.0366,30.0235,4093,13.990488188022319,inf,17.2441,[FOCUS] STEP2: Exploration (Max σ),5.4224,13.2311,17.6142,9.8055,23.1284,20.1052,A,A,21
0,0,0,0,0,0,0,0,0,0,0,23.6159,33.3466,4094,12.831830172097785,inf,18.7300,[FOCUS] STEP2: Exploration (Max σ),6.5362,15.2722,17.0798,8.3438,23.6457,20.1646,A,A,22
0,0,0,0,0,0,0,0,0,0,0,18.8749,35.2579,4096,1.9470759925079981,0.3,13.7654,[FOCUS] STEP2: Exploration (Max σ),7.2231,16.4970,11.6518,2.3779,16.7210,11.3333,A,A,23
0,0,0,0,0,0,0,0,0,0,0,24.9412,37.3736,4097,7.6399975857908276,inf,12.0295,[FOCUS] STEP2: Exploration (Max σ),8.0230,17.8962,16.9182,7.0449,21.5839,15.1301,A,A,21
0,0,0,0,0,0,0,0,0,0,0,23.9751,36.7500,4098,9.03929371413679,inf,13.6318,[FOCUS] STEP2: Exploration (Max σ),7.7829,17.4790,16.1923,6.4961,21.4007,15.5717,A,A,22
0,0,0,0,1,1,1,1,1,1,1,23.6847,32.3973,4100,1.9177759100951108,0.3,10.0032,[FOCUS] STEP2: Boundary 0.5,6.2076,14.6776,17.4771,9.0070,20.8958,15.2235,A,A,21
0,0,0,0,0,0,0,0,0,0,0,20.6175,38.5267,4099,1.9531665697410225,0.3,10.0000,[FOCUS] STEP2: Boundary 0.5,8.4763,18.6780,12.1412,1.9395,16.1265,8.7780,A,A,23
0,0,0,0,0,0,0,0,0,1,1,17.3862,36.5433,4101,1.4059844057698259,inf,11.5216,[FOCUS] STEP2: Boundary 0.5,7.7041,17.3417,9.6821,0.0445,14.0622,7.6910,A,A,22
0,0,0,0,1,1,1,1,1,1,1,11.8889,38.4063,4102,1.9366996205697284,0.3,11.8195,[FOCUS] STEP2: Boundary 0.5,8.4284,18.5957,3.4604,-6.7069,8.1578,1.3614,B,A,21
0,0,0,0,0,0,0,0,0,1,1,17.0521,36.2770,4103,0.9924603658768825,inf,10.8251,[FOCUS] STEP2: Boundary 0.5,7.6032,17.1653,9.4490,-0.1131,13.5376,7.0417,B,A,22
0,0,0,0,0,0,0,0,0,0,0,20.6999,39.0826,4104,1.95218622820919,0.3,10.7209,[FOCUS] STEP2: Boundary 0.5,8.6993,19.0598,12.0006,1.6402,16.3285,9.0323,A,A,21
-1,0,0,-1,-1,-1,-1,-1,-1,-1,-1,25.0000,40.0000,4105,inf,inf,21.0844,[FOCUS] STEP2: Exploration (Max σ),9.0736,19.6966,15.9264,5.3034,24.6171,20.0382,A,A,21
0,0,0,0,0,0,0,0,0,0,0,21.3737,36.4742,4106,5.809678326491334,inf,15.5759,[FOCUS] STEP2: Exploration (Max σ),7.6779,17.2959,13.6959,4.0779,19.6073,14.4040,A,A,22
0,0,0,0,0,0,0,0,0,0,0,23.9565,40.0000,4107,12.523377720280815,inf,20.8316,[FOCUS] STEP2: Exploration (Max σ),9.0736,19.6966,14.8829,4.2599,23.4694,18.8180,A,A,23
0,0,0,0,0,0,0,0,0,0,0,23.6912,40.0000,4108,12.423928332459514,inf,20.7778,[FOCUS] STEP2: Exploration (Max σ),9.0736,19.6966,14.6176,3.9947,23.1820,18.5152,A,A,21
0,0,0,0,0,0,0,0,0,0,0,24.1712,40.0000,4109,11.5899317810415,inf,19.8816,[FOCUS] STEP2: Exploration (Max σ),9.0736,19.6966,15.0977,4.4747,23.2926,18.3689,A,A,22
0,0,0,0,0,0,0,0,0,0,0,23.6727,40.0000,4110,12.175745352042906,inf,20.7274,[FOCUS] STEP2: Exploration (Max σ),9.0736,19.6966,14.5991,3.9761,23.1426,18.4614,A,A,23
0,0,0,0,0,0,0,0,0,0,0,15.5247,33.2242,4111,8.21702171860503,inf,23.1458,[FOCUS] STEP2: Exploration (Max σ),6.4933,15.1950,9.0314,0.3297,17.1190,14.9086,A,A,23
0,0,0,0,0,0,0,0,0,0,0,22.6306,40.0000,4113,11.168224418210663,inf,20.0611,[FOCUS] STEP2: Exploration (Max σ),9.0736,19.6966,13.5571,2.9341,21.8260,16.9537,A,A,21
0,0,0,0,0,0,0,0,0,0,0,24.1003,40.0000,4112,12.209781688743972,inf,20.4338,[FOCUS] STEP2: Exploration (Max σ),9.0736,19.6966,15.0268,4.4038,23.4493,18.6838,A,A,22
0,0,0,0,0,0,0,0,0,0,0,23.0827,40.0000,4114,12.07609731163858,inf,20.7049,[FOCUS] STEP2: Exploration (Max σ),9.0736,19.6966,14.0092,3.3862,22.5434,17.8557,A,A,23
0,0,0,0,0,0,0,0,0,0,0,21.5135,40.0000,4116,10.044433060110567,inf,20.4437,[FOCUS] STEP2: Exploration (Max σ),9.0736,19.6966,12.4399,1.8169,20.8665,16.1040,A,A,23
-1,-1,-1,-1,-1,-1,-1,-1,-1,-1,-1,23.588471113725184,40.0,4115,inf,inf,19.926477230434458,[FOCUS] STEP2: Exploration (Max σ) [ERROR: TIMEOUT],,,,,,,,,
0,0,0,0,0,0,0,0,0,0,0,22.3723,31.1309,4118,13.83957779117473,inf,19.0904,[FOCUS] STEP2: Exploration (Max σ),5.7822,13.8988,16.5901,8.4735,22.8906,20.0912,A,A,23
0,0,0,0,0,0,0,0,0,0,0,24.9892,37.4455,4117,15.291021111916763,inf,22.5476,[FOCUS] STEP2: Exploration (Max σ),8.0509,17.9446,16.9383,7.0446,25.6986,22.2156,A,A,22
0,0,0,0,0,0,0,0,0,0,0,21.0767,32.0608,4120,11.542475886303103,inf,19.3964,[FOCUS] STEP2: Exploration (Max σ),6.0931,14.4691,14.9836,6.6076,21.5521,18.5952,A,A,22
0,0,0,0,0,0,0,0,0,0,0,22.1050,31.4072,4119,11.690435538589098,inf,19.2987,[FOCUS] STEP2: Exploration (Max σ),5.8737,14.0673,16.2312,8.0376,22.6498,19.8364,A,A,23
0,0,0,0,0,0,0,0,0,0,0,24.3834,33.9318,4122,15.005134838933119,inf,20.3480,[FOCUS] STEP2: Exploration (Max σ),6.7429,15.6432,17.6405,8.7402,24.8839,21.7033,A,A,22
0,0,0,0,0,0,0,0,0,0,0,25.0000,33.6716,4121,16.374758148992456,inf,21.5591,[FOCUS] STEP2: Exploration (Max σ),6.6506,15.4778,18.3494,9.5222,25.9720,23.1998,A,A,21
0,0,0,0,0,0,0,0,0,0,0,16.4836,30.0000,4125,7.374870681168309,inf,16.4226,[FOCUS] STEP2: Exploration (Max σ),5.4149,13.2171,11.0687,3.2665,16.3166,13.0717,A,A,21
0,0,0,0,0,0,0,0,0,0,0,21.2949,31.2095,4123,12.301779303178728,inf,18.1075,[FOCUS] STEP2: Exploration (Max σ),5.8081,13.9466,15.4867,7.3482,21.4759,18.3822,A,A,22
0,0,0,0,0,0,0,0,0,0,0,24.9449,37.6523,4124,15.225549847056271,inf,22.2353,[FOCUS] STEP2: Exploration (Max σ),8.1314,18.0839,16.8135,6.8610,25.4950,21.8686,A,A,23
0,0,0,0,0,0,0,0,0,0,0,24.7423,30.0000,4128,16.131992692879514,inf,18.9351,[FOCUS] STEP2: Exploration (Max σ),5.4149,13.2171,19.3275,11.5253,25.3783,22.8305,A,A,23
0,0,0,0,0,0,0,0,0,0,0,24.9288,37.2212,4127,16.16855808888592,inf,22.5033,[FOCUS] STEP2: Exploration (Max σ),7.9640,17.7939,16.9649,7.1349,25.6612,22.2247,A,A,22
0,0,0,0,0,0,0,0,0,0,0,19.6317,33.7210,4126,10.671771626274554,inf,20.1155,[FOCUS] STEP2: Exploration (Max σ),6.6681,15.5092,12.9636,4.1225,20.0850,16.8944,A,A,21
0,0,0,0,0,0,0,0,0,0,0,23.5518,39.6349,4129,11.772674322692353,inf,19.3624,[FOCUS] Error Recovery (Shifted from Loop 4115),8.9237,19.4421,14.6281,4.1097,22.5435,17.5691,A,A,23
0,0,0,0,0,0,0,0,0,0,0,22.3257,30.5094,4130,11.790155308449107,inf,14.8613,[FOCUS] STEP2: Exploration (Max σ),5.5788,13.5225,16.7469,8.8032,21.5660,17.7532,A,A,21
0,0,0,0,0,0,0,0,0,0,0,21.8338,32.3739,4131,11.703586946507967,inf,17.5712,[FOCUS] STEP2: Exploration (Max σ),6.1996,14.6631,15.6343,7.1707,21.6356,18.0863,A,A,22
0,0,0,0,0,0,0,0,0,0,0,23.7245,36.6227,4132,14.39397805543824,inf,23.7766,[FOCUS] STEP2: Exploration (Max σ),7.7343,17.3944,15.9902,6.3301,25.0467,22.1288,A,A,23
0,0,0,0,0,0,0,0,0,0,0,21.2826,31.4153,4133,11.317030976325299,inf,16.5278,[FOCUS] STEP2: Exploration (Max σ),5.8764,14.0722,15.4062,7.2103,20.9044,17.3164,A,A,21
0,0,0,0,0,0,0,0,0,0,0,19.9608,30.8185,4134,14.583821030533487,inf,23.6231,[FOCUS] STEP2: Exploration (Max σ),5.6795,13.7092,14.2812,6.2516,22.0092,20.5526,A,A,22
0,0,0,0,0,0,0,0,0,0,0,15.5034,32.7425,4135,6.670142152022191,inf,19.7590,[FOCUS] STEP2: Exploration (Max σ),6.3261,14.8928,9.1774,0.6107,15.9934,12.9594,A,A,23
0,0,0,0,0,0,0,0,0,0,0,17.5705,32.9634,4136,3.2848989188089206,inf,10.3690,[FOCUS] STEP2: Boundary 0.5,6.4025,15.0311,11.1680,2.5394,14.7661,9.0430,A,A,23
0,0,0,0,0,0,0,0,0,0,1,20.4580,39.3646,4137,2.5260898973929047,inf,10.9281,[FOCUS] STEP2: Boundary 0.5,8.8135,19.2546,11.6445,1.2035,16.0846,8.7699,A,A,22
0,0,0,0,0,0,0,0,0,1,1,14.8923,32.8554,4138,0.340949720596907,inf,10.0000,[FOCUS] STEP2: Boundary 0.5,6.3651,14.9634,8.5272,-0.0711,11.9872,6.1901,B,A,21
0,0,0,0,0,0,0,0,0,1,1,16.5704,35.9897,4139,1.3719216799984508,inf,11.7144,[FOCUS] STEP2: Boundary 0.5,7.4951,16.9758,9.0754,-0.4054,13.4687,7.3029,B,A,23
1,0,0,0,0,0,0,1,1,1,1,14.7846,35.2714,4141,0.0,0.0,10.8729,[FOCUS] STEP2: Boundary 0.5,7.2281,16.5058,7.5565,-1.7212,11.5619,5.3539,B,A,21
0,0,0,0,0,0,0,0,0,0,0,18.5345,35.3814,4140,4.812034757141164,inf,14.0013,[FOCUS] STEP2: Boundary 0.5,7.2687,16.5775,11.2659,1.9571,16.4380,11.0836,A,A,22
0,0,0,0,0,0,0,0,0,0,1,19.0307,37.2614,4142,1.0108317538091331,inf,10.0117,[FOCUS] STEP2: Boundary 0.5,7.9795,17.8209,11.0512,1.2098,14.9239,7.9274,A,A,22
0,0,0,0,0,0,0,0,0,0,1,15.4615,34.2026,4144,1.4102889855528946,inf,10.7343,[FOCUS] STEP2: Boundary 0.5,6.8396,15.8161,8.6219,-0.3546,12.4700,6.5135,B,A,23
0,0,0,0,0,0,0,0,0,0,1,17.3181,33.1166,4143,1.877958310581603,1.8,10.2199,[FOCUS] STEP2: Boundary 0.5,6.4558,15.1273,10.8623,2.1908,14.4232,8.6169,A,A,21
1,0,0,0,0,0,0,1,1,1,1,13.6652,36.8121,4145,0.0,0.0,10.6097,[FOCUS] STEP2: Boundary 0.5,7.8066,17.5204,5.8585,-3.8552,9.9184,3.2150,B,A,23
0,0,0,0,0,0,0,0,0,0,1,14.4504,30.1117,4146,1.04606060347231,inf,10.0000,[FOCUS] STEP2: Boundary 0.5,5.4506,13.2838,8.9998,1.1666,12.2057,7.1485,A,A,21
0,0,0,0,0,0,0,0,0,0,1,18.7581,36.5227,4147,1.9931798253499715,inf,10.2816,[FOCUS] STEP2: Boundary 0.5,7.6963,17.3280,11.0618,1.4301,14.9686,8.2515,A,A,23
0,0,0,0,0,0,0,0,1,1,1,20.0326,39.8110,4150,0.32325538711420365,inf,10.1858,[FOCUS] STEP2: Boundary 0.5,8.9958,19.5647,11.0367,0.4679,15.2174,7.5666,A,A,22
0,0,0,0,0,0,0,0,0,0,0,20.2232,39.8377,4149,6.440589920133878,inf,16.2416,[FOCUS] STEP2: Boundary 0.5,9.0068,19.5833,11.2164,0.6399,17.8865,11.9635,A,A,23
0,0,0,0,0,0,0,0,0,0,0,16.0204,31.4995,4151,8.590249462792821,inf,21.8540,[FOCUS] STEP2: Boundary 0.5,5.9044,14.1238,10.1159,1.8966,17.4030,15.2781,A,A,22
0,0,0,0,0,0,0,0,0,0,0,20.0349,39.2833,4152,3.521586632625526,inf,11.7978,[FOCUS] STEP2: Boundary 0.5,8.7805,19.1983,11.2544,0.8366,16.0389,8.9954,A,A,23
0,0,0,0,0,0,0,0,0,1,1,17.4084,37.3203,4153,0.33573205541979695,inf,10.0000,[FOCUS] STEP2: Boundary 0.5,8.0023,17.8604,9.4062,-0.4520,13.2798,6.2637,B,A,22
-1,-1,-1,-1,-1,-1,-1,-1,-1,-1,-1,11.963883142626916,33.11354051837766,4148,inf,inf,10.82708655064394,[FOCUS] STEP2: Boundary 0.5 [ERROR: TIMEOUT],,,,,,,,,
1,0,0,0,0,0,0,0,1,1,1,13.7154,30.6706,4154,0.0,0.0,10.0000,[FOCUS] STEP2: Boundary 0.5,5.6312,13.6197,8.0842,0.0957,11.3418,6.1344,A,A,23
1,0,0,1,1,1,1,1,1,1,1,12.5107,36.6604,4155,0.0,0.0,10.3065,[FOCUS] STEP2: Boundary 0.5,7.7487,17.4194,4.7620,-4.9087,8.6914,1.9436,B,A,21
0,0,0,0,0,0,0,0,0,0,1,15.6967,34.7503,4156,1.1831718101070006,inf,10.0000,[FOCUS] STEP2: Boundary 0.5,7.0374,16.1681,8.6593,-0.4714,12.2949,5.9827,B,A,22
1,0,0,0,0,1,1,1,1,1,1,12.0693,36.9308,4158,0.0,0.0,12.1172,[FOCUS] STEP2: Boundary 0.5,7.8521,17.5996,4.2172,-5.5303,8.8672,2.5592,B,A,22
0,0,0,0,0,0,0,0,0,0,0,18.3644,30.2276,4157,11.873419039401298,inf,23.2863,[FOCUS] STEP2: Boundary 0.5,5.4878,13.3532,12.8766,5.0112,20.3670,18.9683,A,A,21
1,0,0,0,0,1,1,1,1,1,1,11.2911,33.4017,4160,0.0,0.0,10.5421,[FOCUS] Error Recovery (Shifted from Loop 4148),6.5555,15.3069,4.7356,-4.0159,8.4365,2.6433,B,A,21
0,0,0,0,0,0,0,0,0,0,0,25.0000,40.0000,4159,9.3090179438496,inf,15.2805,[FOCUS] STEP2: Boundary 0.5,9.0736,19.6966,15.9264,5.3034,22.2248,15.9821,A,A,22
0,0,0,0,0,1,1,1,1,1,1,23.7364,31.7256,4161,1.9139097226616641,0.4,10.2089,[FOCUS] STEP2: Boundary 0.5,5.9801,14.2625,17.7564,9.4740,21.1818,15.7485,A,A,21
0,0,0,0,0,0,0,1,1,1,1,13.1303,30.0000,4164,1.8703221395275964,0.3,10.0000,[FOCUS] STEP2: Boundary 0.5,5.4149,13.2171,7.7155,-0.0867,10.9110,5.8838,B,A,21
0,0,0,0,0,0,0,0,0,0,0,19.9466,38.7176,4162,9.7098783797212,inf,22.6579,[FOCUS] STEP2: Boundary 0.5,8.5526,18.8088,11.3939,1.1378,20.4641,16.6764,A,A,22
0,0,0,0,0,0,0,0,0,0,0,20.4274,38.5493,4165,1.9519106795700716,0.3,22.7686,[FOCUS] STEP2: Boundary 0.5,8.4853,18.6934,11.9421,1.7340,21.0210,17.3095,A,A,21
0,0,0,0,0,0,0,0,0,0,0,23.6170,31.7965,4166,15.609168249043867,inf,22.7026,[FOCUS] STEP2: Boundary 0.5,6.0039,14.3061,17.6131,9.3109,25.2456,23.2807,A,A,22
-1,-1,-1,-1,-1,-1,-1,-1,-1,-1,-1,19.29064879693498,36.991952118056936,4163,inf,inf,10.469734346508595,[FOCUS] STEP2: Boundary 0.5 [ERROR: TIMEOUT],,,,,,,,,
-1,0,0,-1,-1,-1,-1,-1,-1,-1,-1,23.0093,39.0194,4169,inf,inf,22.0647,[FOCUS] STEP2: Boundary 0.5,8.6739,19.0162,14.3354,3.9931,23.2297,19.1926,A,A,21
0,0,0,0,0,0,0,0,0,0,1,17.3465,32.6609,4168,2.526891043268611,inf,10.9432,[FOCUS] STEP2: Boundary 0.5,6.2980,14.8418,11.0485,2.5047,14.8152,9.3348,A,A,22
0,0,0,0,0,0,0,0,0,0,0,15.9426,32.8971,4170,14.359715766563193,inf,12.4115,[FOCUS] STEP2: Boundary 0.5,6.3795,14.9895,9.5631,0.9531,13.8624,8.7295,A,A,21
0,0,0,0,0,0,0,0,0,1,1,16.6487,35.0931,4171,0.7424679832547715,inf,10.3190,[FOCUS] STEP2: Boundary 0.5,7.1625,16.3900,9.4861,0.2587,13.2704,6.9547,A,A,22
0,0,0,0,0,0,0,0,0,0,0,17.1903,35.1302,4172,15.662528224520551,inf,11.2398,[FOCUS] STEP2: Boundary 0.5,7.1761,16.4140,10.0142,0.7763,14.1400,8.0740,A,A,21
-1,-1,-1,-1,-1,-1,-1,-1,-1,-1,-1,19.34808634956752,40.0,4167,inf,inf,10.25735001910248,[FOCUS] STEP2: Boundary 0.5 [ERROR: TIMEOUT],,,,,,,,,
-1,-1,-1,-1,-1,-1,-1,-1,-1,-1,-1,19.141572140688062,36.77692388648358,4173,inf,inf,11.452870181938728,[FOCUS] Error Recovery (Shifted from Loop 4163) [ERROR: TIMEOUT],,,,,,,,,
-1,-1,-1,-1,-1,-1,-1,-1,-1,-1,-1,14.979484604931923,30.0,4174,inf,inf,10.249909161153308,[FOCUS] STEP2: Boundary 0.5 [ERROR: TIMEOUT],,,,,,,,,
-1,-1,-1,-1,-1,-1,-1,-1,-1,-1,-1,19.87249409262895,39.2385983790248,4175,inf,inf,11.728003482829308,[FOCUS] STEP2: Boundary 0.5 [ERROR: TIMEOUT],,,,,,,,,
0,0,0,0,0,0,0,0,0,0,1,18.2003,36.8071,4176,2.4725304579920646,inf,11.5247,[FOCUS] STEP2: Boundary 0.5,7.8047,17.5171,10.3956,0.6832,14.8050,8.3626,A,A,21
0,0,0,0,0,0,0,0,0,0,0,24.8568,32.6807,4177,7.897450916923647,inf,10.5606,[FOCUS] STEP2: Boundary 0.5,6.3048,14.8542,18.5520,10.0026,22.1889,16.5960,A,A,21
0,0,0,0,0,0,0,0,0,0,0,19.4696,39.4759,4178,7.838517870756845,inf,19.0739,[FOCUS] STEP2: Boundary 0.5,8.8588,19.3317,10.6108,0.1379,18.3802,13.3659,A,A,21
0,0,0,0,0,0,0,0,0,0,0,24.9014,34.7786,4181,12.730551233555246,inf,16.8074,[FOCUS] STEP2: Exploration (Max σ),7.0476,16.1863,17.8538,8.7151,23.9687,19.5675,A,A,21
0,0,0,0,0,0,0,0,0,0,0,17.6607,32.5161,4182,5.833878084419772,inf,13.4838,[FOCUS] STEP2: Exploration (Max σ),6.2482,14.7515,11.4124,2.9091,16.0355,11.3050,A,A,21
-1,-1,-1,-1,-1,-1,-1,-1,-1,-1,-1,14.921415313760608,31.282820977239382,4179,inf,inf,10.0,[FOCUS] STEP2: Boundary 0.5 [ERROR: TIMEOUT],,,,,,,,,
-1,-1,-1,-1,-1,-1,-1,-1,-1,-1,-1,19.53357950557879,39.88457227293819,4180,inf,inf,10.249763026434204,[FOCUS] Error Recovery (Shifted from Loop 4167) [ERROR: TIMEOUT],,,,,,,,,
0,0,0,0,0,0,0,0,0,0,0,20.1035,33.4767,4183,8.607240012858329,inf,16.0572,[FOCUS] STEP2: Exploration (Max σ),6.5819,15.3544,13.5216,4.7491,19.1699,14.9044,A,A,21
0,0,0,0,0,0,0,0,0,0,0,23.6484,37.4007,4184,8.875333145610862,inf,15.3954,[FOCUS] STEP2: Exploration (Max σ),8.0335,17.9144,15.6149,5.7339,21.5900,16.0856,A,A,21
0,0,0,0,0,0,0,0,0,0,0,18.6768,32.1152,4185,11.185520104019696,inf,21.6851,[FOCUS] STEP2: Exploration (Max σ),6.1115,14.5027,12.5653,4.1741,19.9198,17.5881,A,A,22
0,0,0,0,0,0,0,0,0,0,1,18.9615,36.4662,4187,2.5268059498946527,inf,11.2840,[FOCUS] Error Recovery (Shifted from Loop 4173),7.6748,17.2906,11.2867,1.6710,15.5684,9.1508,A,A,21
0,0,0,0,0,0,0,0,0,0,0,16.0811,36.6733,4186,7.462308542527221,inf,22.6731,[FOCUS] STEP2: Exploration (Max σ),7.7536,17.4280,8.3275,-1.3469,16.9743,13.7303,B,A,23
0,0,0,0,0,0,0,0,0,0,1,14.8253,30.0000,4188,1.3321410963568903,inf,10.3590,[FOCUS] Error Recovery (Shifted from Loop 4174),5.4149,13.2171,9.4104,1.6082,12.7207,7.7931,A,A,22
0,0,0,0,0,0,0,0,0,0,1,19.6205,39.0232,4189,2.70401855885866,inf,11.6866,[FOCUS] Error Recovery (Shifted from Loop 4175),8.6754,19.0188,10.9452,0.6017,15.6565,8.6527,A,A,21
0,0,0,0,0,0,0,0,0,0,0,22.0260,30.1426,4190,16.38411270830175,inf,24.6936,[FOCUS] STEP2: Boundary 0.5,5.4605,13.3023,16.5655,8.7237,24.4891,23.5029,A,A,23
0,0,0,0,0,0,0,0,0,1,1,18.1624,36.5939,4191,0.8223959991175688,1.6,10.0000,[FOCUS] STEP2: Boundary 0.5,7.7234,17.3753,10.4390,0.7871,14.2454,7.4289,A,A,22
0,0,0,0,0,0,0,0,0,1,1,19.9090,39.7014,4192,1.020291058183971,2.0,10.5062,[FOCUS] STEP2: Boundary 0.5,8.9509,19.4884,10.9581,0.4206,15.2596,7.7310,A,A,23
0,0,0,0,0,0,0,0,0,0,0,23.5694,31.8194,4193,16.197232680356684,inf,22.4584,[FOCUS] STEP2: Boundary 0.5,6.0116,14.3202,17.5578,9.2492,25.1130,23.0739,A,A,22
0,0,0,0,0,1,1,1,1,1,1,24.1772,31.4783,4195,1.9215651255539523,0.3,10.0000,[FOCUS] STEP2: Boundary 0.5,5.8974,14.1108,18.2798,10.0663,21.6123,16.1873,A,A,23
0,0,0,0,0,0,0,0,1,1,1,19.2413,38.4152,4194,0.39429759655421787,inf,10.2874,[FOCUS] STEP2: Boundary 0.5,8.4320,18.6018,10.8093,0.6395,14.8986,7.6628,A,A,21
0,0,0,0,1,1,1,1,1,1,1,19.2653,39.7353,4197,1.9327759867653773,0.3,10.4498,[FOCUS] Error Recovery (Shifted from Loop 4180),8.9648,19.5120,10.3004,-0.2467,14.5821,7.0280,B,A,23
1,0,0,0,0,0,0,1,1,1,1,14.0303,31.1884,4196,0.0,0.0,10.0451,[FOCUS] Error Recovery (Shifted from Loop 4179),5.8012,13.9338,8.2291,0.0965,11.5496,6.2154,A,A,22
-1,0,0,-1,-1,-1,-1,-1,-1,-1,-1,17.6829,30.6556,4198,inf,inf,12.7604,[FOCUS] STEP2: Boundary 0.5,5.6264,13.6107,12.0566,4.0723,16.2117,11.7760,A,A,23
0,0,0,0,0,0,0,0,0,0,0,24.1585,32.5560,4199,7.813312573256159,inf,10.6416,[FOCUS] STEP2: Boundary 0.5,6.2619,14.7764,17.8966,9.3821,21.5491,16.0126,A,A,22
0,0,0,0,0,0,0,0,0,0,0,25.0000,40.0000,4200,8.643460213428833,inf,14.5075,[FOCUS] STEP2: Boundary 0.5,9.0736,19.6966,15.9264,5.3034,21.9062,15.4419,A,A,21
0,0,0,0,0,0,0,0,0,0,0,16.6261,30.9480,4201,10.544462675970145,inf,24.1214,[FOCUS] STEP2: Boundary 0.5,5.7219,13.7876,10.9042,2.8385,18.8241,17.4730,A,A,22
0,0,0,0,0,0,0,0,0,0,0,24.9529,32.5534,4202,9.19424640141491,inf,10.5227,[FOCUS] STEP2: Boundary 0.5,6.2610,14.7748,18.6919,10.1781,22.3034,16.7342,A,A,21
0,0,0,0,0,0,0,0,0,0,1,19.9000,40.0000,4203,2.1469163280343255,inf,10.9317,[FOCUS] STEP2: Boundary 0.5,9.0736,19.6966,10.8264,0.2034,15.3323,7.8429,A,A,22
0,0,0,0,0,0,0,0,0,0,1,18.8412,36.5915,4204,1.698848735651624,inf,10.2178,[FOCUS] STEP2: Boundary 0.5,7.7224,17.3736,11.1188,1.4675,15.0078,8.2537,A,A,21
1,0,0,0,0,0,1,1,1,1,1,15.1303,35.1267,4205,0.0,0.0,10.0000,[FOCUS] STEP2: Boundary 0.5,7.1749,16.4118,7.9554,-1.2815,11.6259,5.2109,B,A,22
0,0,0,0,0,0,0,0,0,0,0,24.5840,31.6321,4206,9.975649138755335,inf,12.2291,[FOCUS] STEP2: Boundary 0.5,5.9487,14.2051,18.6353,10.3789,22.7280,17.8835,A,A,23
0,0,0,0,0,0,0,0,0,0,0,17.9403,34.2833,4207,2.8007354998325305,inf,10.6425,[FOCUS] STEP2: Boundary 0.5,6.8686,15.8678,11.0717,2.0725,14.8949,8.8907,A,A,21
0,0,0,0,0,0,0,0,0,0,1,17.7804,33.8099,4208,1.9952172942829067,1.8,10.0000,[FOCUS] STEP2: Boundary 0.5,6.6996,15.5656,11.0809,2.2148,14.6293,8.5731,A,A,22
1,0,0,0,0,0,1,1,1,1,1,12.8127,34.3428,4209,0.0,0.0,12.0722,[FOCUS] STEP2: Boundary 0.5,6.8900,15.9059,5.9228,-3.0932,10.2661,4.6482,B,A,23
0,0,0,0,0,0,0,0,0,0,0,14.5720,30.0000,4212,7.394827331745639,inf,20.9675,[FOCUS] STEP2: Exploration (Max σ),5.4149,13.2171,9.1572,1.3550,15.8574,13.8736,A,A,23
0,0,0,0,0,0,0,0,0,0,1,15.0517,34.6195,4211,5.927209174092377,3.1,20.2443,[FOCUS] STEP2: Exploration (Max σ),6.9899,16.0838,8.0618,-1.0321,15.3973,12.0068,B,A,22
0,0,0,0,0,0,0,0,0,0,0,22.1874,37.8522,4210,14.002270524736636,inf,24.8813,[FOCUS] STEP2: Exploration (Max σ),8.2096,18.2191,13.9777,3.9683,23.7384,20.8125,A,A,21
0,0,0,0,0,0,0,0,0,0,0,21.3976,32.8711,4213,5.707119251499156,inf,10.9909,[FOCUS] STEP2: Exploration (Max σ),6.3705,14.9732,15.0270,6.4243,18.8315,13.3077,A,A,23
0,0,0,0,0,0,0,0,0,0,0,24.7485,32.1360,4214,15.593671391706325,inf,20.1693,[FOCUS] STEP2: Exploration (Max σ),6.1186,14.5156,18.6299,10.2329,25.4742,22.7136,A,A,22
0,0,0,0,0,0,0,0,0,0,0,19.7002,30.0000,4215,6.733688332280762,inf,12.8265,[FOCUS] STEP2: Exploration (Max σ),5.4149,13.2171,14.2853,6.4831,18.3841,14.1411,A,A,21
0,0,0,0,0,0,0,0,0,0,0,20.5552,34.7340,4216,5.514279028842617,inf,12.1549,[FOCUS] STEP2: Exploration (Max σ),7.0314,16.1576,13.5238,4.3976,17.9409,12.2405,A,A,21
0,0,0,0,0,0,0,0,0,0,0,22.2918,33.8452,4218,5.1150537384144155,inf,11.7144,[FOCUS] STEP2: Exploration (Max σ),6.7121,15.5881,15.5797,6.7037,19.7403,14.1563,A,A,23
0,0,0,0,0,0,0,0,0,0,0,22.4731,33.8513,4217,8.541881186374328,inf,13.1332,[FOCUS] STEP2: Exploration (Max σ),6.7143,15.5920,15.7588,6.8811,20.4241,15.2371,A,A,22
0,0,0,0,0,0,0,0,0,0,0,23.0592,35.5044,4221,5.856845854020735,inf,10.7162,[FOCUS] STEP2: Exploration (Max σ),7.3142,16.6577,15.7450,6.4015,19.7159,13.4001,A,A,22
0,0,0,0,0,0,0,0,0,0,0,21.7278,33.6519,4219,11.67341764982607,inf,19.5214,[FOCUS] STEP2: Exploration (Max σ),6.6436,15.4653,15.0842,6.2625,21.9827,18.6435,A,A,21
0,0,0,0,0,0,0,0,0,0,0,19.5925,32.9661,4220,12.428239441510668,inf,23.5311,[FOCUS] STEP2: Exploration (Max σ),6.4034,15.0327,13.1891,4.5598,21.3551,19.3196,A,A,23
0,0,0,0,0,0,0,0,0,0,1,14.4115,30.3583,4223,1.215958823691167,inf,10.4804,[FOCUS] STEP2: Boundary 0.5,5.5300,13.4317,8.8815,0.9798,12.2653,7.2754,A,A,22
0,0,0,0,0,0,0,0,0,0,1,19.4396,36.7416,4224,1.8434611293507734,inf,10.0000,[FOCUS] STEP2: Boundary 0.5,7.7797,17.4735,11.6599,1.9661,15.4799,8.6229,A,A,21
0,0,0,0,0,0,0,0,0,0,0,24.8699,35.4934,4222,8.816582617614092,inf,11.4455,[FOCUS] STEP2: Boundary 0.5,7.3101,16.6505,17.5598,8.2194,21.7997,15.6930,A,A,23
1,0,0,0,0,0,1,1,1,1,1,14.7528,33.5726,4226,0.0,0.0,10.0000,[FOCUS] STEP2: Boundary 0.5,6.6156,15.4151,8.1372,-0.6623,11.6637,5.6719,B,A,23
0,0,0,0,0,0,0,0,0,0,0,20.2402,40.0000,4225,8.192967619210158,inf,18.2570,[FOCUS] STEP2: Boundary 0.5,9.0736,19.6966,11.1666,0.5436,18.6919,13.3024,A,A,22
0,0,0,0,0,0,0,0,0,1,1,13.2947,31.2174,4227,0.5372955741910272,inf,11.1029,[FOCUS] STEP2: Boundary 0.5,5.8108,13.9515,7.4840,-0.6568,11.1572,6.1099,B,A,23
0,0,0,0,0,1,1,1,1,1,1,23.9008,31.3720,4229,1.9070084059645602,0.3,10.0000,[FOCUS] STEP2: Boundary 0.5,5.8620,14.0458,18.0388,9.8550,21.3614,15.9651,A,A,23
0,0,0,0,0,0,0,0,0,0,0,20.3042,38.8918,4228,3.543101522575286,4.8,11.9180,[FOCUS] STEP2: Boundary 0.5,8.6225,18.9283,11.6818,1.3759,16.4718,9.5703,A,A,22
0,0,0,0,0,0,0,0,0,0,0,22.5545,30.0000,4231,16.43882869713596,inf,24.4598,[FOCUS] STEP2: Boundary 0.5,5.4149,13.2171,17.1397,9.3375,24.9559,23.9412,A,A,22
-1,-1,-1,-1,-1,-1,-1,-1,-1,-1,-1,15.330476878289,34.355749751727735,4230,inf,inf,10.332194030403985,[FOCUS] STEP2: Boundary 0.5 [ERROR: TIMEOUT],,,,,,,,,
0,0,0,0,0,0,0,0,1,1,1,13.0776,30.0000,4232,0.31693568316498816,inf,11.7549,[FOCUS] STEP2: Boundary 0.5,5.4149,13.2171,7.6627,-0.1395,11.4191,6.8788,B,A,23
0,0,0,0,0,0,0,0,0,0,1,19.4721,40.0000,4233,1.8459217073569112,inf,10.9016,[FOCUS] STEP2: Boundary 0.5,9.0736,19.6966,10.3986,-0.2244,14.8921,7.3941,B,A,23
0,0,0,0,0,0,0,0,0,0,1,19.0629,37.3551,4235,2.0850872772554925,inf,10.5114,[FOCUS] STEP2: Boundary 0.5,8.0158,17.8838,11.0471,1.1791,15.1222,8.2420,A,A,23
0,0,0,0,0,0,0,0,0,0,0,18.4402,30.9224,4234,11.5467243102411,inf,22.4226,[FOCUS] STEP2: Boundary 0.5,5.7136,13.7721,12.7266,4.6681,20.0835,18.2660,A,A,21
0,0,0,0,0,0,0,0,0,0,0,20.0137,40.0000,4236,10.55306202873037,inf,17.0456,[FOCUS] STEP2: Boundary 0.5,9.0736,19.6966,10.9401,0.3171,17.9661,12.2294,A,A,22
1,0,0,0,0,0,0,1,1,1,1,16.0689,33.8194,4237,0.0,0.0,10.0863,[FOCUS] STEP2: Boundary 0.5,6.7029,15.5717,9.3659,0.4972,12.9459,6.9114,A,A,23
0,0,0,0,0,0,0,0,0,0,1,19.3988,39.5574,4238,2.0949757992954616,inf,11.3252,[FOCUS] STEP2: Boundary 0.5,8.8921,19.3883,10.5068,0.0106,15.1284,7.8741,A,A,21
0,0,0,0,0,0,0,0,0,1,1,15.8233,33.9335,4240,0.9083502980457157,1.4,10.5361,[FOCUS] Error Recovery (Shifted from Loop 4230),6.7435,15.6443,9.0798,0.1790,12.8306,6.8915,A,A,23
-1,-1,-1,-1,-1,-1,-1,-1,-1,-1,-1,17.89323286166462,37.22801588679943,4239,inf,inf,10.0,[FOCUS] STEP2: Boundary 0.5 [ERROR: TIMEOUT],,,,,,,,,
0,0,0,0,0,0,0,0,0,0,1,20.6370,39.1466,4241,2.4011489300961317,2.8,10.8969,[FOCUS] STEP2: Boundary 0.5,8.7252,19.1039,11.9118,1.5332,16.3173,9.0538,A,A,23
0,0,0,0,0,0,0,0,0,0,0,24.4470,39.9807,4242,10.327838509916166,inf,17.2290,[FOCUS] STEP2: Boundary 0.5,9.0656,19.6830,15.3814,4.7639,22.4798,16.8009,A,A,21
0,0,0,0,0,0,0,0,0,1,1,20.0425,40.0000,4243,0.9501747319912537,inf,10.0000,[FOCUS] STEP2: Boundary 0.5,9.0736,19.6966,10.9689,0.3459,15.0908,7.3344,A,A,22
0,0,0,0,0,0,0,0,0,0,1,18.4831,37.2565,4244,0.9956448551137007,inf,10.0000,[FOCUS] STEP2: Boundary 0.5,7.9776,17.8176,10.5055,0.6656,14.3733,7.3748,A,A,23
0,0,0,0,0,0,0,0,0,0,1,14.6253,31.2184,4245,0.712527098454968,inf,10.0000,[FOCUS] STEP2: Boundary 0.5,5.8111,13.9521,8.8142,0.6732,12.1226,6.7678,A,A,21
0,0,0,0,0,0,0,0,0,0,0,17.9644,30.0000,4246,11.448716281361982,inf,23.9049,[FOCUS] STEP2: Boundary 0.5,5.4149,13.2171,12.5495,4.7473,20.1885,19.0198,A,A,22
0,0,0,0,0,0,0,0,0,1,1,18.4331,37.3250,4247,0.43081088576158055,inf,10.0000,[FOCUS] Error Recovery (Shifted from Loop 4239),8.0041,17.8636,10.4290,0.5695,14.3031,7.2857,A,A,23
0,0,0,0,0,0,0,0,0,0,0,19.5233,32.4894,4249,5.487838108504058,inf,11.5359,[FOCUS] STEP2: Exploration (Max σ),6.2391,14.7349,13.2842,4.7883,17.2366,11.9682,A,A,21
0,0,0,0,0,0,0,0,0,0,1,12.4522,31.2140,4250,5.342051270777551,2.7,21.1556,[FOCUS] STEP2: Exploration (Max σ),5.8096,13.9494,6.6426,-1.4972,13.6409,11.3953,B,A,23
0,0,0,0,0,0,0,0,0,0,0,23.9178,31.9320,4248,13.074004187065944,inf,17.1726,[FOCUS] STEP2: Exploration (Max σ),6.0495,14.3896,17.8682,9.5282,23.6631,20.1188,A,A,22
0,0,0,0,0,0,0,0,0,0,0,23.3394,36.7017,4251,12.5047015982297,inf,18.4777,[FOCUS] STEP2: Exploration (Max σ),7.7644,17.4469,15.5750,5.8925,22.6267,18.1851,A,A,21
0,0,0,0,0,0,0,0,0,0,0,18.6558,34.0245,4252,6.978588864081243,inf,17.9760,[FOCUS] STEP2: Exploration (Max σ),6.7759,15.7024,11.8798,2.9534,18.2943,14.4225,A,A,23
0,0,0,0,0,0,0,0,0,0,0,22.4332,34.8924,4253,11.697210227777994,inf,19.5021,[FOCUS] STEP2: Exploration (Max σ),7.0891,16.2599,15.3441,6.1733,22.4599,18.7883,A,A,22
0,0,0,0,0,0,0,0,0,1,1,17.5833,34.8535,4254,0.5289922817370366,inf,10.2531,[FOCUS] STEP2: Boundary 0.5,7.0749,16.2347,10.5084,1.3486,14.2458,7.9768,A,A,23
0,0,0,0,0,0,0,0,0,0,0,22.6123,30.1664,4256,16.764976051563817,inf,24.3270,[FOCUS] STEP2: Boundary 0.5,5.4682,13.3165,17.1442,9.2958,24.9555,23.8615,A,A,22
0,0,0,0,0,0,0,0,0,1,1,16.0440,35.8591,4255,1.3659927795802582,inf,11.8479,[FOCUS] STEP2: Boundary 0.5,7.4461,16.8899,8.5978,-0.8460,13.0269,6.9345,B,A,21
0,0,0,0,0,0,0,0,0,0,1,20.4394,38.5452,4257,1.5594790638422,2.7,10.3193,[FOCUS] STEP2: Boundary 0.5,8.4837,18.6906,11.9557,1.7488,16.0701,8.8076,A,A,23
0,0,0,0,0,0,0,0,0,0,0,24.6324,30.8915,4259,10.164928616036347,inf,10.5613,[FOCUS] STEP2: Boundary 0.5,5.7034,13.7534,18.9290,10.8790,22.3911,17.2805,A,A,21
0,0,0,0,0,0,0,0,0,0,0,24.9568,32.6547,4258,7.562559883846659,inf,10.0000,[FOCUS] STEP2: Boundary 0.5,6.2958,14.8379,18.6610,10.1189,22.1025,16.3597,A,A,22
0,0,0,0,0,0,0,0,0,0,1,20.7162,39.2379,4261,2.4460466032951853,inf,10.6488,[FOCUS] STEP2: Boundary 0.5,8.7621,19.1669,11.9541,1.5493,16.2682,8.9085,A,A,21
0,0,0,0,0,0,0,0,0,0,1,20.5868,40.0000,4262,2.1322042286975202,inf,11.1055,[FOCUS] STEP2: Boundary 0.5,9.0736,19.6966,11.5132,0.8902,16.0907,8.6512,A,A,23
0,0,0,0,0,0,0,0,0,0,0,18.0016,30.0000,4260,11.99584044561752,inf,23.3500,[FOCUS] STEP2: Boundary 0.5,5.4149,13.2171,12.5867,4.7845,20.0484,18.7257,A,A,22
0,0,0,0,0,0,0,0,0,1,1,15.3561,31.2152,4263,0.3771520454246089,inf,10.0000,[FOCUS] STEP2: Boundary 0.5,5.8100,13.9501,9.5460,1.4059,12.8542,7.5002,A,A,23
1,0,0,0,0,0,0,1,1,1,1,15.4366,34.6163,4264,0.0,0.0,10.0000,[FOCUS] STEP2: Boundary 0.5,6.9887,16.0817,8.4479,-0.6451,12.0710,5.7953,B,A,22
0,0,0,0,0,0,0,0,0,1,1,16.2924,33.7112,4265,0.47185705698082664,inf,10.0000,[FOCUS] STEP2: Boundary 0.5,6.6646,15.5029,9.6278,0.7895,13.1672,7.1378,A,A,23
0,0,0,0,0,0,0,0,0,0,1,17.5198,33.6894,4266,1.6245880562867638,2.3,10.0000,[FOCUS] STEP2: Boundary 0.5,6.6569,15.4891,10.8630,2.0307,14.4003,8.3768,A,A,23
1,0,0,1,1,1,1,1,1,1,1,11.1068,37.4185,4268,0.0,0.0,10.6874,[FOCUS] STEP2: Boundary 0.5,8.0404,17.9264,3.0664,-6.8196,7.2161,0.3684,B,A,21
0,0,0,0,0,0,0,0,1,1,1,16.0124,32.4843,4269,0.8346806554562859,inf,11.9648,[FOCUS] STEP2: Boundary 0.5,6.2373,14.7317,9.7751,1.2806,13.8738,8.7268,A,A,23
0,0,0,0,0,0,0,0,0,1,1,15.8153,33.0512,4270,1.1019616838688224,inf,11.0096,[FOCUS] STEP2: Boundary 0.5,6.4330,15.0862,9.3823,0.7292,13.2117,7.6444,A,A,21
1,0,0,0,0,0,0,0,1,1,1,15.2440,34.0913,4271,0.0,0.0,10.0000,[FOCUS] STEP2: Boundary 0.5,6.7998,15.7450,8.4442,-0.5010,12.0187,5.8860,B,A,21
-1,-1,-1,-1,-1,-1,-1,-1,-1,-1,-1,18.075564433105342,34.8214016273233,4267,inf,inf,10.0,[FOCUS] STEP2: Boundary 0.5 [ERROR: TIMEOUT],,,,,,,,,
0,0,0,0,0,0,0,0,0,0,1,17.8800,36.7910,4272,1.2135167444616515,inf,10.2678,[FOCUS] STEP2: Boundary 0.5,7.7986,17.5064,10.0814,0.3736,14.0084,7.2138,A,A,21
0,0,0,0,0,0,0,0,0,0,1,19.6003,39.3716,4273,2.3989923670825077,inf,11.8759,[FOCUS] STEP2: Boundary 0.5,8.8164,19.2594,10.7839,0.3409,15.6099,8.5644,A,A,23
0,0,0,0,1,1,1,1,1,1,1,25.0000,32.2946,4275,1.9185572794610175,0.4,10.2867,[FOCUS] STEP2: Boundary 0.5,6.1725,14.6139,18.8275,10.3861,22.3333,16.7681,A,A,21
0,0,0,0,0,0,0,0,0,0,0,18.1529,30.9118,4276,5.421451554255442,inf,12.8503,[FOCUS] STEP2: Boundary 0.5,5.7101,13.7657,12.4428,4.3872,16.6577,12.1788,A,A,23
0,0,0,0,0,1,1,1,1,1,1,20.2616,39.2167,4277,1.940051123918846,0.3,10.8263,[FOCUS] STEP2: Boundary 0.5,8.7535,19.1523,11.5080,1.1093,15.8919,8.5889,A,A,21
0,0,0,0,0,1,1,1,1,1,1,17.7497,35.1170,4278,1.947849304836063,0.3,10.0204,[FOCUS] Error Recovery (Shifted from Loop 4267),7.1713,16.4055,10.5784,1.3442,14.2554,7.8489,A,A,23
-1,-1,-1,-1,-1,-1,-1,-1,-1,-1,-1,14.7639504818079,31.075984152426443,4274,inf,inf,10.189302383281625,[FOCUS] STEP2: Boundary 0.5 [ERROR: TIMEOUT],,,,,,,,,
-1,0,0,-1,-1,-1,-1,-1,-1,-1,-1,21.9360,30.2421,4281,inf,inf,10.8230,[FOCUS] STEP2: Exploration (Max σ),5.4925,13.3619,16.4435,8.5740,19.9263,15.0626,A,A,21
0,0,0,0,0,0,0,0,0,0,0,24.5588,35.4448,4279,15.734684588706806,inf,22.8499,[FOCUS] STEP2: Exploration (Max σ),7.2921,16.6188,17.2667,7.9400,25.7209,22.8490,A,A,23
0,0,0,0,0,0,0,0,0,0,0,23.5547,34.0002,4282,16.552742647080372,inf,25.0000,[FOCUS] STEP2: Exploration (Max σ),6.7673,15.6868,16.7874,7.8678,25.7026,23.8121,A,A,21
0,0,0,0,0,0,0,0,0,0,0,17.1911,31.5987,4283,7.5960261154268345,inf,17.8773,[FOCUS] STEP2: Exploration (Max σ),5.9376,14.1846,11.2536,3.0066,17.2311,13.9712,A,A,23
0,0,0,0,0,0,0,0,0,0,0,21.7663,31.3779,4284,6.698459346285685,inf,11.2077,[FOCUS] STEP2: Exploration (Max σ),5.8640,14.0494,15.9023,7.7168,19.6268,14.5656,A,A,21
-1,-1,-1,-1,-1,-1,-1,-1,-1,-1,-1,17.611803200252616,30.14098235556462,4280,inf,inf,18.04605601505006,[FOCUS] STEP2: Exploration (Max σ) [ERROR: TIMEOUT],,,,,,,,,
0,0,0,0,0,0,0,0,1,1,1,13.9910,31.2781,4285,0.08080343806002624,0.7,10.1699,[FOCUS] Error Recovery (Shifted from Loop 4274),5.8309,13.9885,8.1601,0.0025,11.5304,6.2068,A,A,23
0,0,0,0,0,0,0,0,0,1,1,16.5284,34.2182,4287,0.70647126138979,inf,10.3849,[FOCUS] STEP2: Boundary 0.5,6.8452,15.8261,9.6832,0.7023,13.4075,7.3486,A,A,21
0,0,0,0,0,0,0,0,0,0,0,18.1386,30.0000,4288,11.355764606885161,inf,23.7866,[FOCUS] STEP2: Boundary 0.5,5.4149,13.2171,12.7237,4.9215,20.3249,19.1233,A,A,23
0,0,0,0,0,0,0,0,0,0,0,18.9998,30.8069,4286,12.42844912439429,inf,22.3962,[FOCUS] STEP2: Boundary 0.5,5.6757,13.7021,13.3241,5.2977,20.6483,18.8533,A,A,22
1,0,0,0,0,0,0,1,1,1,1,14.9054,32.0618,4289,0.0,0.0,10.4944,[FOCUS] STEP2: Boundary 0.5,6.0934,14.4697,8.8120,0.4357,12.3660,6.9217,A,A,23
0,0,0,0,0,0,0,0,0,0,1,16.0632,32.6650,4290,2.3621585406150323,inf,11.6951,[FOCUS] STEP2: Boundary 0.5,6.2994,14.8444,9.7639,1.2189,13.7898,8.5188,A,A,22
0,0,0,0,0,0,0,0,0,0,1,17.6473,35.2791,4291,1.1180011967232988,inf,10.0000,[FOCUS] STEP2: Boundary 0.5,7.2309,16.5108,10.4164,1.1365,14.1010,7.6444,A,A,21
0,0,0,0,0,0,0,0,0,0,0,18.0299,30.3993,4292,8.59351111229392,inf,17.3918,[FOCUS] Error Recovery (Shifted from Loop 4280),5.5432,13.4563,12.4867,4.5736,18.1087,15.0281,A,A,23
0,0,0,0,0,1,1,1,1,1,1,20.2115,38.9365,4293,1.9597265864876487,0.3,10.0000,[FOCUS] STEP2: Boundary 0.5,8.6405,18.9591,11.5711,1.2524,15.5944,8.1326,A,A,23
0,0,0,0,0,0,0,0,0,0,0,16.9763,33.0466,4294,2.0994747278042345,1.7,10.0993,[FOCUS] STEP2: Boundary 0.5,6.4314,15.0833,10.5449,1.8930,14.0572,8.2360,A,A,21
0,0,0,0,0,0,0,0,0,0,0,15.9928,31.6386,4295,8.24621270626871,inf,21.6665,[FOCUS] STEP2: Boundary 0.5,5.9509,14.2090,10.0419,1.7837,17.2944,15.0811,A,A,22
0,0,0,0,0,0,0,0,0,0,0,18.3719,35.8961,4296,2.690037897742834,inf,10.0000,[FOCUS] STEP2: Boundary 0.5,7.4600,16.9143,10.9119,1.4576,14.6536,8.0283,A,A,23
0,0,0,0,0,0,0,0,0,0,0,15.5394,31.2963,4297,8.513626429975565,inf,21.6900,[FOCUS] STEP2: Boundary 0.5,5.8369,13.9996,9.7025,1.5398,16.8941,14.7760,A,A,21
0,0,0,0,0,0,0,0,0,0,0,18.6845,36.6506,4298,3.410731633259843,2.6,11.8329,[FOCUS] STEP2: Boundary 0.5,7.7449,17.4129,10.9396,1.2716,15.4498,9.1375,A,A,22
0,0,0,0,0,1,1,1,1,1,1,25.0000,32.0029,4301,1.91769347664426,0.3,11.4112,[FOCUS] STEP2: Boundary 0.5,6.0735,14.4333,18.9265,10.5667,22.7848,17.6124,A,A,21
1,0,0,0,0,0,0,1,1,1,1,16.1597,33.8490,4299,0.0,0.0,10.1949,[FOCUS] STEP2: Boundary 0.5,6.7135,15.5905,9.4462,0.5692,13.0676,7.0555,A,A,23
0,0,0,0,0,0,0,0,0,0,0,23.1827,31.2888,4300,7.493709840122988,inf,10.0000,[FOCUS] STEP2: Boundary 0.5,5.8344,13.9950,17.3483,9.1877,20.6632,15.2894,A,A,22
0,0,0,0,0,0,0,0,0,0,0,23.6319,31.2199,4302,1.7883815397920235,0.3,10.0000,[FOCUS] STEP2: Boundary 0.5,5.8116,13.9530,17.8203,9.6789,21.1289,15.7736,A,A,21
0,0,0,0,0,0,0,0,0,1,1,15.3627,30.8918,4304,0.5928852579583566,inf,10.0000,[FOCUS] STEP2: Boundary 0.5,5.7035,13.7535,9.6592,1.6092,12.9374,7.6705,A,A,22
0,0,0,0,0,0,0,0,0,0,0,16.1405,31.1752,4303,7.690071112200453,4.9,21.1411,[FOCUS] STEP2: Boundary 0.5,5.7968,13.9257,10.3437,2.2147,17.3296,15.0899,A,A,23
0,0,0,0,0,0,0,0,0,0,0,14.2248,30.3557,4306,1.949454800629035,0.3,10.4227,[FOCUS] STEP2: Boundary 0.5,5.5291,13.4301,8.6956,0.7947,12.0606,7.0553,A,A,21
0,0,0,0,0,0,0,0,0,0,1,16.3177,32.5078,4307,0.8684783554735589,inf,10.0000,[FOCUS] STEP2: Boundary 0.5,6.2454,14.7464,10.0724,1.5714,13.5002,7.7972,A,A,22
0,0,0,0,0,0,0,0,1,1,1,15.9906,35.8595,4305,0.29611992968559175,inf,11.0112,[FOCUS] STEP2: Boundary 0.5,7.4463,16.8902,8.5443,-0.8996,12.6607,6.3314,B,A,23
0,0,0,0,0,0,0,0,0,0,0,24.5396,31.8974,4308,1.9470011623429293,0.3,11.4916,[FOCUS] STEP2: Boundary 0.5,6.0379,14.3682,18.5017,10.1713,22.3759,17.2544,A,A,21
0,0,0,0,0,0,0,0,1,1,1,19.4252,39.1500,4309,0.3506176184740255,inf,10.1162,[FOCUS] STEP2: Boundary 0.5,8.7266,19.1062,10.6986,0.3189,14.7887,7.3011,A,A,23
0,0,0,0,0,0,0,0,0,0,0,16.3256,32.8219,4310,1.9492733354902774,0.3,10.3328,[FOCUS] STEP2: Boundary 0.5,6.3535,14.9424,9.9721,1.3832,13.5441,7.8492,A,A,21
0,0,0,0,0,0,0,0,0,0,0,13.8541,30.3445,4313,1.9503053295287829,0.3,10.8094,[FOCUS] STEP2: Boundary 0.5,5.5255,13.4234,8.3286,0.4308,11.8173,6.9224,A,A,21
0,0,0,0,0,0,0,0,0,0,0,24.9084,31.9700,4312,9.757609258570422,inf,12.3256,[FOCUS] STEP2: Boundary 0.5,6.0623,14.4130,18.8461,10.4954,23.0097,18.1016,A,A,23
0,0,0,0,0,0,0,0,0,0,0,11.7912,36.9139,4314,1.9461777554811983,0.3,14.5300,[FOCUS] STEP2: Boundary 0.5,7.8456,17.5883,3.9456,-5.7971,9.5193,3.9007,B,A,21
0,0,0,0,0,0,0,0,0,0,0,25.0000,35.5496,4315,7.927008993508727,inf,10.6616,[FOCUS] STEP2: Boundary 0.5,7.3309,16.6872,17.6691,8.3128,21.6241,15.2806,A,A,23
0,0,0,0,1,1,1,1,1,1,1,18.7006,36.3953,4316,1.918122492775637,0.3,10.0000,[FOCUS] STEP2: Boundary 0.5,7.6479,17.2436,11.0527,1.4570,14.8406,8.0786,A,A,23
-1,-1,-1,-1,-1,-1,-1,-1,-1,-1,-1,16.890810705873566,37.10639927984308,4311,inf,inf,10.292721563004454,[FOCUS] STEP2: Boundary 0.5 [ERROR: TIMEOUT],,,,,,,,,
-1,0,0,-1,-1,-1,-1,-1,-1,-1,-1,24.4820,32.5088,4318,inf,inf,10.6798,[FOCUS] STEP2: Boundary 0.5,6.2457,14.7470,18.2363,9.7350,21.8972,16.3841,A,A,23
0,0,0,0,0,0,0,0,0,1,1,16.9811,36.9825,4319,0.37244380485635764,inf,10.0000,[FOCUS] STEP2: Boundary 0.5,7.8720,17.6341,9.1092,-0.6530,12.9515,6.0283,B,A,21
0,0,0,0,0,0,0,0,0,0,1,15.7926,31.9273,4320,1.5050752520978667,inf,10.0000,[FOCUS] STEP2: Boundary 0.5,6.0480,14.3867,9.7446,1.4059,13.1187,7.5726,A,A,23
0,0,0,0,0,0,0,0,0,0,1,17.2722,33.4482,4321,1.7243280042016558,inf,10.2491,[FOCUS] STEP2: Boundary 0.5,6.5718,15.3363,10.7004,1.9359,14.3029,8.4149,A,A,21
0,0,0,0,0,0,0,0,1,1,1,17.2342,36.7688,4322,0.20168829459049095,4.5,10.6318,[FOCUS] STEP2: Boundary 0.5,7.7901,17.4916,9.4441,-0.2574,13.5081,6.8229,B,A,23
0,0,0,0,0,0,0,0,1,1,1,17.2947,37.6885,4323,0.1289983611314037,inf,10.4599,[FOCUS] Error Recovery (Shifted from Loop 4311),8.1455,18.1083,9.1491,-0.8137,13.2366,6.2501,B,A,21
-1,-1,-1,-1,-1,-1,-1,-1,-1,-1,-1,23.814721671924907,31.93162874823084,4317,inf,inf,10.973200004467762,[FOCUS] STEP2: Boundary 0.5 [ERROR: TIMEOUT],,,,,,,,,
0,0,0,0,0,0,0,0,0,0,1,15.8187,32.7187,4325,1.716546116529689,1.4,11.3620,[FOCUS] STEP2: Boundary 0.5,6.3179,14.8779,9.5008,0.9408,13.4177,8.0389,A,A,21
0,0,0,0,0,0,0,0,0,0,1,18.0731,34.1212,4324,1.9490980113837106,inf,10.4201,[FOCUS] STEP2: Boundary 0.5,6.8105,15.7641,11.2626,2.3090,14.9902,8.9675,A,A,23
0,0,0,0,0,0,0,0,1,1,1,14.6717,32.0809,4326,0.1272170728505723,inf,10.7650,[FOCUS] STEP2: Boundary 0.5,6.0999,14.4815,8.5718,0.1902,12.2193,6.8455,A,A,22
0,0,0,0,0,0,0,0,1,1,1,16.8122,36.2210,4328,0.664960512698043,inf,11.4849,[FOCUS] STEP2: Boundary 0.5,7.5821,17.1283,9.2301,-0.3161,13.5620,7.2683,B,A,21
0,0,0,0,0,0,0,0,0,0,0,25.0000,40.0000,4327,5.531605158914271,inf,11.8319,[FOCUS] STEP2: Boundary 0.5,9.0736,19.6966,15.9264,5.3034,20.8034,13.5721,A,A,23
0,0,0,0,0,0,0,0,0,1,1,16.5477,35.1670,4329,1.3643772007840238,inf,11.7981,[FOCUS] STEP2: Boundary 0.5,7.1896,16.4379,9.3580,0.1098,13.6928,7.7744,A,A,22
0,0,0,0,1,1,1,1,1,1,1,24.2260,32.3318,4330,1.9171215181929806,0.3,11.0745,[FOCUS] Error Recovery (Shifted from Loop 4317),6.1852,14.6370,18.0408,9.5891,21.8189,16.4640,A,A,21
-1,0,0,-1,-1,-1,-1,-1,-1,-1,-1,22.4718,34.8112,4333,inf,inf,14.8703,[FOCUS] STEP2: Exploration (Max σ),7.0595,16.2074,15.4123,6.2644,20.8269,15.8710,A,A,21
0,0,0,0,0,0,0,0,0,0,0,22.1272,34.6343,4332,9.52129281382728,inf,15.3575,[FOCUS] STEP2: Exploration (Max σ),6.9952,16.0933,15.1320,6.0339,20.6988,15.9276,A,A,23
0,0,0,0,0,0,0,0,0,0,0,23.1851,34.3180,4331,10.356562749877257,inf,15.1562,[FOCUS] STEP2: Exploration (Max σ),6.8811,15.8900,16.3040,7.2951,21.7535,17.0103,A,A,22
0,0,0,0,0,0,0,0,0,0,0,21.3504,35.0086,4334,8.101062916040009,inf,14.4050,[FOCUS] STEP2: Exploration (Max σ),7.1316,16.3351,14.2188,5.0153,19.4903,14.3502,A,A,21
0,0,0,0,0,0,0,0,0,0,0,20.7349,34.4555,4336,7.438040562869059,inf,14.4779,[FOCUS] STEP2: Exploration (Max σ),6.9306,15.9783,13.8043,4.7566,19.0283,14.0573,A,A,22
0,0,0,0,0,0,0,0,0,0,0,17.8252,38.9377,4335,8.345702739661641,inf,22.2830,[FOCUS] STEP2: Exploration (Max σ),8.6409,18.9599,9.1843,-1.1347,18.1497,14.1967,B,A,23
