c_collision,c_npc_stuck,c_pos_diff_4.0,c_ttc_0.3,c_ttc_0.5,c_ttc_0.7,c_ttc_0.9,c_ttc_1.1,c_ttc_1.2,c_ttc_1.3,c_ttc_1.5,dx0,ego_speed,loop_num,min_ttc,npc_speed,reason,theory_d_total_ai,theory_d_total_human,theory_margin_a_ai,theory_margin_a_human,theory_margin_b_ai,theory_margin_b_human,theory_zone_a,theory_zone_b,worker_id
0,0,0,0,0,0,0,0,0,0,0,16.4654,38.1437,1,2.7000,22.0962,STEP1: Global Search (V:0),8.3244,18.4168,8.1411,-1.9514,16.8688,13.0729,B,A,21
1,0,1,1,1,1,1,1,1,1,1,12.0530,32.3871,4,0.0000,10.4774,STEP1: Global Search (V:0),6.2041,14.6713,5.8489,-2.6183,9.4287,3.8919,B,A,21
0,0,0,0,0,0,0,0,0,0,0,18.6687,35.1016,3,inf,20.8971,STEP1: Global Search (V:0),7.1657,16.3955,11.5031,2.2733,19.1684,15.8351,A,A,22
1,0,1,1,1,1,1,1,1,1,1,10.6509,37.1498,5,0.0000,15.3426,STEP1: Global Search (V:0),7.9364,17.7460,2.7145,-7.0951,8.6335,3.1819,B,A,21
0,0,0,0,0,0,0,0,0,0,0,21.0083,30.3340,6,inf,23.7664,STEP1: Global Search (V:0),5.5221,13.4171,15.4862,7.5912,23.1544,21.8618,A,A,22
-1,-1,-1,-1,-1,-1,-1,-1,-1,-1,-1,23.047203421592712,34.374944269657135,2,17.481020241975784,STEP1: Global Search (V:0) [ERROR: TIMEOUT]
0,0,0,0,0,0,0,0,0,0,0,24.4576,38.9812,7,inf,12.6163,STEP1: Global Search (V:0),8.6584,18.9899,15.7992,5.4678,20.8804,14.1538,A,A,21
0,0,0,0,0,0,0,0,0,0,1,14.1175,33.5325,8,1.8000,19.2273,STEP1: Global Search (V:0),6.6015,15.3897,7.5160,-1.2721,14.2894,10.8989,B,A,22
0,0,0,0,0,0,0,0,1,1,1,14.7872,35.9094,9,0.0000,12.8665,STEP1: Global Search (V:0),7.4650,16.9230,7.3222,-2.1358,12.1381,6.3201,B,A,21
0,0,0,0,0,0,0,0,0,0,0,23.2002,31.5921,10,3.8000,17.5714,STEP1: Global Search (V:0),5.9354,14.1806,17.2648,9.0196,23.1390,19.7954,A,A,22
0,0,0,0,0,0,0,0,0,0,0,20.0832,37.7204,11,2.0000,14.1828,STEP1: Global Search (V:0),8.1580,18.1299,11.9251,1.9532,17.4716,11.5357,A,A,21
0,0,0,0,0,0,0,0,1,1,1,11.6951,34.7708,12,inf,24.4578,STEP1: Global Search (V:0),7.0448,16.1813,4.6503,-4.4862,13.5467,11.3041,B,A,23
0,0,0,0,0,0,0,1,1,1,1,13.1054,39.3831,13,1.3000,19.7093,STEP1: Global Search (V:0),8.8211,19.2674,4.2843,-6.1620,12.2956,7.4880,B,A,22
0,0,0,0,0,0,0,0,0,0,0,17.7354,33.1129,14,1.8000,11.1958,STEP1: Global Search (V:0),6.4545,15.1249,11.2809,2.6104,15.1814,9.6497,A,A,21
0,0,0,0,0,0,0,0,0,0,0,17.1269,31.1455,16,2.6000,15.8521,STEP1: Global Search (V:0),5.7870,13.9077,11.3399,3.2193,16.5738,12.8686,A,A,22
0,0,0,0,0,0,0,0,0,0,0,21.7980,36.3609,15,inf,22.3185,STEP1: Global Search (V:0),7.6349,17.2208,14.1630,4.5772,22.6101,19.3476,A,A,23
0,0,0,0,0,0,0,0,0,0,0,16.8286,36.6950,17,2.0000,18.1048,STEP1: Global Search (V:0),7.7619,17.4424,9.0667,-0.6138,15.9750,11.4295,B,A,21
0,0,0,0,0,0,0,0,0,0,0,21.5103,30.8157,18,inf,13.4896,STEP1: Global Search (V:0),5.6786,13.7075,15.8317,7.8028,20.2443,15.9688,A,A,22
0,0,0,0,0,0,0,0,0,0,0,18.0381,39.7473,19,inf,24.8742,STEP1: Global Search (V:0),8.9697,19.5203,9.0684,-1.4821,19.2630,15.8371,B,A,23
0,0,0,0,0,0,0,0,0,1,1,13.3886,32.7347,20,1.5000,14.4546,STEP1: Global Search (V:0),6.3234,14.8879,7.0652,-1.4993,12.0504,7.5332,B,A,21
1,0,1,1,1,1,1,1,1,1,1,11.0416,37.9722,21,0.0000,11.8194,STEP1: Global Search (V:1),8.2568,18.3004,2.7848,-7.2588,7.4346,0.7572,B,A,22
0,0,0,0,0,0,0,0,0,0,0,19.4476,34.5147,22,inf,20.2432,STEP1: Global Search (V:1),6.9519,16.0163,12.4957,3.4313,19.8111,16.4479,A,A,23
0,0,0,0,0,0,0,0,0,0,0,23.8508,36.2093,23,inf,16.1244,STEP1: Global Search (V:2),7.5776,17.1205,16.2732,6.7302,22.3532,17.3765,A,A,21
-1,-1,-1,-1,-1,-1,-1,-1,-1,-1,-1,15.42561799287796,31.30627453327179,24,22.73539572954178,STEP1: Global Search (V:3) [ERROR: TIMEOUT]
-1,-1,-1,-1,-1,-1,-1,-1,-1,-1,-1,14.419916570186615,39.23243701457977,25,16.842781454324722,STEP1: Global Search (V:3) [ERROR: TIMEOUT]
-1,-1,-1,-1,-1,-1,-1,-1,-1,-1,-1,24.741138219833374,33.27582985162735,26,21.54767781496048,STEP1: Global Search (V:3) [ERROR: TIMEOUT]
0,0,0,0,0,0,0,0,0,0,0,20.7106,37.4503,27,1.6000,10.1905,STEP1: Global Search (V:3),8.0527,17.9478,12.6579,2.7628,16.6176,9.6199,A,A,21
0,0,0,0,0,0,0,0,1,1,1,12.7033,35.4363,29,1.8000,23.2184,STEP1: Global Search (V:3),7.2889,16.6132,5.4144,-3.9099,14.0031,11.2375,B,A,22
0,0,0,0,0,0,0,1,1,1,1,10.3627,30.0488,28,1.1000,20.4655,STEP1: Global Search (V:3),5.4305,13.2462,4.9322,-2.8835,11.4814,9.3456,B,A,21
0,0,0,0,0,0,0,0,0,0,0,19.3075,32.0579,30,inf,14.7049,STEP1: Global Search (V:3),6.0921,14.4673,13.2154,4.8402,18.1947,13.9278,A,A,23
0,0,0,0,0,0,0,0,0,0,1,15.8293,33.9962,32,2.0000,12.3298,STEP1: Global Search (V:3),6.7658,15.6843,9.0635,0.1450,13.4600,8.0081,A,A,21
0,0,0,0,0,0,0,0,0,0,0,22.3943,38.5072,31,inf,18.7962,STEP1: Global Search (V:3),8.4686,18.6646,13.9257,3.7296,21.4133,16.5796,A,A,22
0,0,0,0,0,0,0,0,0,0,1,16.0692,35.3021,33,2.2000,13.9624,STEP1: Global Search (V:3),7.2394,16.5258,8.8298,-0.4566,13.9773,8.6333,B,A,23
0,0,0,0,0,0,0,0,0,0,0,22.6231,32.1970,34,inf,24.1952,STEP1: Global Search (V:3),6.1393,14.5533,16.4838,8.0698,24.7079,23.0567,A,A,21
0,0,0,0,0,0,0,0,0,0,1,19.0347,38.3338,35,1.1000,13.0521,STEP1: Global Search (V:3),8.3996,18.5463,10.6351,0.4885,15.8136,9.3885,A,A,22
0,0,0,0,0,0,0,0,1,1,1,12.5073,34.1744,36,1.4000,17.8394,STEP1: Global Search (V:3),6.8295,15.7981,5.6778,-3.2908,12.0683,8.1183,B,A,23
0,0,0,0,0,0,0,0,0,0,0,20.4377,33.7226,38,inf,16.0417,STEP1: Global Search (V:3),6.6686,15.5102,13.7691,4.9276,19.4485,15.1132,A,A,22
0,0,0,0,0,0,1,1,1,1,1,10.1668,38.7807,37,2.9000,22.5832,STEP1: Global Search (V:3),8.5779,18.8520,1.5889,-8.6852,10.6423,6.8166,B,A,21
0,0,0,0,0,0,0,0,0,0,0,24.9701,36.9597,39,inf,19.4501,STEP1: Global Search (V:3),7.8632,17.6189,17.1069,7.3512,24.5762,20.3419,A,A,23
0,0,0,0,0,0,0,0,0,0,1,14.6597,30.5345,40,0.0000,10.9714,STEP1: Global Search (V:3),5.5870,13.5377,9.0727,1.1221,12.6330,7.7323,A,A,22
0,0,0,0,0,0,0,0,0,0,1,15.1820,37.5205,41,inf,21.0754,STEP1: Global Search (V:3),8.0800,17.9951,7.1020,-2.8131,15.3049,11.3835,B,A,21
0,0,0,0,0,0,0,0,0,0,0,23.6257,34.9615,42,3.5000,10.7528,STEP1: Global Search (V:3),7.1144,16.3046,16.5113,7.3210,20.4416,14.2841,A,A,23
0,0,0,0,0,0,0,0,0,0,0,19.7168,35.7187,43,3.0000,21.8684,STEP1: Global Search (V:3),7.3938,16.7979,12.3230,2.9189,20.4696,17.2485,A,A,22
0,0,0,0,0,0,0,0,1,1,1,11.2412,31.7920,44,1.4000,17.2258,STEP1: Global Search (V:3),6.0024,14.3033,5.2388,-3.0622,11.0293,7.5367,B,A,21
1,0,0,1,1,1,1,1,1,1,1,13.5881,36.5608,45,0.0000,12.3644,STEP1: Global Search (V:3),7.7108,17.3533,5.8773,-3.7652,10.5798,4.4427,B,A,23
0,0,0,0,0,0,0,0,0,0,0,18.3074,30.9548,46,inf,18.9956,STEP1: Global Search (V:3),5.7242,13.7917,12.5832,4.5156,18.8213,16.0416,A,A,22
0,0,0,0,0,0,0,0,0,0,0,21.2851,39.5739,47,inf,15.6146,STEP1: Global Search (V:3),8.8988,19.3997,12.3863,1.8854,18.7608,12.7299,A,A,21
0,1,0,0,0,1,1,1,1,1,1,17.3410,39.8690,49,0.0000,10.4533,STEP1: Global Search (V:3),9.0197,19.6051,8.3214,-2.2641,12.6174,5.0273,B,A,22
0,0,0,0,0,0,0,0,0,0,0,16.5851,32.9130,48,3.3000,23.9487,STEP1: Global Search (V:3),6.3850,14.9995,10.2001,1.5857,18.4992,16.5944,A,A,23
0,0,0,0,0,0,0,0,0,0,0,22.0525,32.6221,50,inf,20.6862,STEP1: Global Search (V:3),6.2846,14.8176,15.7679,7.2349,22.8807,20.1378,A,A,21
0,0,0,0,0,0,0,0,0,0,0,17.5541,36.8076,51,4.9000,16.5745,STEP1: Global Search (V:3),7.8049,17.5174,9.7492,0.0367,16.0908,11.0811,A,A,22
0,0,0,0,0,0,0,0,0,0,1,12.8180,30.6940,52,2.9000,21.3618,STEP1: Global Search (V:3),5.6389,13.6338,7.1791,-0.8159,14.1427,12.0891,B,A,23
0,0,0,0,0,0,0,1,1,1,1,11.4075,36.0875,53,4.4000,18.6068,STEP1: Global Search (V:3),7.5318,17.0402,3.8757,-5.6327,10.8709,6.6296,B,A,23
0,0,0,0,0,0,0,0,0,0,0,19.9020,31.4189,54,2.7000,12.0654,STEP1: Global Search (V:3),5.8776,14.0745,14.0244,5.8275,18.0385,13.2055,A,A,21
0,0,0,0,0,0,0,0,0,0,0,23.4546,37.8596,55,inf,23.4425,STEP1: Global Search (V:3),8.2125,18.2240,15.2421,5.2306,24.4400,21.1025,A,A,21
0,0,0,0,0,0,0,0,0,0,1,15.0015,34.6364,56,3.5000,14.9638,STEP1: Global Search (V:3),6.9960,16.0947,8.0055,-1.0932,13.4299,8.5472,B,A,22
0,0,0,0,0,0,0,0,0,0,0,24.1994,30.1608,58,4.3000,14.2761,STEP1: Global Search (V:3),5.4664,13.3132,18.7330,10.8862,23.3163,19.4331,A,A,22
0,0,0,0,0,0,0,0,0,0,1,13.9070,37.3279,57,inf,24.5986,STEP1: Global Search (V:3),8.0052,17.8655,5.9017,-3.9585,15.4321,12.5630,B,A,21
1,0,1,1,1,1,1,1,1,1,1,10.9347,33.3982,60,0.0000,13.7176,STEP1: Global Search (V:3),6.5543,15.3047,4.3804,-4.3701,9.1957,4.2945,B,A,22
0,0,0,0,0,0,1,1,1,1,1,12.3369,38.6295,61,0.2000,16.3559,STEP1: Global Search (V:3),8.5174,18.7484,3.8195,-6.4115,10.3535,4.7905,B,A,21
-1,-1,-1,-1,-1,-1,-1,-1,-1,-1,-1,21.193345487117767,39.120439887046814,59,18.36025595664978,STEP1: Global Search (V:3) [ERROR: TIMEOUT]
0,0,0,0,0,0,0,0,0,0,0,22.7891,35.5483,63,2.9000,11.6374,STEP1: Global Search (V:3),7.3304,16.6863,15.4587,6.1028,19.7756,13.7081,A,A,21
0,0,0,0,0,0,0,0,0,0,0,18.8537,33.8842,62,3.2000,22.9870,STEP1: Global Search (V:3),6.7259,15.6129,12.1277,3.2407,20.3004,17.8741,A,A,22
1,0,0,1,1,1,1,1,1,1,1,16.1041,36.9235,65,0.0000,11.4035,STEP1: Global Search (V:4),7.8493,17.5947,8.2548,-1.4906,12.6302,6.1215,B,A,22
0,0,0,0,0,0,0,0,0,0,0,16.2548,31.9356,64,2.9000,19.9714,STEP1: Global Search (V:4),6.0507,14.3918,10.2040,1.8630,16.9441,14.1805,A,A,21
0,0,0,0,0,0,0,0,0,0,0,22.7055,30.5750,66,inf,19.7357,STEP1: Global Search (V:4),5.6001,13.5621,17.1053,9.1434,23.5171,21.0421,A,A,22
0,0,0,0,0,0,0,0,0,0,1,18.7618,38.9011,67,1.9000,15.6536,STEP1: Global Search (V:4),8.6262,18.9347,10.1356,-0.1730,16.4284,10.5914,B,A,21
0,1,0,0,0,1,1,1,1,1,1,10.7839,38.3715,69,0.0000,17.6564,STEP1: Global Search (V:4),8.4146,18.5720,2.3693,-7.7880,9.3807,4.2584,B,A,22
0,0,0,0,0,0,0,0,1,1,1,12.1943,33.6078,68,inf,22.2829,STEP1: Global Search (V:4),6.6280,15.4373,5.5663,-3.2430,13.4316,10.8794,B,A,23
0,0,0,0,0,0,0,0,0,0,0,21.1097,34.1325,70,inf,13.0156,STEP1: Global Search (V:4),6.8145,15.7713,14.2951,5.3383,18.9526,13.6568,A,A,21
0,0,0,0,0,0,0,0,0,0,0,24.1075,35.1826,71,inf,24.3636,STEP1: Global Search (V:4),7.1954,16.4481,16.9121,7.6595,25.8673,23.4911,A,A,22
0,0,0,0,0,0,0,0,0,1,1,13.7645,32.3110,72,1.6000,14.0429,STEP1: Global Search (V:4),6.1781,14.6240,7.5864,-0.8596,12.3745,7.8551,B,A,23
0,0,0,0,0,0,0,0,0,0,1,15.1437,39.6094,73,inf,23.6777,STEP1: Global Search (V:4),8.9133,19.4243,6.2305,-4.2806,15.9044,12.1723,B,A,21
0,0,0,0,0,0,0,0,0,0,0,23.5468,32.8720,74,inf,15.1972,STEP1: Global Search (V:4),6.3708,14.9738,17.1759,8.5730,22.4366,18.0908,A,A,22
0,0,0,0,0,0,0,0,0,0,0,19.9859,36.4410,75,inf,19.3105,STEP1: Global Search (V:4),7.6653,17.2738,12.3206,2.7121,19.6435,15.5075,A,A,23
1,0,0,1,1,1,1,1,1,1,1,11.5580,31.0703,76,0.0000,12.7672,STEP1: Global Search (V:4),5.7622,13.8619,5.7958,-2.3039,10.0022,5.4579,B,A,21
0,0,0,0,0,0,0,0,1,1,1,12.9602,35.6816,77,2.1000,17.2770,STEP1: Global Search (V:4),7.3799,16.7735,5.5803,-3.8133,12.0105,7.5011,B,A,22
0,0,0,0,0,0,0,0,0,0,0,17.6462,31.8346,78,inf,22.0661,STEP1: Global Search (V:5),6.0167,14.3296,11.6295,3.3166,19.0558,16.9033,A,A,23
0,0,0,0,0,0,0,0,0,0,0,22.1365,37.6393,79,3.2000,10.6870,STEP1: Global Search (V:5),8.1263,18.0752,14.0101,4.0613,18.1814,11.2730,A,A,23
0,0,0,0,0,0,0,0,0,0,0,17.4916,34.8469,80,inf,20.9216,STEP1: Global Search (V:5),7.0725,16.2305,10.4190,1.2610,18.0440,14.7846,A,A,21
0,0,0,0,0,0,0,0,0,0,1,16.7347,37.8961,81,inf,14.9126,STEP1: Global Search (V:5),8.2269,18.2488,8.5078,-1.5141,14.3639,8.5881,B,A,23
0,0,0,0,0,0,0,0,0,0,0,21.3699,34.5957,82,4.3000,23.2448,STEP1: Global Search (V:6),6.9812,16.0684,14.3886,5.3015,22.8061,20.2672,A,A,22
0,0,0,0,0,0,0,0,0,0,0,18.3986,35.9669,83,2.0000,12.1313,STEP1: Global Search (V:6),7.4865,16.9608,10.9121,1.4378,15.4592,9.4176,A,A,21
0,0,0,0,0,0,0,0,0,0,1,13.7313,31.5341,84,inf,18.7606,STEP1: Global Search (V:6),5.9160,14.1450,7.8153,-0.4137,14.0769,11.0803,B,A,23
0,0,0,0,0,0,0,0,1,1,1,11.3908,36.7702,85,3.8000,21.6327,STEP1: Global Search (V:6),7.7906,17.4925,3.6001,-6.1018,11.8696,8.3049,B,A,22
0,0,0,0,0,0,0,0,0,0,0,19.8016,30.7356,86,inf,16.9919,STEP1: Global Search (V:6),5.6524,13.6590,14.1491,6.1426,19.6948,16.4149,A,A,21
0,1,0,0,0,1,1,1,1,1,1,23.7169,39.9882,87,0.0000,20.3713,STEP1: Global Search (V:6),9.0687,19.6883,14.6481,4.0285,23.0427,18.2625,A,A,23
0,0,0,0,0,0,0,0,0,0,0,15.3252,32.5084,88,0.0000,10.0506,STEP1: Global Search (V:6),6.2456,14.7468,9.0796,0.5784,12.5248,6.8358,A,A,22
0,0,1,0,1,1,1,1,1,1,1,24.8791,31.9769,90,0.0000,11.6739,STEP1: Global Search (V:6),6.0647,14.4172,18.8145,10.4619,22.7587,17.6667,A,A,23
0,0,0,0,0,0,0,0,0,0,0,20.3532,38.7497,91,0.0000,22.8186,STEP1: Global Search (V:6),8.5654,18.8307,11.7877,1.5225,20.9289,17.1787,A,A,22
0,0,0,0,0,0,0,0,0,0,1,14.5163,35.5124,89,inf,20.1545,STEP1: Global Search (V:6),7.3171,16.6629,7.1992,-2.1466,14.6688,11.0176,B,A,21
0,0,0,0,0,0,0,0,0,0,0,12.3639,39.1572,93,0.0000,13.2856,STEP1: Global Search (V:6),8.7295,19.1112,3.6344,-6.7473,9.0068,2.4233,B,A,22
1,0,0,1,1,1,1,1,1,1,1,10.0170,33.7683,92,0.0000,16.2753,STEP1: Global Search (V:6),6.6848,15.5392,3.3322,-5.5222,9.1012,4.8193,B,A,21
0,0,0,0,0,0,0,0,0,0,0,22.5385,37.2094,95,inf,14.6642,STEP1: Global Search (V:7),7.9594,17.7860,14.5791,4.7525,20.2444,14.5840,A,A,21
0,0,0,0,0,0,0,0,0,0,1,15.7381,39.0228,97,inf,19.0296,STEP1: Global Search (V:7),8.6752,19.0185,7.0629,-3.2804,14.7344,9.8291,B,A,21
-1,-1,-1,-1,-1,-1,-1,-1,-1,-1,-1,18.943783938884735,33.355885446071625,94,18.074673116207123,STEP1: Global Search (V:7) [ERROR: TIMEOUT]
-1,-1,-1,-1,-1,-1,-1,-1,-1,-1,-1,15.919409543275833,30.27505937963724,96,24.89886999130249,STEP1: Global Search (V:7) [ERROR: TIMEOUT]
0,0,0,0,0,0,0,0,0,0,0,22.2511,33.4952,98,4.6000,12.5651,STEP1: Global Search (V:7),6.5883,15.3660,15.6627,6.8851,20.0848,14.8341,A,A,21
0,0,0,0,0,0,0,0,0,0,0,19.1579,37.0361,99,3.8000,23.9202,STEP1: Global Search (V:7),7.8926,17.6699,11.2654,1.4880,20.4682,17.4828,A,A,21
1,0,1,1,1,1,1,1,1,1,1,14.3939,39.9542,101,0.0000,10.3110,STEP2: Exploration (Max σ),9.0547,19.6646,5.3392,-5.2707,9.5848,1.9303,B,A,21
0,0,0,0,0,0,0,0,0,0,1,12.6185,30.4532,100,1.5000,15.4085,STEP1: Global Search (V:7),5.5606,13.4887,7.0579,-0.8702,12.0464,8.4005,B,A,22
0,0,1,0,0,1,1,1,1,1,1,24.7718,31.2840,102,0.0000,10.0786,STEP2: Exploration (Max σ),5.8328,13.9921,18.9390,10.7797,22.2795,16.9289,A,A,23
0,0,0,0,0,1,1,1,1,1,1,12.1307,39.9907,104,0.0000,10.0423,STEP2: Exploration (Max σ),9.0697,19.6900,3.0610,-7.5594,7.1994,-0.5423,B,B,23
1,0,1,1,1,1,1,1,1,1,1,14.1232,39.6932,103,0.0000,10.1881,STEP2: Exploration (Max σ),8.9475,19.4826,5.1756,-5.3595,9.3461,1.7286,B,A,22
0,0,0,0,0,0,0,0,0,0,0,14.6800,39.8083,105,0.0000,10.6452,STEP2: Exploration (Max σ),8.9947,19.5627,5.6853,-4.8827,10.0542,2.5358,B,A,23
1,0,0,1,1,1,1,1,1,1,1,11.3676,34.9628,106,0.0000,15.7738,STEP2: Boundary 0.5,7.1148,16.3055,4.2528,-4.9379,10.0185,5.2768,B,A,22
0,0,0,0,0,0,0,1,1,1,1,11.8416,31.7181,107,0.0000,14.4434,STEP2: Boundary 0.5,5.9776,14.2579,5.8640,-2.4163,10.7093,6.4597,B,A,21
0,0,0,0,0,0,0,0,0,0,0,11.6588,32.5147,108,0.0000,14.6349,STEP2: Boundary 0.5,6.2477,14.7506,5.4111,-3.0918,10.4286,6.0206,B,A,23
0,0,0,0,1,1,1,1,1,1,1,18.0045,38.2366,109,0.0000,10.3704,STEP2: Boundary 0.5,8.3611,18.4800,9.6433,-0.4756,13.7485,6.5856,B,A,22
0,1,0,0,0,0,0,0,0,0,0,10.0791,30.6805,111,0.0000,15.9464,STEP2: Boundary 0.5,5.6345,13.6257,4.4446,-3.5466,9.6409,6.0847,B,A,23
0,0,0,0,0,0,0,0,1,1,1,17.6801,38.4339,110,0.0000,10.8283,STEP2: Boundary 0.5,8.4394,18.6145,9.2407,-0.9344,13.5469,6.4603,B,A,21
0,1,0,0,0,0,0,0,0,0,0,11.9847,32.3587,112,0.0000,14.3179,STEP2: Boundary 0.5,6.1944,14.6537,5.7903,-2.6689,10.6785,6.2233,B,A,23
1,0,1,1,1,1,1,1,1,1,1,12.4387,39.1083,113,0.0000,10.9055,STEP2: Boundary 0.5,8.7097,19.0774,3.7290,-6.6387,8.1340,0.8836,B,A,21
0,1,0,0,0,0,0,0,0,0,0,12.0565,35.3165,114,0.0000,15.5719,STEP2: Boundary 0.5,7.2447,16.5351,4.8119,-4.4786,10.5548,5.6614,B,A,23
0,1,0,0,0,0,0,0,0,0,0,12.6901,30.0889,116,0.0000,12.6525,STEP2: Boundary 0.5,5.4433,13.2702,7.2468,-0.5801,11.3004,6.9856,B,A,23
1,0,1,1,1,1,1,1,1,1,1,13.6211,38.5402,115,0.0000,12.2750,STEP2: Boundary 0.5,8.4817,18.6872,5.1394,-5.0661,10.0330,3.3298,B,A,21
1,0,0,1,1,1,1,1,1,1,1,10.5007,36.2258,117,0.0000,17.6056,STEP2: Boundary 0.5,7.5839,17.1315,2.9168,-6.6308,9.5581,4.9964,B,A,22
0,1,0,0,0,0,0,0,0,0,0,12.5791,30.3486,118,0.0000,13.0615,STEP2: Boundary 0.5,5.5268,13.4258,7.0523,-0.8467,11.2684,6.9981,B,A,23
1,0,1,1,1,1,1,1,1,1,1,15.2776,39.3245,120,0.0000,10.3210,STEP2: Boundary 0.5,8.7973,19.2268,6.4804,-3.9492,10.6700,3.1926,B,A,22
0,0,0,0,0,0,0,0,0,1,1,15.2337,36.2199,119,0.0000,12.3875,STEP2: Boundary 0.5,7.5817,17.1276,7.6520,-1.8939,12.3242,6.2863,B,A,21
0,0,0,0,0,0,0,0,1,1,1,12.9312,30.9886,121,0.0000,12.1521,STEP2: Boundary 0.5,5.7353,13.8123,7.1959,-0.8811,11.1904,6.4966,B,A,22
0,0,0,0,0,0,0,1,1,1,1,11.4930,35.6077,122,0.0000,16.5309,STEP2: Boundary 0.5,7.3525,16.7252,4.1405,-5.2322,10.2817,5.5812,B,A,21
0,0,0,0,0,0,0,0,1,1,1,17.9608,37.6942,124,0.4000,11.5322,STEP2: Boundary 0.5,8.1478,18.1122,9.8130,-0.1514,14.3201,7.6371,B,A,23
0,0,0,0,0,0,0,0,0,1,1,16.2326,37.0483,123,0.0000,12.4493,STEP2: Boundary 0.5,7.8973,17.6781,8.3354,-1.4454,13.1264,6.8806,B,A,22
0,0,0,0,0,0,0,0,1,1,1,16.8402,38.5394,125,0.0000,12.6998,STEP2: Boundary 0.5,8.4814,18.6867,8.3588,-1.8465,13.4216,6.8399,B,A,21
1,0,0,1,1,1,1,1,1,1,1,13.7385,34.3695,126,0.0000,12.6093,STEP2: Exploration (Max σ),6.8996,15.9230,6.8389,-2.1845,11.3786,5.9047,B,A,23
0,0,0,0,0,0,0,0,0,0,0,23.1933,38.3568,127,inf,16.1344,STEP2: Exploration (Max σ),8.4088,18.5619,14.7846,4.6314,21.1894,15.6370,A,A,22
0,0,0,0,0,0,0,0,0,0,0,24.3625,30.0298,128,inf,22.4180,STEP2: Exploration (Max σ),5.4244,13.2349,18.9381,11.1276,26.1081,24.5191,A,A,21
1,0,1,1,1,1,1,1,1,1,1,10.4438,32.8083,129,0.0000,11.1770,STEP2: Exploration (Max σ),6.3488,14.9339,4.0950,-4.4901,7.9575,2.5027,B,A,23
1,0,0,1,1,1,1,1,1,1,1,14.8931,38.2943,131,0.0000,12.6731,STEP2: Exploration (Max σ),8.3840,18.5194,6.5091,-3.6263,11.5325,5.0102,B,A,21
0,0,0,0,0,0,0,0,0,0,0,21.1839,36.0863,130,inf,18.7571,STEP2: Exploration (Max σ),7.5313,17.0394,13.6526,4.1445,20.7040,16.5055,A,A,22
0,0,0,0,0,0,0,0,0,0,0,24.0935,34.4434,132,inf,16.9332,STEP2: Exploration (Max σ),6.9262,15.9705,17.1673,8.1230,23.2754,18.9989,A,A,23
0,0,0,0,0,0,0,0,0,0,0,22.6929,39.9896,134,2.6000,11.0715,STEP2: Exploration (Max σ),9.0693,19.6893,13.6236,3.0036,18.1860,10.7397,A,A,22
0,0,0,0,0,0,0,0,0,0,0,22.1264,39.3896,133,inf,24.3638,STEP2: Exploration (Max σ),8.8237,19.2719,13.3027,2.8545,23.2073,19.7296,A,A,21
0,0,0,0,0,0,0,0,0,0,0,15.2934,35.5311,135,2.3000,23.6365,STEP2: Exploration (Max σ),7.3240,16.6751,7.9694,-1.3817,16.7336,14.0613,B,A,23
1,0,0,1,1,1,1,1,1,1,1,12.8266,35.1512,136,0.0000,13.0350,STEP2: Boundary 0.5,7.1839,16.4277,5.6428,-3.6010,10.4302,4.8651,B,A,22
1,0,0,1,1,1,1,1,1,1,1,13.0519,33.2956,137,0.0000,12.4975,STEP2: Boundary 0.5,6.5183,15.2400,6.5336,-2.1881,10.9088,5.6928,B,A,23
0,0,0,0,0,0,0,0,1,1,1,14.9480,37.8984,139,0.9000,13.4585,STEP2: Boundary 0.5,8.2278,18.2504,6.7203,-3.3023,12.0057,5.8152,B,A,22
1,0,1,1,1,1,1,1,1,1,1,10.3944,38.1712,140,0.0000,14.7931,STEP2: Boundary 0.5,8.3352,18.4355,2.0591,-8.0411,7.9060,2.0216,B,A,23
0,0,0,0,0,0,0,0,0,0,0,24.5730,35.3161,141,inf,13.0472,STEP2: Exploration (Max σ),7.2445,16.5349,17.3284,8.0381,22.1402,16.5340,A,A,22
-1,-1,-1,-1,-1,-1,-1,-1,-1,-1,-1,14.165194152813307,35.701796700328245,138,11.427405834855932,STEP2: Boundary 0.5 [ERROR: TIMEOUT]
0,0,0,0,0,0,0,0,1,1,1,10.5955,31.4869,142,1.3000,23.2523,STEP2: Exploration (Max σ),5.9003,14.1161,4.6952,-3.5206,12.4459,10.7142,B,A,23
0,0,0,0,0,0,0,0,0,0,0,23.0770,34.8930,143,inf,20.0402,STEP2: Exploration (Max σ),7.0893,16.2603,15.9877,6.8167,23.2999,19.7799,A,A,23
0,0,0,0,0,0,0,0,0,0,0,22.0450,39.7210,146,inf,20.9421,STEP2: Exploration (Max σ),8.9589,19.5020,13.0861,2.5430,21.6640,17.1188,A,A,23
-1,-1,-1,-1,-1,-1,-1,-1,-1,-1,-1,14.774002182004025,36.540432827702176,144,15.264491490175953,STEP2: Exploration (Max σ) [ERROR: TIMEOUT]
-1,-1,-1,-1,-1,-1,-1,-1,-1,-1,-1,10.967064736641362,35.32292168123517,145,12.497053120242189,STEP2: Exploration (Max σ) [ERROR: TIMEOUT]
0,0,0,0,0,0,0,0,1,1,1,14.5238,37.2826,148,0.7000,14.4552,STEP2: Exploration (Max σ),7.9877,17.8351,6.5361,-3.3113,12.1305,6.3909,B,A,21
0,0,0,0,0,0,0,0,0,0,0,16.1452,36.1872,149,2.4000,22.8985,STEP2: Exploration (Max σ),7.5693,17.1060,8.5759,-0.9608,17.2056,14.1530,B,A,22
0,0,0,0,0,0,0,0,0,0,0,15.6396,31.1137,150,2.6000,24.3405,STEP2: Exploration (Max σ),5.7765,13.8883,9.8631,1.7513,17.8923,16.5597,A,A,21
-1,-1,-1,-1,-1,-1,-1,-1,-1,-1,-1,24.200144480254128,36.607616540348914,147,10.406646936474079,STEP2: Exploration (Max σ) [ERROR: TIMEOUT]
1,0,1,1,1,1,1,1,1,1,1,13.6219,38.2808,151,0.0000,12.1024,STEP2: Boundary 0.5,8.3786,18.5101,5.2433,-4.8882,10.0390,3.3577,B,A,22
0,0,0,0,0,0,0,0,1,1,1,13.9559,34.4622,152,0.0000,12.9459,STEP2: Boundary 0.5,6.9330,15.9826,7.0229,-2.0267,11.6949,6.2908,B,A,21
0,0,0,0,0,0,0,0,1,1,1,11.8395,30.8886,154,0.0000,12.5416,STEP2: Boundary 0.5,5.7025,13.7516,6.1370,-1.9121,10.2480,5.6893,B,A,21
1,0,0,1,1,1,1,1,1,1,1,10.3485,33.8147,153,0.0000,16.5671,STEP2: Boundary 0.5,6.7013,15.5687,3.6472,-5.2202,9.5267,5.3145,B,A,22
1,0,1,1,1,1,1,1,1,1,1,12.1788,39.2621,155,0.0000,11.2057,STEP2: Boundary 0.5,8.7720,19.1837,3.4068,-7.0049,7.9491,0.7420,B,A,23
0,0,0,0,0,0,0,0,0,1,1,15.9351,37.1487,156,0.0000,11.6496,STEP2: Boundary 0.5,7.9360,17.7453,7.9991,-1.8103,12.4932,5.9929,B,A,21
0,0,0,0,0,0,0,1,1,1,1,15.9832,36.7871,157,0.0000,11.7511,STEP2: Boundary 0.5,7.7971,17.5038,8.1861,-1.5206,12.6801,6.3073,B,A,22
1,0,1,1,1,1,1,1,1,1,1,15.5257,39.0983,159,0.0000,10.5279,STEP2: Boundary 0.5,8.7057,19.0705,6.8200,-3.5449,11.0715,3.7158,B,A,21
1,0,1,1,1,1,1,1,1,1,1,13.4617,38.6811,158,0.0000,12.5954,STEP2: Boundary 0.5,8.5380,18.7837,4.9237,-5.3220,9.9614,3.3111,B,A,23
1,0,1,1,1,1,1,1,1,1,1,10.1428,36.1551,160,0.0000,17.8881,STEP2: Boundary 0.5,7.5572,17.0848,2.5855,-6.9420,9.3217,4.8589,B,A,22
0,0,0,0,0,0,0,1,1,1,1,11.4001,31.2834,161,0.0000,12.5161,STEP2: Boundary 0.5,5.8326,13.9917,5.5675,-2.5916,9.7159,5.0446,B,A,21
0,0,0,0,0,0,0,1,1,1,1,11.9059,31.2471,162,0.0000,12.7219,STEP2: Boundary 0.5,5.8206,13.9696,6.0854,-2.0636,10.2977,5.6935,B,A,23
0,0,0,0,0,0,0,0,0,1,1,14.7809,38.1633,163,2.6000,12.2749,STEP2: Boundary 0.5,8.3321,18.4302,6.4488,-3.6492,11.2995,4.6996,B,A,22
0,1,0,0,0,1,1,1,1,1,1,14.1407,39.4913,166,0.0000,10.3134,STEP2: Boundary 0.5,8.8651,19.3424,5.2756,-5.2017,9.4780,1.9524,B,A,22
1,0,1,1,1,1,1,1,1,1,1,13.5389,38.6882,165,0.0000,12.6203,STEP2: Boundary 0.5,8.5408,18.7886,4.9980,-5.2497,10.0466,3.4014,B,A,23
1,0,1,1,1,1,1,1,1,1,1,10.7648,38.0434,164,0.0000,14.8162,STEP2: Boundary 0.5,8.2848,18.3487,2.4799,-7.5839,8.3184,2.4752,B,A,21
1,0,1,1,1,1,1,1,1,1,1,13.7769,39.9376,167,0.0000,10.3908,STEP2: Boundary 0.5,9.0479,19.6530,4.7290,-5.8761,9.0059,1.3788,B,A,22
1,0,0,1,1,1,1,1,1,1,1,13.6552,34.4307,168,0.0000,13.0684,STEP2: Boundary 0.5,6.9217,15.9624,6.7335,-2.3072,11.4459,6.0847,B,A,23
1,0,1,1,1,1,1,1,1,1,1,12.1913,32.1150,169,0.0000,10.6599,STEP2: Boundary 0.5,6.1114,14.5026,6.0799,-2.3113,9.6951,4.2827,B,A,22
1,0,1,1,1,1,1,1,1,1,1,10.6643,34.6544,171,0.0000,12.0859,STEP2: Exploration (Max σ),7.0025,16.1063,3.6617,-5.4420,8.0449,2.3465,B,A,21
0,0,0,0,0,0,0,1,1,1,1,10.8834,36.2074,170,0.0000,17.6854,STEP2: Boundary 0.5,7.5769,17.1193,3.3064,-6.2360,9.9748,5.4407,B,A,23
0,0,0,0,0,0,0,0,1,1,1,12.5119,37.4677,172,4.7000,18.7731,STEP2: Exploration (Max σ),8.0595,17.9595,4.4524,-5.4476,11.7500,7.1879,B,A,21
0,0,0,0,0,0,0,0,0,0,0,18.9702,30.4169,173,3.1000,14.5495,STEP2: Exploration (Max σ),5.5489,13.4669,13.4213,5.5033,18.1269,14.2519,A,A,23
0,0,0,0,0,0,0,0,0,0,0,17.7000,30.2709,174,2.4000,14.1805,STEP2: Exploration (Max σ),5.5018,13.3792,12.1982,4.3208,16.7652,12.8263,A,A,21
0,0,0,0,0,0,0,0,1,1,1,10.6465,30.5130,175,1.3000,18.2459,STEP2: Exploration (Max σ),5.5800,13.5247,5.0665,-2.8782,10.9838,8.1108,B,A,23
0,0,0,0,0,0,0,1,1,1,1,12.8906,33.3506,176,0.0000,12.8287,STEP2: Boundary 0.5,6.5376,15.2747,6.3530,-2.3841,10.8507,5.7129,B,A,22
0,0,0,0,0,0,0,1,1,1,1,12.7776,33.2547,177,0.0000,12.2712,STEP2: Boundary 0.5,6.5040,15.2142,6.2736,-2.4366,10.5649,5.2965,B,A,21
1,0,1,1,1,1,1,1,1,1,1,14.6410,38.4354,179,0.0000,12.3750,STEP2: Boundary 0.5,8.4400,18.6156,6.2010,-3.9746,11.1225,4.4765,B,A,22
1,0,1,1,1,1,1,1,1,1,1,11.0963,33.2210,178,0.0000,13.8878,STEP2: Boundary 0.5,6.4922,15.1930,4.6041,-4.0967,9.4564,4.6504,B,A,23
1,0,0,1,1,1,1,1,1,1,1,13.4661,36.3846,180,0.0000,12.6995,STEP2: Boundary 0.5,7.6439,17.2365,5.8223,-3.7703,10.6315,4.6373,B,A,21
0,0,0,0,0,0,0,0,0,0,0,19.7512,32.2764,181,3.4000,17.7928,STEP2: Exploration (Max σ),6.1663,14.6025,13.5849,5.1487,19.6459,16.1841,A,A,22
0,0,0,0,0,0,0,0,0,0,0,16.9945,30.2107,183,2.0000,12.0015,STEP2: Exploration (Max σ),5.4824,13.3431,11.5121,3.6514,15.3707,10.8427,A,A,22
0,0,0,0,0,0,0,0,0,0,0,13.6552,32.4613,182,1.9000,24.0925,STEP2: Exploration (Max σ),6.2295,14.7174,7.4258,-1.0622,15.6740,13.9259,B,A,21
1,0,1,1,1,1,1,1,1,1,1,11.2114,37.7687,186,0.0000,11.5680,STEP2: Boundary 0.5,8.1769,18.1626,3.0345,-6.9511,7.5636,0.8704,B,A,21
0,0,0,0,0,0,0,0,0,0,1,12.9089,32.1440,185,inf,23.3362,STEP2: Exploration (Max σ),6.1213,14.5205,6.7876,-1.6116,14.7083,12.8306,B,A,22
0,0,0,0,0,0,0,1,1,1,1,15.0770,38.2346,187,0.0000,13.0928,STEP2: Boundary 0.5,8.3603,18.4787,6.7167,-3.4017,11.8992,5.5129,B,A,21
1,0,0,1,1,1,1,1,1,1,1,13.0112,33.2471,188,0.0000,12.0649,STEP2: Boundary 0.5,6.5013,15.2094,6.5099,-2.1982,10.7282,5.4040,B,A,22
-1,-1,-1,-1,-1,-1,-1,-1,-1,-1,-1,17.44406840987027,38.125996625274354,184,24.478832862737537,STEP2: Exploration (Max σ) [ERROR: TIMEOUT]
1,0,1,1,1,1,1,1,1,1,1,12.2614,39.5240,189,0.0000,11.1536,STEP2: Boundary 0.5,8.8784,19.3650,3.3830,-7.1036,7.9312,0.6370,B,A,21
1,0,0,1,1,1,1,1,1,1,1,10.7388,36.2094,190,0.0000,18.0142,STEP2: Boundary 0.5,7.5777,17.1207,3.1611,-6.3818,9.9538,5.5122,B,A,22
1,0,1,1,1,1,1,1,1,1,1,10.4596,32.9505,191,0.0000,10.8089,STEP2: Boundary 0.5,6.3980,15.0230,4.0616,-4.5634,7.8110,2.2147,B,A,21
1,0,0,1,1,1,1,1,1,1,1,12.7509,33.4007,192,0.0000,12.2313,STEP2: Boundary 0.5,6.5551,15.3063,6.1958,-2.5554,10.4897,5.1707,B,A,22
1,0,1,1,1,1,1,1,1,1,1,12.1729,31.9934,194,0.0000,10.2532,STEP2: Boundary 0.5,6.0703,14.4275,6.1027,-2.2545,9.5685,4.0752,B,A,23
0,0,0,0,0,0,0,1,1,1,1,13.7985,36.7832,193,0.0000,12.2499,STEP2: Boundary 0.5,7.7956,17.5012,6.0030,-3.7026,10.6872,4.4570,B,A,22
1,0,1,1,1,1,1,1,1,1,1,13.4119,38.1318,196,0.0000,11.9335,STEP2: Boundary 0.5,8.3197,18.4088,5.0922,-4.9968,9.8045,3.1159,B,A,23
1,0,0,1,1,1,1,1,1,1,1,14.6901,38.4840,197,0.0000,12.9082,STEP2: Boundary 0.5,8.4593,18.6488,6.2308,-3.9587,11.3701,4.8629,B,A,22
1,0,0,1,1,1,1,1,1,1,1,10.5079,33.8162,198,0.0000,16.1584,STEP2: Boundary 0.5,6.7018,15.5697,3.8061,-5.0618,9.5407,5.2133,B,A,23
-1,-1,-1,-1,-1,-1,-1,-1,-1,-1,-1,13.55435940263974,36.36018036322373,195,12.693673237666701,STEP2: Boundary 0.5 [ERROR: TIMEOUT]
1,0,1,1,1,1,1,1,1,1,1,10.5581,38.1638,199,0.0000,14.3782,STEP2: Boundary 0.5,8.3323,18.4305,2.2258,-7.8724,7.9077,1.9070,B,A,23
1,0,1,1,1,1,1,1,1,1,1,12.0635,39.2382,201,0.0000,11.5273,STEP2: Boundary 0.5,8.7623,19.1671,3.3013,-7.1036,7.9713,0.8628,B,A,23
1,0,1,1,1,1,1,1,1,1,1,11.3043,37.7673,202,0.0000,11.8642,STEP2: Boundary 0.5,8.1764,18.1616,3.1279,-6.8573,7.7728,1.1643,B,A,21
1,0,0,1,1,1,1,1,1,1,1,13.1208,35.1192,204,0.0000,13.3273,STEP2: Boundary 0.5,7.1721,16.4069,5.9487,-3.2861,10.8395,5.3655,B,A,21
1,0,0,1,1,1,1,1,1,1,1,13.3519,33.5253,203,0.0000,12.2710,STEP2: Boundary 0.5,6.5990,15.3851,6.7530,-2.0332,11.0749,5.7336,B,A,23
-1,-1,-1,-1,-1,-1,-1,-1,-1,-1,-1,15.852762429156169,39.17967303842612,200,10.5197946921532,STEP2: Boundary 0.5 [ERROR: TIMEOUT]
0,0,0,0,0,0,0,1,1,1,1,11.2343,34.7109,205,0.0000,15.7360,STEP2: Boundary 0.5,7.0230,16.1426,4.2113,-4.9083,9.9265,5.2415,B,A,21
0,0,0,0,0,0,0,0,0,0,0,21.4367,35.2584,206,inf,15.9769,STEP2: Exploration (Max σ),7.2233,16.4973,14.2134,4.9393,20.0971,15.3336,A,A,23
0,0,0,0,0,0,0,1,1,1,1,10.2539,36.8467,207,1.0000,23.9662,STEP2: Exploration (Max σ),7.8199,17.5435,2.4340,-7.2896,11.6125,8.6898,B,A,21
0,0,0,0,0,0,0,0,0,0,0,15.7706,30.6954,208,2.5000,21.8712,STEP2: Exploration (Max σ),5.6393,13.6347,10.1313,2.1359,17.2613,15.3490,A,A,23
1,0,1,1,1,1,1,1,1,1,1,14.2432,39.5124,211,0.0000,10.1500,STEP2: Boundary 0.5,8.8737,19.3570,5.3695,-5.1138,9.5074,1.9291,B,A,23
1,0,1,1,1,1,1,1,1,1,1,14.4563,35.6696,210,0.0000,10.2877,STEP2: Exploration (Max σ),7.3755,16.7657,7.0808,-2.3094,10.9086,4.4266,B,A,21
1,0,1,1,1,1,1,1,1,1,1,11.7110,32.3604,212,0.0000,10.7301,STEP2: Boundary 0.5,6.1949,14.6547,5.5161,-2.9437,9.1796,3.7206,B,A,21
1,0,0,1,1,1,1,1,1,1,1,13.3307,34.6838,213,0.0000,12.8438,STEP2: Boundary 0.5,7.0132,16.1252,6.3175,-2.7945,10.9790,5.4863,B,A,21
-1,-1,-1,-1,-1,-1,-1,-1,-1,-1,-1,24.865584543372016,30.67843773468619,209,18.72496357176984,STEP2: Exploration (Max σ) [ERROR: TIMEOUT]
1,0,1,1,1,1,1,1,1,1,1,11.9482,39.6635,214,0.0000,11.1952,STEP2: Boundary 0.5,8.9354,19.4620,3.0128,-7.5138,7.5924,0.2716,B,A,23
1,0,0,1,1,1,1,1,1,1,1,11.4340,33.2753,215,0.0000,13.7681,STEP2: Boundary 0.5,6.5112,15.2272,4.9228,-3.7932,9.7402,4.8861,B,A,21
0,0,0,0,0,0,0,1,1,1,1,10.4795,33.1061,216,1.6000,19.3089,STEP2: Exploration (Max σ),6.4521,15.1206,4.0274,-4.6412,10.7532,7.4977,B,A,23
0,0,0,0,0,0,0,0,0,0,0,15.2923,33.4874,217,2.5000,21.6562,STEP2: Exploration (Max σ),6.5856,15.3611,8.7067,-0.0688,16.3266,13.6298,B,A,21
0,0,0,0,0,0,0,0,0,0,0,17.1425,34.8513,218,2.5000,16.7243,STEP2: Exploration (Max σ),7.0741,16.2333,10.0684,0.9092,16.1643,11.7204,A,A,23
0,0,0,0,0,0,0,0,0,0,0,24.9679,37.0185,219,2.1000,11.8382,STEP2: Exploration (Max σ),7.8858,17.6582,17.0821,7.3097,21.6346,15.2234,A,A,22
1,0,1,1,1,1,1,1,1,1,1,12.5038,32.1995,221,0.0000,10.8245,STEP2: Boundary 0.5,6.1401,14.5549,6.3637,-2.0511,10.0432,4.6540,B,A,22
0,0,0,0,0,0,0,0,0,0,0,21.2981,32.1377,220,4.9000,16.0829,STEP2: Exploration (Max σ),6.1191,14.5166,15.1790,6.7815,20.6369,16.7338,A,A,23
1,0,1,1,1,1,1,1,1,1,1,13.4732,39.7907,223,0.0000,10.2363,STEP2: Boundary 0.5,8.9875,19.5505,4.4857,-6.0773,8.6851,1.0544,B,A,22
0,0,0,0,0,0,0,1,1,1,1,11.5304,30.8119,222,0.0000,13.1702,STEP2: Boundary 0.5,5.6774,13.7052,5.8530,-2.1748,10.1607,5.7973,B,A,21
1,0,0,1,1,1,1,1,1,1,1,13.3069,34.7568,224,0.0000,13.4462,STEP2: Boundary 0.5,7.0397,16.1723,6.2671,-2.8654,11.1564,5.8137,B,A,23
1,0,1,1,1,1,1,1,1,1,1,10.3159,33.0265,225,0.0000,11.4275,STEP2: Boundary 0.5,6.4244,15.0707,3.8915,-4.7548,7.8635,2.4201,B,A,22
0,0,0,0,0,0,0,0,0,0,0,24.1955,31.9193,226,4.4000,20.8825,STEP2: Exploration (Max σ),6.0453,14.3818,18.1503,9.8138,25.1946,22.6897,A,A,21
0,0,0,0,0,0,0,0,0,0,0,22.3108,30.8546,227,3.6000,10.0529,STEP2: Exploration (Max σ),5.6913,13.7310,16.6194,8.5797,19.9115,14.6693,A,A,23
0,0,0,0,0,0,0,0,0,0,0,24.5894,39.1485,228,4.8000,17.9336,STEP2: Exploration (Max σ),8.7260,19.1052,15.8634,5.4842,23.1140,17.8616,A,A,22
0,0,0,0,0,0,0,0,0,0,0,23.9572,36.8294,229,inf,12.3653,STEP2: Exploration (Max σ),7.8133,17.5320,16.1440,6.4252,20.8776,14.6676,A,A,21
0,0,0,0,0,0,0,1,1,1,1,10.6339,33.0511,230,1.1000,18.7089,STEP2: Exploration (Max σ),6.4330,15.0861,4.2009,-4.4522,10.7082,7.2991,B,A,23
0,0,0,0,0,0,0,0,0,0,0,19.5117,38.2834,231,2.9000,19.7061,STEP2: Exploration (Max σ),8.3797,18.5119,11.1320,0.9998,18.9413,14.4270,A,A,22
0,0,0,0,0,0,0,0,0,0,0,24.6958,39.4176,233,inf,24.7117,STEP2: Exploration (Max σ),8.8351,19.2912,15.8608,5.4046,25.9132,22.5278,A,A,23
0,0,0,0,0,0,0,0,0,1,1,14.5741,37.8031,232,1.8000,17.2101,STEP2: Exploration (Max σ),8.1904,18.1858,6.3837,-3.6118,13.1272,8.0305,B,A,21
1,0,0,1,1,1,1,1,1,1,1,13.2713,33.7685,236,0.0000,12.2382,STEP2: Boundary 0.5,6.6849,15.5393,6.5864,-2.2680,10.9244,5.5083,B,A,21
0,0,0,0,0,0,0,0,0,0,0,24.8346,39.4525,234,inf,21.8247,STEP2: Exploration (Max σ),8.8493,19.3154,15.9853,5.5192,24.8705,20.6496,A,A,22
0,0,0,0,0,0,0,0,0,0,0,21.2884,37.6980,235,inf,20.9253,STEP2: Exploration (Max σ),8.1493,18.1148,13.1392,3.1736,21.3181,17.3068,A,A,23
1,0,1,1,1,1,1,1,1,1,1,11.5231,32.4672,237,0.0000,10.3205,STEP2: Boundary 0.5,6.2314,14.7211,5.2917,-3.1980,8.8255,3.2231,B,A,21
1,0,1,1,1,1,1,1,1,1,1,13.6291,38.6425,239,0.0000,11.8903,STEP2: Boundary 0.5,8.5226,18.7573,5.1065,-5.1282,9.8580,3.0170,B,A,23
1,0,1,1,1,1,1,1,1,1,1,11.4840,33.1350,238,0.0000,13.3822,STEP2: Boundary 0.5,6.4622,15.1389,5.0218,-3.6548,9.6868,4.7621,B,A,22
1,0,1,1,1,1,1,1,1,1,1,12.2026,39.3420,240,0.0000,11.9268,STEP2: Boundary 0.5,8.8044,19.2389,3.3983,-7.0363,8.2417,1.2189,B,A,21
1,0,1,1,1,1,1,1,1,1,1,10.7688,32.8960,241,0.0000,11.4292,STEP2: Boundary 0.5,6.3791,14.9888,4.3897,-4.2200,8.3485,2.9408,B,A,21
1,0,1,1,1,1,1,1,1,1,1,11.6541,32.6260,242,0.0000,10.9311,STEP2: Boundary 0.5,6.2859,14.8200,5.3681,-3.1660,9.1271,3.6527,B,A,21
1,0,0,1,1,1,1,1,1,1,1,10.4861,37.2623,243,0.0000,14.9298,STEP2: Boundary 0.5,7.9799,17.8215,2.5063,-7.3354,8.2815,2.6822,B,A,23
1,0,1,1,1,1,1,1,1,1,1,11.3067,33.0522,244,0.0000,13.4340,STEP2: Boundary 0.5,6.4334,15.0868,4.8733,-3.7801,9.5460,4.6580,B,A,22
1,0,1,1,1,1,1,1,1,1,1,11.7827,32.6078,245,0.0000,11.0189,STEP2: Boundary 0.5,6.2797,14.8087,5.5030,-3.0260,9.2903,3.8454,B,A,21
0,0,0,0,0,0,0,0,0,0,0,18.4576,34.5746,246,2.1000,14.0593,STEP2: Exploration (Max σ),6.9736,16.0549,11.4839,2.4027,16.5724,11.4515,A,A,23
0,0,0,0,0,0,0,0,0,0,0,20.4776,37.6160,247,inf,16.9782,STEP2: Exploration (Max σ),8.1173,18.0595,12.3603,2.4181,18.9835,13.8712,A,A,22
0,1,0,0,0,1,1,1,1,1,1,19.5286,39.0985,248,0.0000,19.3747,STEP2: Exploration (Max σ),8.7058,19.0707,10.8229,0.4579,18.6471,13.8201,A,A,23
0,0,0,0,0,0,0,0,0,0,0,21.9293,36.6712,249,inf,24.8738,STEP2: Exploration (Max σ),7.7528,17.4266,14.1765,4.5027,23.6621,21.0428,A,A,21
1,0,1,1,1,1,1,1,1,1,1,10.4659,39.8692,250,0.0000,15.3186,STEP2: Exploration (Max σ),9.0197,19.6052,1.4462,-9.1393,7.7417,1.5456,B,A,22
0,0,0,0,0,0,0,0,0,0,0,16.3628,32.9750,251,2.0000,16.9655,STEP2: Exploration (Max σ),6.4065,15.0383,9.9563,1.3245,15.8452,11.9676,A,A,23
1,0,1,1,1,1,1,1,1,1,1,10.1576,36.2460,253,0.0000,12.9416,STEP2: Exploration (Max σ),7.5915,17.1448,2.5661,-6.9872,7.4505,1.5625,B,A,22
1,0,1,1,1,1,1,1,1,1,1,10.2671,37.9389,252,0.0000,17.7070,STEP2: Exploration (Max σ),8.2437,18.2778,2.0234,-8.0107,8.9840,3.9923,B,A,21
1,0,0,1,1,1,1,1,1,1,1,10.6082,39.1969,254,0.0000,18.5936,STEP2: Exploration (Max σ),8.7455,19.1386,1.8627,-8.5304,9.3883,4.3116,B,A,23
1,0,1,1,1,1,1,1,1,1,1,13.1790,39.5601,256,0.0000,10.2738,STEP2: Boundary 0.5,8.8931,19.3901,4.2859,-6.2111,8.4788,0.9228,B,A,21
0,0,0,0,0,0,0,0,0,0,0,20.1749,32.1983,255,inf,24.8545,STEP2: Exploration (Max σ),6.1397,14.5541,14.0352,5.6207,22.4836,21.0163,A,A,22
0,0,0,0,0,0,0,1,1,1,1,10.7371,33.8305,257,0.0000,16.7175,STEP2: Boundary 0.5,6.7069,15.5788,4.0302,-4.8417,9.9655,5.7913,B,A,23
1,0,1,1,1,1,1,1,1,1,1,11.1410,32.5561,258,0.0000,10.7591,STEP2: Boundary 0.5,6.2619,14.7764,4.8790,-3.6355,8.5719,3.0682,B,A,21
1,0,1,1,1,1,1,1,1,1,1,12.2373,38.8304,259,0.0000,10.8467,STEP2: Boundary 0.5,8.5978,18.8861,3.6395,-6.6488,7.9929,0.8022,B,A,22
1,0,1,1,1,1,1,1,1,1,1,12.0931,31.7445,260,0.0000,10.0828,STEP2: Boundary 0.5,5.9864,14.2741,6.1067,-2.1810,9.4917,4.0180,B,A,23
0,1,0,0,0,1,1,1,1,1,1,10.4187,39.0467,262,0.0000,18.8632,STEP2: Exploration (Max σ),8.6849,19.0350,1.7338,-8.6163,9.3424,4.3831,B,A,22
0,0,0,0,0,0,0,0,1,1,1,12.4420,39.1210,261,inf,24.9006,STEP2: Exploration (Max σ),8.7148,19.0862,3.7272,-6.6442,13.7881,10.5347,B,A,21
0,0,0,0,0,0,0,0,0,0,0,19.4981,34.5294,264,2.0000,10.2100,STEP2: Exploration (Max σ),6.9573,16.0258,12.5409,3.4724,16.2319,10.0390,A,A,22
0,0,0,0,0,0,0,0,0,0,0,24.8583,36.2551,263,inf,22.4007,STEP2: Exploration (Max σ),7.5949,17.1508,17.2634,7.7075,25.7196,22.5082,A,A,23
0,0,0,0,0,0,0,0,0,0,0,18.9301,32.1585,265,inf,24.7994,STEP2: Exploration (Max σ),6.1262,14.5295,12.8039,4.4006,21.2245,19.7520,A,A,21
0,0,0,0,0,0,0,0,0,0,0,24.8115,33.5946,266,inf,21.9387,STEP2: Exploration (Max σ),6.6234,15.4290,18.1881,9.3825,25.9292,23.2838,A,A,22
0,0,0,0,0,0,0,0,0,0,0,20.2545,30.7021,267,inf,21.0080,STEP2: Exploration (Max σ),5.6415,13.6388,14.6130,6.6158,21.4629,19.3088,A,A,23
0,0,0,0,0,0,0,0,0,0,0,16.2296,33.0778,268,2.5000,17.5816,STEP2: Exploration (Max σ),6.4423,15.1029,9.7874,1.1268,15.9069,12.1747,A,A,21
0,0,0,0,0,0,0,0,0,0,0,23.4887,30.4940,270,inf,24.9628,STEP2: Exploration (Max σ),5.5738,13.5132,17.9149,9.9755,26.0061,25.0051,A,A,23
0,0,0,0,0,0,0,1,1,1,1,10.4477,34.9313,269,1.0000,21.1338,STEP2: Exploration (Max σ),7.1033,16.2851,3.3444,-5.8373,11.0632,7.8415,B,A,22
0,0,0,0,0,0,0,0,0,1,1,16.5061,36.6532,271,0.0000,11.1239,STEP2: Boundary 0.5,7.7460,17.4147,8.7601,-0.9086,13.0004,6.4863,B,A,21
1,0,1,1,1,1,1,1,1,1,1,11.4438,32.2185,272,0.0000,10.9077,STEP2: Boundary 0.5,6.1466,14.5667,5.2972,-3.1228,9.0070,3.6359,B,A,21
1,0,1,1,1,1,1,1,1,1,1,15.5484,39.2287,273,0.0000,10.9709,STEP2: Boundary 0.5,8.7584,19.1606,6.7900,-3.6122,11.2336,3.9686,B,A,21
1,0,1,1,1,1,1,1,1,1,1,14.6878,38.4888,274,0.0000,13.1588,STEP2: Boundary 0.5,8.4612,18.6521,6.2266,-3.9642,11.4662,5.0293,B,A,23
1,0,0,1,1,1,1,1,1,1,1,10.0767,35.9126,275,0.0000,17.5921,STEP2: Boundary 0.5,7.4662,16.9251,2.6105,-6.8484,9.1956,4.7138,B,A,22
1,0,1,1,1,1,1,1,1,1,1,12.7788,39.7646,277,0.0000,10.2528,STEP2: Boundary 0.5,8.9768,19.5323,3.8020,-6.7535,8.0057,0.3870,B,A,21
1,0,1,1,1,1,1,1,1,1,1,10.3446,39.5478,276,0.0000,15.2591,STEP2: Boundary 0.5,8.8881,19.3816,1.4564,-9.0370,7.6821,1.5565,B,A,23
1,0,1,1,1,1,1,1,1,1,1,10.3991,39.3010,278,0.0000,18.1508,STEP2: Boundary 0.5,8.7877,19.2105,1.6114,-8.8114,8.9754,3.7440,B,A,22
0,0,0,0,1,1,1,1,1,1,1,24.9299,39.8243,281,0.0000,15.2216,STEP2: Exploration (Max σ),9.0013,19.5740,15.9286,5.3560,22.1780,15.9663,A,A,22
1,0,1,1,1,1,1,1,1,1,1,13.3548,36.5993,279,0.0000,12.0059,STEP2: Boundary 0.5,7.7254,17.3788,5.6294,-4.0241,10.1998,3.9506,B,A,21
1,0,0,1,1,1,1,1,1,1,1,12.6235,35.2217,280,0.0000,12.6893,STEP2: Boundary 0.5,7.2098,16.4734,5.4137,-3.8500,10.0824,4.4007,B,A,23
0,0,0,0,0,0,0,0,0,0,0,18.2132,30.0850,282,0.0000,23.5614,STEP2: Exploration (Max σ),5.4421,13.2679,12.7712,4.9454,20.3189,19.0332,A,A,22
0,1,0,0,0,1,1,1,1,1,1,18.7094,39.9112,284,0.0000,18.5395,STEP2: Exploration (Max σ),9.0370,19.6345,9.6724,-0.9252,17.2988,12.0144,B,A,23
0,0,0,0,0,0,0,0,0,0,0,18.2413,30.3859,283,3.3000,24.3678,STEP2: Exploration (Max σ),5.5389,13.4482,12.7024,4.7931,20.5764,19.4376,A,A,21
0,0,0,0,0,0,0,0,0,0,0,18.7950,35.2801,285,inf,24.8662,STEP2: Exploration (Max σ),7.2313,16.5115,11.5637,2.2835,20.7261,18.4665,A,A,22
0,0,0,0,0,0,0,0,0,0,0,10.6087,36.9710,288,inf,15.6718,STEP2: Boundary 0.5,7.8675,17.6264,2.7412,-7.0177,8.7611,3.4512,B,A,22
1,0,1,1,1,1,1,1,1,1,1,15.8884,38.9619,287,0.0000,10.3622,STEP2: Boundary 0.5,8.6507,18.9766,7.2377,-3.0882,11.4092,4.0439,B,A,21
0,0,0,0,0,0,1,1,1,1,1,10.2044,36.1708,286,0.0000,18.4976,STEP2: Boundary 0.5,7.5631,17.0952,2.6413,-6.8907,9.6096,5.3152,B,A,23
0,0,0,0,0,0,0,0,0,0,0,13.0963,34.5890,290,inf,12.3719,STEP2: Boundary 0.5,6.9788,16.0641,6.1174,-2.9679,10.5968,4.9967,B,A,22
1,0,1,1,1,1,1,1,1,1,1,11.7884,39.9308,289,0.0000,11.3144,STEP2: Boundary 0.5,9.0451,19.6482,2.7433,-7.8598,7.3997,0.0393,B,A,21
0,0,0,0,0,0,0,0,0,0,0,10.8588,39.9348,292,inf,15.6488,STEP2: Boundary 0.5,9.0467,19.6510,1.8122,-8.7921,8.2529,2.1336,B,A,22
1,0,1,1,1,1,1,1,1,1,1,10.3711,36.2794,291,0.0000,12.4663,STEP2: Boundary 0.5,7.6041,17.1669,2.7670,-6.7958,7.4758,1.4441,B,A,23
0,0,0,0,0,0,0,0,1,1,1,13.6364,33.1338,293,0.0000,12.0285,STEP2: Boundary 0.5,6.4618,15.1381,7.1746,-1.5017,11.3676,6.0637,B,A,21
0,0,0,0,0,0,0,0,0,0,0,11.2841,34.9346,294,inf,15.3654,STEP2: Boundary 0.5,7.1045,16.2872,4.1796,-5.0031,9.7921,4.9427,B,A,22
0,0,0,0,0,0,0,0,0,0,0,15.9854,39.2263,297,inf,11.1143,STEP2: Boundary 0.5,8.7574,19.1589,7.2280,-3.1735,11.7295,4.5061,B,A,22
0,0,0,0,0,0,1,1,1,1,1,10.5086,35.9918,295,0.0000,18.5272,STEP2: Boundary 0.5,7.4959,16.9772,3.0127,-6.4687,9.9615,5.7231,B,A,23
0,0,0,0,0,0,0,1,1,1,1,13.2264,33.2848,296,0.0000,11.4923,STEP2: Boundary 0.5,6.5145,15.2332,6.7119,-2.0068,10.7340,5.2390,B,A,21
1,0,1,1,1,1,1,1,1,1,1,12.6140,32.0902,298,0.0000,10.0265,STEP2: Boundary 0.5,6.1030,14.4872,6.5110,-1.8733,9.9091,4.3264,B,A,23
1,0,1,1,1,1,1,1,1,1,1,13.8816,39.8626,299,0.0000,10.8288,STEP2: Boundary 0.5,9.0170,19.6006,4.8646,-5.7190,9.3143,1.8336,B,A,21
1,0,0,1,1,1,1,1,1,1,1,10.6461,35.8298,300,0.0000,17.6963,STEP2: Boundary 0.5,7.4352,16.8708,3.2109,-6.2246,9.8215,5.3912,B,A,23
0,0,0,0,0,0,0,0,1,1,1,15.0479,39.8641,301,1.2000,15.8799,STEP2: Exploration (Max σ),9.0176,19.6016,6.0303,-4.5537,12.5558,6.5220,B,A,21
0,1,0,0,0,1,1,1,1,1,1,18.6193,39.8837,303,0.0000,21.0021,STEP2: Exploration (Max σ),9.0257,19.6154,9.5936,-0.9960,18.2278,13.6563,B,A,23
0,0,0,0,0,0,0,0,1,1,1,14.7282,39.8659,302,1.1000,16.6281,STEP2: Exploration (Max σ),9.0184,19.6029,5.7098,-4.8748,12.5430,6.7230,B,A,22
0,0,0,0,0,0,0,0,1,1,1,14.7222,39.7628,304,1.2000,16.2598,STEP2: Exploration (Max σ),8.9761,19.5311,5.7461,-4.8089,12.4125,6.5149,B,A,21
0,0,0,0,0,0,0,0,0,0,0,18.0773,39.8834,305,inf,20.6000,STEP2: Exploration (Max σ),9.0256,19.6151,9.0518,-1.5378,17.5205,12.8340,B,A,22
1,0,0,1,1,1,1,1,1,1,1,15.0299,38.7127,306,0.0000,12.2122,STEP2: Boundary 0.5,8.5506,18.8053,6.4793,-3.7754,11.3673,4.5990,B,A,22
1,0,1,1,1,1,1,1,1,1,1,12.0769,32.6735,308,0.0000,11.3816,STEP2: Boundary 0.5,6.3023,14.8497,5.7746,-2.7728,9.6935,4.3323,B,A,23
1,0,1,1,1,1,1,1,1,1,1,12.8220,38.8067,310,0.0000,11.1385,STEP2: Boundary 0.5,8.5883,18.8698,4.2337,-6.0479,8.7017,1.6009,B,A,23
1,0,1,1,1,1,1,1,1,1,1,10.0383,37.1946,309,0.0000,14.9777,STEP2: Boundary 0.5,7.9537,17.7761,2.0846,-7.7378,7.8690,2.3016,B,A,22
1,0,1,1,1,1,1,1,1,1,1,14.3261,39.1692,312,0.0000,10.2775,STEP2: Boundary 0.5,8.7343,19.1195,5.5917,-4.7934,9.7489,2.3020,B,A,22
-1,-1,-1,-1,-1,-1,-1,-1,-1,-1,-1,11.751284645011355,31.00049368600267,307,13.033900720657783,STEP2: Boundary 0.5 [ERROR: TIMEOUT]
1,0,0,1,1,1,1,1,1,1,1,13.0220,34.6736,311,0.0000,12.7228,STEP2: Boundary 0.5,7.0095,16.1186,6.0125,-3.0966,10.6289,5.1048,B,A,23
0,1,0,0,0,1,1,1,1,1,1,11.5160,39.9315,313,0.0000,11.7616,STEP2: Boundary 0.5,9.0453,19.6487,2.4706,-8.1327,7.3111,0.0786,B,A,22
1,0,0,1,1,1,1,1,1,1,1,12.3716,32.3400,314,0.0000,10.0120,STEP2: Boundary 0.5,6.1880,14.6421,6.1836,-2.2704,9.6000,3.9457,B,A,23
1,0,1,1,1,1,1,1,1,1,1,10.0426,39.0884,315,0.0000,18.0372,STEP2: Boundary 0.5,8.7017,19.0637,1.3409,-9.0211,8.6233,3.4168,B,A,22
1,0,1,1,1,1,1,1,1,1,1,12.0184,32.5157,316,0.0000,11.4456,STEP2: Boundary 0.5,6.2481,14.7513,5.7703,-2.7329,9.6945,4.3938,B,A,23
1,0,1,1,1,1,1,1,1,1,1,12.3698,32.7040,317,0.0000,10.9128,STEP2: Boundary 0.5,6.3128,14.8687,6.0570,-2.4989,9.8175,4.3169,B,A,21
1,0,0,1,1,1,1,1,1,1,1,11.4250,32.8448,319,0.0000,13.7554,STEP2: Boundary 0.5,6.3614,14.9567,5.0636,-3.5317,9.8217,5.0793,B,A,23
1,0,1,1,1,1,1,1,1,1,1,13.1641,36.6457,320,0.0000,12.8791,STEP2: Boundary 0.5,7.7431,17.4097,5.4210,-4.2456,10.3295,4.3152,B,A,21
1,0,1,1,1,1,1,1,1,1,1,10.9293,37.6119,318,0.0000,15.1570,STEP2: Boundary 0.5,8.1156,18.0566,2.8137,-7.1273,8.7259,3.0966,B,A,22
0,0,0,0,0,0,0,0,0,0,1,20.3226,39.3237,322,0.0000,10.1565,STEP2: Exploration (Max σ),8.7969,19.2263,11.5257,1.0963,15.6484,8.1243,A,A,21
0,0,0,0,0,0,0,0,0,1,1,20.0195,39.4324,323,1.0000,10.9604,STEP2: Exploration (Max σ),8.8411,19.3015,11.1784,0.7179,15.6385,8.3143,A,A,22
0,0,0,0,0,0,0,0,0,0,0,14.8256,30.1153,321,3.0000,17.2762,STEP2: Exploration (Max σ),5.4518,13.2860,9.3738,1.5396,14.9130,11.8746,A,A,23
0,0,0,0,0,0,0,0,1,1,1,19.3781,39.8877,325,0.0000,10.0708,STEP2: Exploration (Max σ),9.0274,19.6182,10.3507,-0.2401,14.4913,6.7863,B,A,22
0,0,0,0,0,0,0,0,0,1,1,19.7747,39.8945,326,1.2000,10.8199,STEP2: Exploration (Max σ),9.0302,19.6229,10.7446,0.1518,15.1938,7.7017,A,A,23
0,0,0,0,0,0,0,0,0,0,0,12.2788,30.3863,324,3.9000,24.6385,STEP2: Exploration (Max σ),5.5390,13.4485,6.7398,-1.1697,14.7013,13.6377,B,A,21
0,0,0,0,0,0,0,0,1,1,1,19.7147,39.7479,327,0.0000,10.8555,STEP2: Exploration (Max σ),8.9699,19.5207,10.7448,0.1940,15.1939,7.7525,A,A,23
0,0,0,0,0,0,0,0,0,0,0,19.3601,39.8283,328,4.4000,18.0894,STEP2: Exploration (Max σ),9.0029,19.5767,10.3572,-0.2166,17.7846,12.3935,B,A,21
0,0,0,0,0,0,0,0,0,0,1,12.8202,30.2627,329,inf,24.9785,STEP2: Exploration (Max σ),5.4991,13.3743,7.3211,-0.5540,15.3639,14.4262,B,A,23
0,0,0,0,0,0,0,0,0,1,1,19.5757,39.8990,330,0.1000,11.1546,STEP2: Exploration (Max σ),9.0320,19.6260,10.5437,-0.0504,15.1310,7.7335,B,A,21
1,0,1,1,1,1,1,1,1,1,1,12.9081,38.5908,332,0.0000,12.1321,STEP2: Boundary 0.5,8.5019,18.7218,4.4061,-5.8138,9.2484,2.4906,B,A,21
1,0,1,1,1,1,1,1,1,1,1,10.0266,32.8297,333,0.0000,11.5721,STEP2: Boundary 0.5,6.3562,14.9473,3.6704,-4.9207,7.6716,2.3217,B,A,21
1,0,1,1,1,1,1,1,1,1,1,12.3928,32.0273,334,0.0000,11.2384,STEP2: Boundary 0.5,6.0817,14.4484,6.3110,-2.0556,10.1134,4.8862,B,A,23
-1,-1,-1,-1,-1,-1,-1,-1,-1,-1,-1,12.943451511796898,33.99504847672457,331,12.000780902825971,STEP2: Boundary 0.5 [ERROR: TIMEOUT]
0,0,0,0,0,0,0,1,1,1,1,13.7442,34.2401,335,0.4000,13.3845,STEP2: Boundary 0.5,6.8531,15.8401,6.8911,-2.0959,11.6939,6.4730,B,A,21
1,0,1,1,1,1,1,1,1,1,1,13.6219,38.7407,336,0.0000,13.1537,STEP2: Boundary 0.5,8.5618,18.8246,5.0601,-5.2026,10.3284,3.8212,B,A,23
1,0,0,1,1,1,1,1,1,1,1,10.8244,35.7940,337,0.1000,17.4765,STEP2: Boundary 0.5,7.4218,16.8472,3.4026,-6.0228,9.9252,5.4423,B,A,23
1,0,1,1,1,1,1,1,1,1,1,10.7323,32.9806,339,0.0000,11.9175,STEP2: Boundary 0.5,6.4085,15.0419,4.3238,-4.3096,8.4611,3.1674,B,A,22
1,0,1,1,1,1,1,1,1,1,1,13.4265,36.7229,340,0.0000,12.8122,STEP2: Boundary 0.5,7.7726,17.4611,5.6539,-4.0346,10.5460,4.4918,B,A,23
0,0,0,0,0,0,0,0,0,0,1,11.8586,30.0256,341,4.6000,24.8049,STEP2: Exploration (Max σ),5.4231,13.2324,6.4355,-1.3738,14.3679,13.4424,B,A,22
0,0,0,0,0,0,0,0,0,0,0,15.3723,30.0382,342,2.1000,17.6266,STEP2: Exploration (Max σ),5.4271,13.2399,9.9452,2.1324,15.5841,12.6632,A,A,23
-1,-1,-1,-1,-1,-1,-1,-1,-1,-1,-1,13.231409518859518,39.013177268450136,338,12.263653692108704,STEP2: Boundary 0.5 [ERROR: TIMEOUT]
0,0,0,0,0,0,0,0,0,0,0,12.4767,30.1288,343,4.3000,24.6009,STEP2: Exploration (Max σ),5.4561,13.2940,7.0206,-0.8173,14.9113,13.9029,B,A,22
0,0,0,0,0,0,0,0,0,0,0,15.1503,30.0399,344,2.0000,17.1094,STEP2: Exploration (Max σ),5.4276,13.2409,9.7227,1.9094,15.1964,12.1316,A,A,23
1,0,1,1,1,1,1,1,1,1,1,13.6635,39.1722,346,0.0000,10.1158,STEP2: Boundary 0.5,8.7355,19.1215,4.9280,-5.4580,9.0200,1.5261,B,A,23
0,0,0,0,0,0,0,0,0,0,0,15.6902,30.1604,345,inf,18.9678,STEP2: Exploration (Max σ),5.4662,13.3130,10.2240,2.3773,16.3134,13.7330,A,A,22
1,0,1,1,1,1,1,1,1,1,1,11.3044,32.9874,347,0.0000,11.4922,STEP2: Boundary 0.5,6.4108,15.0461,4.8936,-3.7417,8.8840,3.4692,B,A,21
1,0,1,1,1,1,1,1,1,1,1,10.2106,35.9163,348,0.0000,12.3653,STEP2: Boundary 0.5,7.4676,16.9276,2.7430,-6.7170,7.3721,1.4104,B,A,22
1,0,0,1,1,1,1,1,1,1,1,10.9589,32.7715,349,0.0000,13.9865,STEP2: Boundary 0.5,6.3361,14.9109,4.6228,-3.9520,9.4513,4.7933,B,A,23
0,0,0,0,0,0,0,1,1,1,1,14.4599,38.6035,350,0.0000,13.7063,STEP2: Boundary 0.5,8.5070,18.7305,5.9529,-4.2707,11.4251,5.1131,B,A,21
1,0,1,1,1,1,1,1,1,1,1,10.6570,30.0553,352,0.0000,10.3034,STEP2: Exploration (Max σ),5.4326,13.2501,5.2244,-2.5931,8.5222,3.5644,B,A,23
0,0,0,0,0,0,0,0,0,0,0,16.7278,32.3582,351,2.4000,13.6956,STEP2: Exploration (Max σ),6.1942,14.6533,10.5336,2.0745,15.2093,10.5802,A,A,22
0,0,0,0,0,0,0,0,0,0,0,24.9176,33.0324,353,inf,18.5670,STEP2: Exploration (Max σ),6.4265,15.0744,18.4912,9.8433,24.9459,21.5019,A,A,21
1,0,1,1,1,1,1,1,1,1,1,11.7049,35.7047,355,0.0000,10.0997,STEP2: Exploration (Max σ),7.3886,16.7887,4.3163,-5.0838,8.0775,1.5327,B,A,22
0,0,0,0,0,0,0,0,0,0,0,24.6742,33.0292,354,inf,18.6310,STEP2: Exploration (Max σ),6.4254,15.0723,18.2488,9.6018,24.7252,21.3000,A,A,23
1,0,1,1,1,1,1,1,1,1,1,10.1086,30.0622,356,0.0000,10.1008,STEP2: Exploration (Max σ),5.4348,13.2542,4.6738,-3.1457,7.9074,2.8914,B,A,21
0,0,0,0,0,0,0,0,0,0,0,21.2969,32.7696,357,2.7000,10.0398,STEP2: Exploration (Max σ),6.3354,14.9097,14.9615,6.3873,18.4274,12.6646,A,A,22
0,0,0,0,0,0,0,0,1,1,1,12.9784,38.3712,358,1.9000,22.1356,STEP2: Exploration (Max σ),8.4145,18.5718,4.5640,-5.5933,13.3539,9.5090,B,A,21
1,0,1,1,1,1,1,1,1,1,1,10.5928,30.1563,359,0.0000,10.2907,STEP2: Exploration (Max σ),5.4649,13.3105,5.1279,-2.7177,8.4312,3.4427,B,A,22
0,0,0,0,0,0,0,0,0,0,0,21.4058,32.8935,360,3.0000,10.1224,STEP2: Exploration (Max σ),6.3783,14.9873,15.0276,6.4186,18.5335,12.7603,A,A,21
0,0,0,0,0,0,0,0,0,0,0,24.7545,33.3209,361,inf,24.9122,STEP2: Exploration (Max σ),6.5272,15.2560,18.2273,9.4985,26.9545,25.2145,A,A,23
0,0,0,0,0,0,0,0,0,0,0,16.6051,31.9447,362,2.0000,13.2316,STEP2: Exploration (Max σ),6.0538,14.3974,10.5513,2.2077,15.0179,10.3696,A,A,21
0,1,0,0,0,1,1,1,1,1,1,12.8302,38.5900,365,0.0000,22.2441,STEP2: Exploration (Max σ),8.5016,18.7213,4.3286,-5.8911,13.2068,9.3349,B,A,22
0,0,0,0,0,0,0,0,0,0,0,16.5574,37.4733,364,3.7000,24.9871,STEP2: Exploration (Max σ),8.0617,17.9633,8.4957,-1.4059,18.2103,15.4136,B,A,21
1,0,1,1,1,1,1,1,1,1,1,13.0918,39.7398,366,0.0000,11.0948,STEP2: Boundary 0.5,8.9666,19.5151,4.1251,-6.4233,8.6715,1.3008,B,A,22
1,0,0,1,1,1,1,1,1,1,1,13.1784,35.2140,367,0.0000,12.5321,STEP2: Boundary 0.5,7.2069,16.4685,5.9715,-3.2900,10.5814,4.8574,B,A,21
-1,-1,-1,-1,-1,-1,-1,-1,-1,-1,-1,22.68767268614686,32.76146744651987,363,10.016475542715405,STEP2: Exploration (Max σ) [ERROR: TIMEOUT]
0,0,0,0,0,0,0,0,0,1,1,13.1578,36.5532,368,0.0000,13.3089,STEP2: Boundary 0.5,7.7079,17.3482,5.4500,-4.1904,10.5108,4.6435,B,A,22
1,0,0,1,1,1,1,1,1,1,1,16.2716,38.9663,370,0.0000,10.5489,STEP2: Boundary 0.5,8.6524,18.9796,7.6192,-2.7079,11.8663,4.5531,B,A,21
1,0,0,1,1,1,1,1,1,1,1,11.3040,37.8325,369,0.0000,14.9065,STEP2: Boundary 0.5,8.2019,18.2057,3.1021,-6.9017,8.9471,3.1867,B,A,22
0,0,0,0,0,0,0,0,0,0,0,20.8863,32.6209,371,2.9000,10.0557,STEP2: Exploration (Max σ),6.2842,14.8168,14.6021,6.0695,18.0596,12.3415,A,A,21
0,0,0,0,0,0,0,0,0,0,0,16.6305,37.6473,372,inf,24.8811,STEP2: Exploration (Max σ),8.1295,18.0805,8.5011,-1.4500,18.2145,15.3421,B,A,22
0,0,0,0,0,0,0,0,0,0,0,24.9285,30.1751,374,inf,17.1995,STEP2: Exploration (Max σ),5.4709,13.3217,19.4576,11.6068,24.9817,21.9064,A,A,21
1,0,1,1,1,1,1,1,1,1,1,11.7515,35.7110,375,0.0000,10.0836,STEP2: Exploration (Max σ),7.3909,16.7928,4.3605,-5.0414,8.1163,1.5653,B,A,22
1,0,0,1,1,1,1,1,1,1,1,12.8088,35.4579,376,0.0000,12.3431,STEP2: Boundary 0.5,7.2969,16.6274,5.5118,-3.8186,10.0802,4.2366,B,A,21
0,0,0,0,0,0,0,0,0,0,0,11.6215,33.2192,377,1.5000,13.0236,STEP2: Boundary 0.5,6.4916,15.1919,5.1299,-3.5703,9.6801,4.6322,B,A,22
-1,-1,-1,-1,-1,-1,-1,-1,-1,-1,-1,21.299291747069503,32.62501577243821,373,10.195530879318023,STEP2: Exploration (Max σ) [ERROR: TIMEOUT]
1,0,1,1,1,1,1,1,1,1,1,10.0585,38.6902,378,0.0000,18.1436,STEP2: Boundary 0.5,8.5416,18.7899,1.5168,-8.7315,8.7752,3.7062,B,A,21
1,0,1,1,1,1,1,1,1,1,1,10.4735,38.0802,379,0.0000,15.3904,STEP2: Boundary 0.5,8.2993,18.3737,2.1741,-7.9002,8.2441,2.5545,B,A,22
1,0,1,1,1,1,1,1,1,1,1,15.1015,39.0054,380,0.0000,11.4052,STEP2: Boundary 0.5,8.6682,19.0065,6.4333,-3.9050,11.0293,3.9501,B,A,21
0,0,0,0,0,0,0,0,0,0,0,24.9214,30.0874,381,inf,17.3442,STEP2: Exploration (Max σ),5.4428,13.2693,19.4786,11.6521,25.0350,22.0229,A,A,22
0,0,0,0,0,0,0,0,0,1,1,10.4817,32.9920,382,4.3000,24.7636,STEP2: Exploration (Max σ),6.4124,15.0490,4.0693,-4.5673,12.6690,10.9721,B,A,21
0,0,0,0,0,0,0,0,0,0,0,24.6422,38.6427,383,2.9000,10.0180,STEP2: Exploration (Max σ),8.5226,18.7574,16.1196,5.8848,20.1229,12.7475,A,A,23
0,0,0,0,0,0,0,0,0,0,0,15.1392,30.0937,384,1.9000,14.3996,STEP2: Exploration (Max σ),5.4448,13.2731,9.6944,1.8662,14.3083,10.4772,A,A,22
0,0,0,0,0,0,0,0,0,0,0,24.6053,30.0515,385,inf,16.8627,STEP2: Exploration (Max σ),5.4313,13.2478,19.1740,11.3575,24.5706,21.4342,A,A,21
0,0,0,0,0,0,0,0,0,1,1,13.7068,39.3960,386,0.0000,11.1636,STEP2: Boundary 0.5,8.8263,19.2763,4.8805,-5.5695,9.4195,2.1635,B,A,23
1,0,0,1,1,1,1,1,1,1,1,10.5543,37.8578,387,0.0000,18.1888,STEP2: Boundary 0.5,8.2118,18.2228,2.3425,-7.6685,9.4787,4.6460,B,A,21
1,0,1,1,1,1,1,1,1,1,1,10.1190,38.7384,388,0.0000,18.4495,STEP2: Boundary 0.5,8.5609,18.8230,1.5581,-8.7040,8.9471,3.9525,B,A,23
1,0,0,1,1,1,1,1,1,1,1,10.5100,33.8994,389,0.0000,15.6601,STEP2: Boundary 0.5,6.7313,15.6226,3.7787,-5.1126,9.3486,4.8589,B,A,21
1,0,1,1,1,1,1,1,1,1,1,12.8572,32.3043,391,0.0000,11.4528,STEP2: Boundary 0.5,6.1758,14.6199,6.6814,-1.7626,10.5857,5.3439,B,A,23
1,0,0,1,1,1,1,1,1,1,1,12.7497,33.6407,392,0.0000,11.5234,STEP2: Boundary 0.5,6.6396,15.4582,6.1101,-2.7084,10.1811,4.5987,B,A,23
1,0,1,1,1,1,1,1,1,1,1,11.2980,33.2223,393,0.0000,10.9475,STEP2: Boundary 0.5,6.4927,15.1938,4.8054,-3.8957,8.6305,2.9996,B,A,21
-1,-1,-1,-1,-1,-1,-1,-1,-1,-1,-1,10.322552505627234,33.6089413701291,390,16.851438525646532,STEP2: Boundary 0.5 [ERROR: TIMEOUT]
1,0,1,1,1,1,1,1,1,1,1,11.5276,32.2322,394,0.0000,11.6346,STEP2: Boundary 0.5,6.1513,14.5752,5.3764,-3.0476,9.3348,4.1632,B,A,23
1,0,1,1,1,1,1,1,1,1,1,11.2014,37.7917,395,0.0000,11.1118,STEP2: Boundary 0.5,8.1859,18.1781,3.0155,-6.9767,7.3683,0.5389,B,A,21
0,0,0,0,0,0,0,0,0,0,0,24.6250,38.3921,396,3.4000,10.0510,STEP2: Exploration (Max σ),8.4228,18.5860,16.2022,6.0390,20.1954,12.8985,A,A,23
0,0,0,0,0,0,0,1,1,1,1,10.0263,30.5198,397,0.0000,15.3605,STEP2: Exploration (Max σ),5.5822,13.5288,4.4441,-3.5025,9.4266,5.7498,B,A,21
0,0,0,0,0,0,0,0,0,1,1,10.7705,33.0307,398,4.3000,24.5772,STEP2: Exploration (Max σ),6.4259,15.0733,4.3447,-4.3028,12.8884,11.1293,B,A,22
0,0,0,0,0,0,0,0,0,0,0,24.8925,33.4891,399,3.8000,10.0486,STEP2: Exploration (Max σ),6.5862,15.3622,18.3063,9.5303,21.8422,15.8867,A,A,21
0,0,0,0,0,0,0,0,0,0,1,10.4295,32.9371,400,inf,24.7236,STEP2: Exploration (Max σ),6.3934,15.0146,4.0361,-4.5851,12.6093,10.9154,B,A,22
0,0,0,0,0,0,0,1,1,1,1,10.0191,30.4070,401,0.0000,15.6631,STEP2: Exploration (Max σ),5.5457,13.4609,4.4734,-3.4418,9.5377,5.9748,B,A,23
0,0,0,0,0,0,0,0,0,0,0,14.7219,33.9993,402,2.6000,24.9757,STEP2: Exploration (Max σ),6.7669,15.6862,7.9550,-0.9644,16.8613,14.9642,B,A,21
0,0,0,0,0,0,0,0,0,0,0,19.4924,32.6731,404,inf,20.7347,STEP2: Exploration (Max σ),6.3022,14.8494,13.1902,4.6430,20.3295,17.5869,A,A,23
0,0,0,0,0,0,0,0,0,0,1,17.9273,36.9804,405,2.8000,20.8934,STEP2: Exploration (Max σ),7.8712,17.6328,10.0561,0.2945,18.0836,14.2536,A,A,21
0,0,0,0,0,0,0,0,0,0,0,14.5739,34.0713,403,2.6000,24.9506,STEP2: Exploration (Max σ),6.7926,15.7322,7.7812,-1.1583,16.6953,14.7725,B,A,22
0,0,0,0,0,0,0,0,1,1,1,13.8120,38.9932,406,0.0000,12.3345,STEP2: Boundary 0.5,8.6633,18.9981,5.1487,-5.1862,10.1178,3.3074,B,A,23
1,0,0,1,1,1,1,1,1,1,1,10.7518,39.5456,408,0.0000,18.6916,STEP2: Boundary 0.5,8.8872,19.3800,1.8646,-8.6283,9.4903,4.3479,B,A,22
1,0,1,1,1,1,1,1,1,1,1,10.5129,33.3919,407,0.0000,13.3928,STEP2: Boundary 0.5,6.5520,15.3008,3.9609,-4.7878,8.6614,3.6708,B,A,21
1,0,1,1,1,1,1,1,1,1,1,10.6001,32.7097,409,0.0000,13.5266,STEP2: Boundary 0.5,6.3148,14.8723,4.2853,-4.2722,8.9473,4.1770,B,A,23
1,0,0,1,1,1,1,1,1,1,1,12.3848,33.5637,410,0.0000,12.1752,STEP2: Boundary 0.5,6.6125,15.4094,5.7723,-3.0246,10.0649,4.6863,B,A,22
1,0,1,1,1,1,1,1,1,1,1,11.5657,37.5616,411,0.0000,14.5833,STEP2: Boundary 0.5,8.0960,18.0228,3.4697,-6.4570,9.1513,3.3725,B,A,21
1,0,1,1,1,1,1,1,1,1,1,11.5606,37.8984,412,0.0000,12.2726,STEP2: Boundary 0.5,8.2278,18.2503,3.3328,-6.6897,8.1525,1.6244,B,A,23
1,0,1,1,1,1,1,1,1,1,1,10.2190,38.3353,413,0.0000,18.6716,STEP2: Boundary 0.5,8.4003,18.5473,1.8187,-8.3284,9.2270,4.4038,B,A,22
1,0,0,1,1,1,1,1,1,1,1,11.1594,31.1133,414,0.0000,13.2214,STEP2: Boundary 0.5,5.7764,13.8881,5.3830,-2.7287,9.7443,5.3150,B,A,21
1,0,0,1,1,1,1,1,1,1,1,12.7891,33.2200,415,0.0000,11.8459,STEP2: Boundary 0.5,6.4918,15.1923,6.2973,-2.4032,10.4360,5.0577,B,A,23
1,0,1,1,1,1,1,1,1,1,1,11.6756,31.5282,416,0.0000,10.2770,STEP2: Boundary 0.5,5.9140,14.1414,5.7616,-2.4658,9.1911,3.8300,B,A,22
1,0,1,1,1,1,1,1,1,1,1,10.4802,37.2825,417,0.0000,14.5230,STEP2: Boundary 0.5,7.9876,17.8350,2.4925,-7.3549,8.1131,2.3927,B,A,21
1,0,0,1,1,1,1,1,1,1,1,12.4549,32.2340,418,0.0000,12.0028,STEP2: Boundary 0.5,6.1519,14.5763,6.3031,-2.1214,10.3870,5.3179,B,A,23
1,0,1,1,1,1,1,1,1,1,1,10.3855,34.0556,419,0.0000,15.2271,STEP2: Boundary 0.5,6.7870,15.7222,3.5984,-5.3367,9.0364,4.3833,B,A,22
1,0,1,1,1,1,1,1,1,1,1,13.0424,38.1217,420,0.0000,11.3732,STEP2: Boundary 0.5,8.3157,18.4019,4.7266,-5.3595,9.2166,2.3711,B,A,23
1,0,1,1,1,1,1,1,1,1,1,11.0358,38.2461,421,0.0000,14.0680,STEP2: Boundary 0.5,8.3649,18.4865,2.6709,-7.4507,8.2410,2.1295,B,A,22
1,0,0,1,1,1,1,1,1,1,1,13.7855,36.1566,423,0.0000,12.3694,STEP2: Boundary 0.5,7.5578,17.0858,6.2277,-3.3003,10.8858,4.8600,B,A,23
1,0,1,1,1,1,1,1,1,1,1,10.8956,34.9252,424,0.0000,11.7040,STEP2: Boundary 0.5,7.1011,16.2811,3.7945,-5.3855,8.0686,2.1891,B,A,23
-1,-1,-1,-1,-1,-1,-1,-1,-1,-1,-1,10.803991402432107,38.6028428789197,422,18.355422278945987,STEP2: Boundary 0.5 [ERROR: TIMEOUT]
1,0,1,1,1,1,1,1,1,1,1,10.0859,37.4207,425,0.0000,14.5242,STEP2: Boundary 0.5,8.0412,17.9279,2.0447,-7.8420,7.6843,1.9268,B,A,22
1,0,1,1,1,1,1,1,1,1,1,11.0883,38.3040,426,0.0000,14.2062,STEP2: Boundary 0.5,8.3878,18.5259,2.7004,-7.4377,8.3328,2.2450,B,A,22
1,0,1,1,1,1,1,1,1,1,1,11.1847,31.9956,428,0.0000,10.3804,STEP2: Boundary 0.5,6.0710,14.4288,5.1137,-3.2441,8.6227,3.1644,B,A,23
1,0,1,1,1,1,1,1,1,1,1,10.4130,38.3414,427,0.0000,15.7525,STEP2: Boundary 0.5,8.4027,18.5514,2.0103,-8.1385,8.2613,2.6041,B,A,21
0,0,0,0,0,0,0,1,1,1,1,15.7722,37.0701,431,0.4000,11.3471,STEP2: Boundary 0.5,7.9057,17.6927,7.8666,-1.9205,12.2357,5.6710,B,A,21
1,0,1,1,1,1,1,1,1,1,1,11.2394,37.8650,430,0.0000,14.1949,STEP2: Boundary 0.5,8.2147,18.2278,3.0247,-6.9884,8.5949,2.6232,B,A,23
1,0,1,1,1,1,1,1,1,1,1,10.7553,39.7168,429,0.0000,14.7273,STEP2: Boundary 0.5,8.9572,19.4991,1.7981,-8.7437,7.8299,1.5060,B,A,22
1,0,1,1,1,1,1,1,1,1,1,13.9894,38.3209,432,0.0000,11.5511,STEP2: Boundary 0.5,8.3945,18.5375,5.5949,-4.5481,10.1764,3.3270,B,A,21
1,0,1,1,1,1,1,1,1,1,1,12.2259,34.0384,433,0.0000,12.2802,STEP2: Boundary 0.5,6.7809,15.7112,5.4450,-3.4853,9.8286,4.3514,B,A,23
1,0,1,1,1,1,1,1,1,1,1,12.9707,37.0475,434,0.0000,12.8263,STEP2: Boundary 0.5,7.8970,17.6776,5.0738,-4.7069,10.0098,3.8712,B,A,22
1,0,0,1,1,1,1,1,1,1,1,10.9274,33.7503,435,0.0000,13.3943,STEP2: Boundary 0.5,6.6784,15.5278,4.2490,-4.6004,8.9945,3.9081,B,A,21
1,0,1,1,1,1,1,1,1,1,1,10.5637,36.5159,436,0.0000,13.0558,STEP2: Boundary 0.5,7.6937,17.3235,2.8700,-6.7598,7.8301,1.9012,B,A,23
1,0,1,1,1,1,1,1,1,1,1,11.7155,33.6547,437,0.0000,11.6051,STEP2: Boundary 0.5,6.6446,15.4671,5.0709,-3.7516,9.1723,3.6090,B,A,22
1,0,0,1,1,1,1,1,1,1,1,13.5150,38.6319,438,0.0000,13.6212,STEP2: Boundary 0.5,8.5183,18.7500,4.9966,-5.2350,10.4385,4.0944,B,A,21
1,0,1,1,1,1,1,1,1,1,1,12.5636,35.5658,439,0.0000,11.9452,STEP2: Boundary 0.5,7.3369,16.6978,5.2267,-4.1341,9.6597,3.6745,B,A,23
1,0,1,1,1,1,1,1,1,1,1,10.8187,33.2026,440,0.0000,12.7658,STEP2: Boundary 0.5,6.4858,15.1814,4.3329,-4.3627,8.7910,3.6753,B,A,22
1,0,1,1,1,1,1,1,1,1,1,13.5284,38.2430,441,0.0000,10.9300,STEP2: Boundary 0.5,8.3636,18.4844,5.1647,-4.9560,9.4920,2.4869,B,A,21
1,0,1,1,1,1,1,1,1,1,1,10.2734,34.9561,442,0.0000,12.3433,STEP2: Boundary 0.5,7.1124,16.3011,3.1610,-6.0278,7.6720,1.9645,B,A,23
1,0,0,1,1,1,1,1,1,1,1,13.2308,32.1967,443,0.0000,11.1347,STEP2: Boundary 0.5,6.1392,14.5532,7.0916,-1.3224,10.8763,5.5746,B,A,22
1,0,0,1,1,1,1,1,1,1,1,10.9547,38.9447,444,0.0000,18.6947,STEP2: Boundary 0.5,8.6438,18.9648,2.3109,-8.0101,9.8338,4.8538,B,A,21
1,0,0,1,1,1,1,1,1,1,1,12.9470,32.7596,445,0.0000,10.9778,STEP2: Boundary 0.5,6.3320,14.9035,6.6150,-1.9565,10.4036,4.9062,B,A,23
1,0,0,1,1,1,1,1,1,1,1,10.9479,30.8262,446,0.0000,13.0040,STEP2: Boundary 0.5,5.6820,13.7138,5.2658,-2.7660,9.5208,5.1074,B,A,22
1,0,1,1,1,1,1,1,1,1,1,12.1872,38.6618,447,0.0000,12.0363,STEP2: Boundary 0.5,8.5303,18.7705,3.6569,-6.5833,8.4689,1.6643,B,A,21
0,1,0,0,0,1,1,1,1,1,1,11.1734,39.2083,449,0.0000,18.8370,STEP2: Boundary 0.5,8.7501,19.1465,2.4232,-7.9731,10.0494,5.0393,B,A,22
1,0,0,1,1,1,1,1,1,1,1,11.7924,35.4328,448,0.0000,15.9239,STEP2: Boundary 0.5,7.2877,16.6110,4.5048,-4.8186,10.3947,5.5695,B,A,23
0,0,0,0,0,0,0,0,1,1,1,13.4472,34.1262,450,0.4000,13.3026,STEP2: Boundary 0.5,6.8123,15.7673,6.6349,-2.3201,11.3943,6.1810,B,A,21
1,0,1,1,1,1,1,1,1,1,1,10.4917,34.0931,451,0.0000,14.6389,STEP2: Boundary 0.5,6.8004,15.7461,3.6912,-5.2544,8.9242,4.0957,B,A,22
1,0,1,1,1,1,1,1,1,1,1,10.8110,31.3291,452,0.0000,13.4944,STEP2: Boundary 0.5,5.8478,14.0196,4.9633,-3.2086,9.4416,5.0309,B,A,23
1,0,1,1,1,1,1,1,1,1,1,14.3289,38.6880,453,0.0000,11.0118,STEP2: Boundary 0.5,8.5408,18.7884,5.7882,-4.4595,10.1933,3.0890,B,A,23
1,0,0,1,1,1,1,1,1,1,1,12.6813,35.8835,454,0.0000,12.4250,STEP2: Boundary 0.5,7.4553,16.9060,5.2260,-4.2247,9.8736,3.9378,B,A,21
1,0,1,1,1,1,1,1,1,1,1,10.3090,38.5909,455,0.0000,16.1709,STEP2: Boundary 0.5,8.5020,18.7219,1.8070,-8.4129,8.2614,2.6561,B,A,21
1,0,0,1,1,1,1,1,1,1,1,11.8252,38.4828,457,0.0000,10.8219,STEP2: Boundary 0.5,8.4589,18.6480,3.3663,-6.8228,7.6749,0.5729,B,A,23
1,0,0,1,1,1,1,1,1,1,1,13.1717,35.2459,458,0.0000,11.9801,STEP2: Boundary 0.5,7.2187,16.4892,5.9530,-3.3175,10.3635,4.4750,B,A,21
1,0,1,1,1,1,1,1,1,1,1,11.0439,32.9371,459,0.0000,10.0679,STEP2: Boundary 0.5,6.3934,15.0146,4.6505,-3.9707,8.1417,2.3414,B,A,23
-1,-1,-1,-1,-1,-1,-1,-1,-1,-1,-1,12.208707922749115,38.16600709370195,456,11.074138168669768,STEP2: Boundary 0.5 [ERROR: TIMEOUT]
1,0,1,1,1,1,1,1,1,1,1,10.7499,33.5519,460,0.0000,11.4687,STEP2: Boundary 0.5,6.6083,15.4020,4.1416,-4.6520,8.1838,2.6100,B,A,21
1,0,0,1,1,1,1,1,1,1,1,11.9935,33.1631,461,0.0000,13.7773,STEP2: Boundary 0.5,6.4720,15.1565,5.5215,-3.1630,10.3278,5.5064,B,A,23
1,0,1,1,1,1,1,1,1,1,1,12.3064,38.0832,462,0.0000,12.3017,STEP2: Boundary 0.5,8.3005,18.3757,4.0060,-6.0692,8.8581,2.2877,B,A,21
1,0,1,1,1,1,1,1,1,1,1,12.9183,33.9268,463,0.0000,11.5766,STEP2: Boundary 0.5,6.7411,15.6401,6.1772,-2.7217,10.2977,4.6529,B,A,23
1,0,1,1,1,1,1,1,1,1,1,11.4026,37.9019,464,0.0000,13.6134,STEP2: Boundary 0.5,8.2291,18.2527,3.1735,-6.8501,8.5202,2.3729,B,A,21
1,0,1,1,1,1,1,1,1,1,1,12.3867,35.7432,465,0.0000,10.2251,STEP2: Boundary 0.5,7.4029,16.8139,4.9839,-4.4272,8.7953,2.2755,B,A,22
1,0,0,1,1,1,1,1,1,1,1,12.5777,34.9217,466,0.0000,13.6389,STEP2: Boundary 0.5,7.0998,16.2788,5.4779,-3.7012,10.4580,5.1253,B,A,23
1,0,1,1,1,1,1,1,1,1,1,10.7439,31.8793,468,0.0000,10.7529,STEP2: Boundary 0.5,6.0317,14.3571,4.7122,-3.6132,8.3355,3.0126,B,A,22
0,0,0,0,0,0,0,1,1,1,1,12.1825,35.2019,467,0.0000,15.8024,STEP2: Boundary 0.5,7.2025,16.4606,4.9800,-4.2781,10.7912,5.9935,B,A,21
1,0,1,1,1,1,1,1,1,1,1,11.5975,37.6103,469,0.0000,12.6919,STEP2: Boundary 0.5,8.1150,18.0556,3.4825,-6.4580,8.4330,2.1029,B,A,23
1,0,1,1,1,1,1,1,1,1,1,10.4959,32.4930,470,0.0000,12.2758,STEP2: Boundary 0.5,6.2403,14.7371,4.2556,-4.2412,8.4619,3.3996,B,A,22
0,0,0,0,0,0,0,0,0,0,0,21.0521,35.9404,472,3.8000,13.6356,STEP2: Exploration (Max σ),7.4766,16.9434,13.5756,4.1088,18.6832,13.0745,A,A,23
0,0,0,0,0,0,0,0,0,0,0,18.2825,39.9294,473,inf,13.4851,STEP2: Exploration (Max σ),9.0445,19.6473,9.2380,-1.3648,14.7876,8.0496,B,A,22
0,0,0,0,0,0,0,0,0,0,0,20.4948,36.0662,474,3.5000,13.8878,STEP2: Exploration (Max σ),7.5238,17.0262,12.9710,3.4686,18.1893,12.6179,A,A,23
-1,-1,-1,-1,-1,-1,-1,-1,-1,-1,-1,18.01784488121266,31.385638764908023,471,10.304769555272806,STEP2: Exploration (Max σ) [ERROR: TIMEOUT]
0,0,0,0,0,0,0,0,0,0,0,22.1991,33.7757,475,inf,18.1128,STEP2: Exploration (Max σ),6.6874,15.5439,15.5116,6.6552,21.9332,18.1656,A,A,22
1,0,1,1,1,1,1,1,1,1,1,10.1776,36.8965,476,0.0000,14.0634,STEP2: Boundary 0.5,7.8390,17.5767,2.3386,-7.3991,7.7311,1.9848,B,A,23
1,0,1,1,1,1,1,1,1,1,1,11.4267,34.3649,477,0.0000,12.0137,STEP2: Boundary 0.5,6.8979,15.9201,4.5288,-4.4934,8.8536,3.2132,B,A,22
1,0,1,1,1,1,1,1,1,1,1,10.0640,33.3737,478,0.0000,11.2509,STEP2: Boundary 0.5,6.5457,15.2893,3.5183,-5.2253,7.4652,1.8784,B,A,21
1,0,1,1,1,1,1,1,1,1,1,13.4182,39.3321,480,0.0000,10.8520,STEP2: Boundary 0.5,8.8003,19.2321,4.6179,-5.8139,9.0237,1.6962,B,A,22
0,0,0,0,0,0,0,0,1,1,1,10.2882,37.8772,479,1.0000,17.1242,STEP2: Boundary 0.5,8.2195,18.2360,2.0687,-7.9478,8.7903,3.6493,B,A,23
0,0,0,0,0,0,0,0,0,0,0,21.7983,33.5215,481,4.4000,18.2381,STEP2: Exploration (Max σ),6.5976,15.3827,15.2006,6.4155,21.6236,17.9584,A,A,21
0,0,0,0,0,0,0,0,0,0,0,22.1436,33.5148,482,3.6000,18.0747,STEP2: Exploration (Max σ),6.5953,15.3785,15.5483,6.7651,21.9126,18.2033,A,A,22
0,0,0,0,0,0,0,0,1,1,1,17.2138,39.9899,483,0.6000,14.3683,STEP2: Exploration (Max σ),9.0694,19.6895,8.1444,-2.4757,14.0655,7.5641,B,A,22
0,0,0,0,0,0,0,0,0,0,0,21.8053,33.3081,484,inf,18.1627,STEP2: Exploration (Max σ),6.5227,15.2479,15.2827,6.5575,21.6432,18.0132,A,A,23
1,0,1,1,1,1,1,1,1,1,1,11.9166,35.3718,486,0.0000,11.9586,STEP2: Boundary 0.5,7.2651,16.5712,4.6515,-4.6546,9.0680,3.1392,B,A,23
-1,-1,-1,-1,-1,-1,-1,-1,-1,-1,-1,20.97907777506743,36.16132647932024,485,13.209224942957366,STEP2: Exploration (Max σ) [ERROR: TIMEOUT]
1,0,1,1,1,1,1,1,1,1,1,10.2881,32.4186,488,0.0000,12.0718,STEP2: Boundary 0.5,6.2148,14.6909,4.0732,-4.4028,8.2013,3.1019,B,A,23
1,0,1,1,1,1,1,1,1,1,1,11.0318,38.5987,487,0.0000,15.7161,STEP2: Boundary 0.5,8.5050,18.7272,2.5268,-7.6954,8.8007,3.0636,B,A,22
1,0,1,1,1,1,1,1,1,1,1,11.5439,39.4690,490,0.0000,10.8848,STEP2: Boundary 0.5,8.8560,19.3269,2.6879,-7.7830,7.1209,-0.2351,B,B,22
1,0,1,1,1,1,1,1,1,1,1,10.0741,33.3269,489,0.0000,16.4635,STEP2: Boundary 0.5,6.5292,15.2597,3.5448,-5.1856,9.3132,5.2015,B,A,23
0,0,0,0,0,0,0,0,0,0,0,24.6353,30.0258,493,inf,11.8059,STEP2: Exploration (Max σ),5.4231,13.2325,19.2122,11.4028,22.9877,18.4547,A,A,23
0,0,0,0,0,0,0,0,0,0,0,21.9952,33.4895,492,3.0000,17.9684,STEP2: Exploration (Max σ),6.5864,15.3625,15.4089,6.6327,21.7316,17.9991,A,A,22
0,0,0,0,0,0,0,0,0,0,0,19.7967,30.4769,494,2.6000,10.0136,STEP2: Exploration (Max σ),5.5683,13.5030,14.2284,6.2937,17.4725,12.3210,A,A,23
0,0,0,0,0,0,0,0,0,0,0,24.8098,33.5594,495,inf,12.6148,STEP2: Exploration (Max σ),6.6110,15.4067,18.1988,9.4031,22.6459,17.3919,A,A,22
0,0,0,0,0,0,0,0,0,0,0,19.2347,30.1544,496,2.8000,10.0445,STEP2: Exploration (Max σ),5.4643,13.3094,13.7704,5.9253,16.9945,11.9382,A,A,23
-1,-1,-1,-1,-1,-1,-1,-1,-1,-1,-1,19.405117075003993,30.07908477512092,491,10.431354074075747,STEP2: Exploration (Max σ) [ERROR: TIMEOUT]
0,0,0,0,0,0,0,0,0,0,0,19.1050,30.2039,497,2.3000,10.0750,STEP2: Exploration (Max σ),5.4802,13.3390,13.6248,5.7660,16.8633,11.8022,A,A,22
0,1,0,0,0,1,1,1,1,1,1,21.6362,38.9218,498,0.0000,12.9733,STEP2: Exploration (Max σ),8.6345,18.9490,13.0016,2.6872,18.2195,11.6112,A,A,23
0,0,0,0,0,0,0,0,0,0,0,19.0442,30.4667,499,2.5000,10.1075,STEP2: Exploration (Max σ),5.5650,13.4968,13.4792,5.5474,16.7528,11.6301,A,A,22
0,0,0,0,0,0,0,0,0,0,0,22.1170,30.3632,500,inf,15.8877,STEP2: Exploration (Max σ),5.5315,13.4346,16.5855,8.6824,21.7159,18.2269,A,A,23
0,0,0,0,0,0,0,0,0,0,0,21.8289,38.9002,501,2.4000,13.2825,STEP2: Exploration (Max σ),8.6259,18.9341,13.2030,2.8948,18.5426,12.0285,A,A,22
0,0,0,0,0,0,0,0,0,0,0,22.0592,30.3245,503,inf,16.1048,STEP2: Exploration (Max σ),5.5190,13.4114,16.5401,8.6478,21.7349,18.3164,A,A,23
0,0,0,0,0,0,0,0,0,0,0,18.5630,30.6042,504,2.2000,10.1819,STEP2: Exploration (Max σ),5.6096,13.5796,12.9534,4.9834,16.2641,11.1251,A,A,22
0,0,0,0,0,0,0,0,0,0,0,24.8244,33.6356,505,inf,13.0944,STEP2: Exploration (Max σ),6.6379,15.4550,18.1865,9.3694,22.8119,17.6720,A,A,22
-1,-1,-1,-1,-1,-1,-1,-1,-1,-1,-1,22.168065246306988,30.042200451729556,502,15.960959286358236,STEP2: Exploration (Max σ) [ERROR: TIMEOUT]
1,0,1,1,1,1,1,1,1,1,1,12.9518,36.9901,506,0.0000,13.2717,STEP2: Boundary 0.5,7.8749,17.6392,5.0769,-4.6874,10.1773,4.1809,B,A,22
-1,-1,-1,-1,-1,-1,-1,-1,-1,-1,-1,11.929929393837812,32.625867029064686,507,13.800358952323222,STEP2: Boundary 0.5 [ERROR: TIMEOUT]
1,0,0,1,1,1,1,1,1,1,1,16.2557,38.4631,509,0.0000,10.1352,STEP2: Boundary 0.5,8.4510,18.6345,7.8047,-2.3788,11.8380,4.5456,B,A,22
-1,-1,-1,-1,-1,-1,-1,-1,-1,-1,-1,16.135799173714844,37.20031126113484,508,10.841378111221982,STEP2: Boundary 0.5 [ERROR: TIMEOUT]
1,0,0,1,1,1,1,1,1,1,1,14.3239,38.8535,510,0.0000,11.8401,STEP2: Boundary 0.5,8.6071,18.9020,5.7168,-4.5781,10.4714,3.5581,B,A,22
1,0,0,1,1,1,1,1,1,1,1,10.2215,33.4051,512,0.0000,15.4103,STEP2: Boundary 0.5,6.5567,15.3091,3.6648,-5.0876,9.0753,4.6473,B,A,21
1,0,0,1,1,1,1,1,1,1,1,12.9590,34.4535,513,0.0000,13.6939,STEP2: Boundary 0.5,6.9299,15.9770,6.0291,-3.0180,10.9700,5.7788,B,A,23
0,0,0,0,0,0,1,1,1,1,1,10.8642,39.9064,514,0.4000,19.0397,STEP2: Boundary 0.5,9.0350,19.6312,1.8292,-8.7669,9.6606,4.5208,B,A,21
-1,-1,-1,-1,-1,-1,-1,-1,-1,-1,-1,16.478022679490497,38.44416304583566,511,10.60148363226609,STEP2: Boundary 0.5 [ERROR: TIMEOUT]
1,0,1,1,1,1,1,1,1,1,1,12.8038,38.2165,515,0.0000,13.4232,STEP2: Boundary 0.5,8.3532,18.4663,4.4506,-5.6626,9.7617,3.4745,B,A,23
1,0,0,1,1,1,1,1,1,1,1,11.9195,37.7495,516,0.0000,15.2807,STEP2: Boundary 0.5,8.1694,18.1496,3.7501,-6.2301,9.7300,4.0987,B,A,21
1,0,1,1,1,1,1,1,1,1,1,12.2193,36.7327,517,0.0000,12.4363,STEP2: Boundary 0.5,7.7763,17.4676,4.4430,-5.2483,9.1927,3.0292,B,A,23
1,0,1,1,1,1,1,1,1,1,1,11.4335,34.4303,518,0.0000,11.2357,STEP2: Boundary 0.5,6.9215,15.9621,4.5120,-4.5286,8.5635,2.6864,B,A,21
0,0,0,0,0,1,1,1,1,1,1,10.1979,31.6986,519,0.0000,10.8750,STEP2: Boundary 0.5,5.9710,14.2459,4.2269,-4.0480,7.8732,2.6330,B,A,23
0,0,0,0,0,1,1,1,1,1,1,16.8819,37.0279,522,0.0000,11.5275,STEP2: Boundary 0.5,7.8894,17.6644,8.9924,-0.7826,13.4265,6.9246,B,A,23
0,0,0,0,0,0,0,1,1,1,1,11.5850,33.6007,520,0.0000,14.1633,STEP2: Boundary 0.5,6.6255,15.4328,4.9595,-3.8479,9.9578,5.1275,B,A,21
1,0,1,1,1,1,1,1,1,1,1,10.7263,38.1061,521,0.0000,13.2487,STEP2: Boundary 0.5,8.3095,18.3912,2.4167,-7.6650,7.6452,1.3384,B,A,22
0,0,0,0,0,0,0,0,0,0,0,12.5351,33.0301,523,0.0000,13.9888,STEP2: Boundary 0.5,6.4257,15.0729,6.1094,-2.5379,10.9722,6.2457,B,A,23
0,0,0,0,0,0,0,0,0,0,0,11.3956,34.0506,526,0.0000,13.5671,STEP2: Boundary 0.5,6.7853,15.7190,4.6104,-4.3234,9.4548,4.3362,B,A,23
1,0,1,1,1,1,1,1,1,1,1,10.7579,33.9339,525,0.0000,11.0166,STEP2: Boundary 0.5,6.7436,15.6446,4.0143,-4.8866,7.9361,2.1320,B,A,22
1,0,1,1,1,1,1,1,1,1,1,11.0566,38.2242,524,0.0000,12.7288,STEP2: Boundary 0.5,8.3562,18.4716,2.7004,-7.4150,7.7377,1.2504,B,A,21
0,0,0,0,0,0,0,0,0,0,0,11.4923,33.8830,527,0.0000,13.0730,STEP2: Boundary 0.5,6.7255,15.6121,4.7667,-4.1199,9.4145,4.2021,B,A,23
1,0,0,1,1,1,1,1,1,1,1,15.4282,38.6711,528,0.0000,12.7943,STEP2: Boundary 0.5,8.5340,18.7769,6.8942,-3.3487,12.0103,5.4195,B,A,22
0,1,0,0,0,0,0,0,0,0,0,11.1383,37.5546,529,0.0000,10.6534,STEP2: Boundary 0.5,8.0933,18.0181,3.0450,-6.8798,7.1948,0.3001,B,A,23
0,0,0,0,0,0,0,0,0,1,1,17.0481,34.8071,531,0.0000,10.0400,STEP2: Exploration (Max σ),7.0580,16.2048,9.9901,0.8433,13.6455,7.3291,A,A,22
1,0,1,1,1,1,1,1,1,1,1,10.1155,35.0981,530,0.0000,11.5234,STEP2: Boundary 0.5,7.1644,16.3932,2.9511,-6.2777,7.1777,1.2004,B,A,21
0,0,0,0,0,0,0,0,0,0,0,18.9547,33.9268,532,inf,18.0971,STEP2: Exploration (Max σ),6.7411,15.6400,12.2136,3.3146,18.6549,14.8429,A,A,22
0,0,0,0,0,0,0,1,1,1,1,12.1485,39.8583,533,4.0000,22.7506,STEP2: Exploration (Max σ),9.0152,19.5976,3.1333,-7.4491,12.4809,8.4173,B,A,21
0,0,0,0,0,0,0,0,0,0,1,15.5730,39.9569,535,inf,21.4670,STEP2: Exploration (Max σ),9.0558,19.6664,6.5172,-4.0934,15.3570,10.8993,B,A,22
0,0,0,0,0,0,0,0,0,0,1,13.9833,32.0629,534,4.9000,16.5409,STEP2: Exploration (Max σ),6.0938,14.4704,7.8895,-0.4871,13.4913,9.7360,B,A,23
0,0,0,0,0,0,0,1,1,1,1,11.2781,31.4254,536,0.0000,12.9152,STEP2: Boundary 0.5,5.8798,14.0785,5.3983,-2.8004,9.6960,5.0981,B,A,21
1,0,1,1,1,1,1,1,1,1,1,12.6088,36.1608,538,0.0000,11.4123,STEP2: Boundary 0.5,7.5594,17.0885,5.0495,-4.4797,9.3476,3.0497,B,A,23
1,0,1,1,1,1,1,1,1,1,1,11.0349,36.8358,537,0.0000,14.2393,STEP2: Boundary 0.5,7.8157,17.5362,3.2191,-6.5014,8.6710,2.9910,B,A,22
1,0,0,1,1,1,1,1,1,1,1,13.1678,34.9881,539,0.0000,12.1974,STEP2: Boundary 0.5,7.1241,16.3219,6.0437,-3.1541,10.5050,4.7477,B,A,21
1,0,0,1,1,1,1,1,1,1,1,13.9238,35.3807,540,0.0000,12.4091,STEP2: Boundary 0.5,7.2684,16.5770,6.6554,-2.6532,11.2392,5.4353,B,A,23
0,0,0,0,0,0,0,0,0,0,1,16.7775,34.7126,541,0.0000,10.0555,STEP2: Exploration (Max σ),7.0237,16.1438,9.7538,0.6337,13.4060,7.1197,A,A,21
0,0,0,0,0,0,0,0,1,1,1,16.6544,34.8439,542,0.0000,10.0289,STEP2: Exploration (Max σ),7.0714,16.2285,9.5830,0.4259,13.2378,6.9082,A,A,23
0,0,0,0,0,0,1,1,1,1,1,10.0695,39.9136,543,1.1000,24.3973,STEP2: Exploration (Max σ),9.0380,19.6362,1.0315,-9.5667,11.0682,7.4618,B,A,21
0,0,0,0,0,0,0,0,0,0,0,14.7155,31.7402,545,2.9000,16.1313,STEP2: Exploration (Max σ),5.9850,14.2715,8.7305,0.4440,14.1454,10.3610,A,A,23
0,0,0,0,0,0,0,1,1,1,1,10.1680,39.9244,546,inf,24.6907,STEP2: Exploration (Max σ),9.0424,19.6437,1.1256,-9.4757,11.2855,7.7603,B,A,21
0,1,0,0,0,1,1,1,1,1,1,10.3245,39.9681,547,0.0000,24.5496,STEP2: Exploration (Max σ),9.0604,19.6743,1.2641,-9.3497,11.3758,7.7987,B,A,23
0,0,0,0,0,0,0,0,0,0,1,17.0786,34.9090,548,1.0000,10.5517,STEP2: Exploration (Max σ),7.0952,16.2706,9.9834,0.8080,13.8351,7.6352,A,A,21
0,0,0,0,0,0,0,0,0,0,0,24.8442,31.5577,549,inf,23.5526,STEP2: Exploration (Max σ),5.9239,14.1595,18.9203,10.6847,26.7865,25.1203,A,A,23
-1,-1,-1,-1,-1,-1,-1,-1,-1,-1,-1,16.93582148063457,34.77611077090482,544,10.439626198871387,STEP2: Exploration (Max σ) [ERROR: TIMEOUT]
0,0,0,0,0,0,0,0,0,0,0,24.8621,31.6577,551,inf,23.2725,STEP2: Exploration (Max σ),5.9573,14.2208,18.9047,10.6412,26.6990,24.9289,A,A,23
0,0,0,0,0,0,0,0,0,1,1,12.5875,32.3809,552,1.5000,20.6534,STEP2: Exploration (Max σ),6.2020,14.6675,6.3856,-2.0799,13.4410,10.7518,B,A,23
-1,-1,-1,-1,-1,-1,-1,-1,-1,-1,-1,18.783918458359814,33.82819240600033,550,18.122415990259537,STEP2: Exploration (Max σ) [ERROR: TIMEOUT]
0,0,0,0,0,0,0,0,0,0,0,23.0884,34.4917,554,3.0000,14.6637,STEP2: Exploration (Max σ),6.9437,16.0015,16.1447,7.0868,21.4407,16.5123,A,A,23
0,0,0,0,0,0,0,0,0,0,0,24.9963,36.9411,555,inf,24.5823,STEP2: Exploration (Max σ),7.8561,17.6065,17.1402,7.3898,26.5761,23.8036,A,A,21
-1,-1,-1,-1,-1,-1,-1,-1,-1,-1,-1,10.051536596679757,39.83515925351391,553,24.321747151906862,STEP2: Exploration (Max σ) [ERROR: TIMEOUT]
1,0,1,1,1,1,1,1,1,1,1,11.3924,35.7945,556,0.0000,12.4468,STEP2: Boundary 0.5,7.4220,16.8476,3.9703,-5.4552,8.6159,2.7104,B,A,23
0,0,0,0,0,0,0,1,1,1,1,11.5694,35.8058,557,0.0000,15.4401,STEP2: Boundary 0.5,7.4263,16.8550,4.1431,-5.2856,9.9074,4.8454,B,A,21
1,0,1,1,1,1,1,1,1,1,1,11.0356,36.9514,558,0.0000,12.6466,STEP2: Boundary 0.5,7.8600,17.6134,3.1756,-6.5778,8.0312,1.8678,B,A,23
1,0,0,1,1,1,1,1,1,1,1,10.9356,33.9420,559,0.0000,15.5873,STEP2: Boundary 0.5,6.7465,15.6498,4.1891,-4.7141,9.7393,5.2178,B,A,22
1,0,1,1,1,1,1,1,1,1,1,14.0130,39.4033,561,0.0000,10.7946,STEP2: Boundary 0.5,8.8293,19.2814,5.1837,-5.2684,9.5734,2.2098,B,A,23
1,0,0,1,1,1,1,1,1,1,1,10.5193,32.6692,560,0.1000,14.4649,STEP2: Boundary 0.5,6.3008,14.8470,4.2185,-4.3277,9.1984,4.7016,B,A,21
1,0,0,1,1,1,1,1,1,1,1,10.5338,33.1179,562,0.0000,14.6404,STEP2: Boundary 0.5,6.4562,15.1281,4.0775,-4.5943,9.1788,4.6114,B,A,22
1,0,0,1,1,1,1,1,1,1,1,11.0685,39.6630,563,0.0000,17.9771,STEP2: Boundary 0.5,8.9352,19.4616,2.1333,-8.3931,9.4871,4.1084,B,A,23
0,0,0,0,0,0,0,1,1,1,1,11.6437,39.1644,564,0.0000,18.6721,STEP2: Boundary 0.5,8.7324,19.1162,2.9113,-7.4725,10.4631,5.4176,B,A,21
1,0,1,1,1,1,1,1,1,1,1,10.1145,33.3464,565,0.0000,10.2987,STEP2: Boundary 0.5,6.5361,15.2720,3.5784,-5.1575,7.1887,1.3422,B,A,22
1,0,1,1,1,1,1,1,1,1,1,13.0930,38.7536,567,0.0000,10.0909,STEP2: Boundary 0.5,8.5670,18.8334,4.5260,-5.7404,8.5688,1.1835,B,A,21
1,0,0,1,1,1,1,1,1,1,1,12.5813,35.1748,566,0.0000,13.9903,STEP2: Boundary 0.5,7.1925,16.4430,5.3888,-3.8617,10.5301,5.2282,B,A,23
1,0,1,1,1,1,1,1,1,1,1,11.7225,39.2311,568,0.0000,10.2304,STEP2: Boundary 0.5,8.7594,19.1622,2.9631,-7.4397,7.1071,-0.3703,B,B,22
1,0,0,1,1,1,1,1,1,1,1,13.1499,31.7489,569,0.0000,10.3693,STEP2: Boundary 0.5,5.9879,14.2768,7.1620,-1.1269,10.6436,5.2487,B,A,21
1,0,1,1,1,1,1,1,1,1,1,10.9079,39.6764,570,0.0000,11.2897,STEP2: Boundary 0.5,8.9407,19.4710,1.9672,-8.5630,6.5868,-0.7105,B,B,23
1,0,1,1,1,1,1,1,1,1,1,11.2674,36.2072,571,0.0000,12.5812,STEP2: Boundary 0.5,7.5768,17.1192,3.6906,-5.8517,8.4344,2.4548,B,A,22
1,0,1,1,1,1,1,1,1,1,1,11.3626,35.0920,572,0.0000,12.6244,STEP2: Boundary 0.5,7.1621,16.3892,4.2004,-5.0266,8.8301,3.1652,B,A,21
1,0,1,1,1,1,1,1,1,1,1,12.2177,33.7214,573,0.0000,11.0148,STEP2: Boundary 0.5,6.6682,15.5094,5.5495,-3.2917,9.4491,3.7020,B,A,23
1,0,0,1,1,1,1,1,1,1,1,10.8541,39.8382,575,0.0000,18.1466,STEP2: Boundary 0.5,9.0070,19.5836,1.8471,-8.7295,9.2997,3.9223,B,A,21
1,0,1,1,1,1,1,1,1,1,1,13.5990,38.9745,574,0.0000,13.6333,STEP2: Boundary 0.5,8.6557,18.9852,4.9432,-5.3862,10.4332,3.9990,B,A,22
1,0,0,1,1,1,1,1,1,1,1,14.8656,35.7476,576,0.0000,10.8441,STEP2: Boundary 0.5,7.4046,16.8169,7.4610,-1.9513,11.5037,5.1577,B,A,23
0,0,0,0,0,0,0,1,1,1,1,13.5520,34.2654,578,0.0000,12.0941,STEP2: Boundary 0.5,6.8622,15.8563,6.6899,-2.3043,11.0324,5.4416,B,A,22
1,0,1,1,1,1,1,1,1,1,1,10.1312,34.1352,577,0.0000,13.8357,STEP2: Boundary 0.5,6.8155,15.7730,3.3157,-5.6419,8.2669,3.2011,B,A,21
1,0,0,1,1,1,1,1,1,1,1,13.5715,35.0183,579,0.0000,13.4688,STEP2: Boundary 0.5,7.1351,16.3414,6.4364,-2.7699,11.3665,5.9597,B,A,23
0,0,0,0,0,0,0,0,1,1,1,14.4532,35.4525,580,0.0000,12.4975,STEP2: Boundary 0.5,7.2949,16.6238,7.1582,-2.1707,11.7831,5.9847,B,A,22
0,0,0,0,0,0,0,0,0,0,0,24.9925,37.7799,581,4.2000,14.3311,STEP2: Exploration (Max σ),8.1813,18.1702,16.8112,6.8224,22.4236,16.5137,A,A,21
0,0,0,0,0,0,0,0,0,0,0,24.8257,37.8477,582,3.2000,14.5895,STEP2: Exploration (Max σ),8.2079,18.2160,16.6178,6.6097,22.3405,16.4859,A,A,23
0,0,0,0,0,0,0,0,0,0,0,17.6506,38.6390,583,2.4000,17.7326,STEP2: Exploration (Max σ),8.5212,18.7549,9.1294,-1.1043,16.2149,11.0424,B,A,21
0,0,0,0,0,0,0,0,0,0,0,20.7298,32.8528,584,inf,22.7751,STEP2: Exploration (Max σ),6.3642,14.9617,14.3656,5.7680,22.2453,20.0273,A,A,22
0,0,0,0,0,0,0,0,1,1,1,10.4664,31.7068,585,2.0000,20.7613,STEP2: Exploration (Max σ),5.9738,14.2510,4.4926,-3.7846,11.4552,8.9717,B,A,23
1,0,1,1,1,1,1,1,1,1,1,13.1208,37.7426,587,0.0000,12.6437,STEP2: Boundary 0.5,8.1667,18.1449,4.9541,-5.0241,9.9012,3.5213,B,A,22
1,0,1,1,1,1,1,1,1,1,1,10.4155,36.1826,588,0.0000,13.7042,STEP2: Boundary 0.5,7.5676,17.1030,2.8479,-6.6875,8.0120,2.3571,B,A,23
1,0,0,1,1,1,1,1,1,1,1,11.0552,31.0905,589,0.0000,12.3940,STEP2: Boundary 0.5,5.7688,13.8742,5.2864,-2.8190,9.3722,4.7185,B,A,22
-1,-1,-1,-1,-1,-1,-1,-1,-1,-1,-1,10.495904766260631,34.56906629999591,586,10.876827293758865,STEP2: Boundary 0.5 [ERROR: TIMEOUT]
1,0,1,1,1,1,1,1,1,1,1,11.5927,35.2405,591,0.0000,10.0918,STEP2: Boundary 0.5,7.2167,16.4857,4.3760,-4.8930,8.0908,1.6707,B,A,22
1,0,1,1,1,1,1,1,1,1,1,10.3466,39.4239,590,0.0000,15.7829,STEP2: Boundary 0.5,8.8376,19.2956,1.5089,-8.9490,7.9302,1.9882,B,A,23
1,0,1,1,1,1,1,1,1,1,1,11.5676,35.3856,592,0.0000,11.2385,STEP2: Boundary 0.5,7.2702,16.5802,4.2974,-5.0126,8.4494,2.3135,B,A,22
0,0,0,0,0,0,1,1,1,1,1,10.5768,35.7599,593,0.0000,16.7879,STEP2: Boundary 0.5,7.4091,16.8249,3.1677,-6.2481,9.4281,4.7595,B,A,23
1,0,1,1,1,1,1,1,1,1,1,11.1318,37.8575,594,0.0000,10.4487,STEP2: Boundary 0.5,8.2117,18.2226,2.9201,-7.0908,7.0195,-0.0167,B,B,21
1,0,1,1,1,1,1,1,1,1,1,11.2022,34.3056,595,0.0000,10.5385,STEP2: Boundary 0.5,6.8766,15.8821,4.3256,-4.6799,8.1136,2.0741,B,A,22
1,0,1,1,1,1,1,1,1,1,1,12.2608,34.2239,598,0.0000,10.5891,STEP2: Boundary 0.5,6.8472,15.8297,5.4135,-3.5690,9.2116,3.2086,B,A,22
1,0,1,1,1,1,1,1,1,1,1,10.0985,38.4816,596,0.0000,14.2602,STEP2: Boundary 0.5,8.4584,18.6471,1.6402,-8.5486,7.3174,1.1967,B,A,23
1,0,1,1,1,1,1,1,1,1,1,10.0800,38.7636,597,0.0000,16.7966,STEP2: Boundary 0.5,8.5710,18.8403,1.5090,-8.7603,8.2399,2.7666,B,A,21
1,0,1,1,1,1,1,1,1,1,1,11.4050,32.4934,600,0.0000,12.3699,STEP2: Boundary 0.5,6.2405,14.7374,5.1646,-3.3324,9.4032,4.3670,B,A,23
1,0,0,1,1,1,1,1,1,1,1,11.4580,39.5373,599,0.0000,17.7497,STEP2: Boundary 0.5,8.8839,19.3743,2.5742,-7.9163,9.8143,4.4045,B,A,22
1,0,1,1,1,1,1,1,1,1,1,11.0468,38.9865,601,0.0000,15.0164,STEP2: Boundary 0.5,8.6606,18.9935,2.3862,-7.9468,8.4347,2.3925,B,A,21
0,0,0,0,0,0,0,0,1,1,1,16.2008,36.6849,604,0.8000,11.2162,STEP2: Boundary 0.5,7.7580,17.4357,8.4428,-1.2349,12.7215,6.2250,B,A,21
1,0,1,1,1,1,1,1,1,1,1,10.5951,38.8827,602,0.0000,14.7254,STEP2: Boundary 0.5,8.6188,18.9221,1.9763,-8.3270,7.8935,1.7963,B,A,23
1,0,0,1,1,1,1,1,1,1,1,11.4826,32.5495,603,0.0000,13.5368,STEP2: Boundary 0.5,6.2597,14.7723,5.2229,-3.2897,9.8684,5.1437,B,A,22
1,0,1,1,1,1,1,1,1,1,1,10.5537,38.2156,606,0.0000,11.4957,STEP2: Boundary 0.5,8.3528,18.4658,2.2009,-7.9121,6.7492,-0.0871,B,B,23
1,0,0,1,1,1,1,1,1,1,1,12.3223,37.8379,605,0.0000,15.6989,STEP2: Boundary 0.5,8.2040,18.2094,4.1182,-5.8871,10.2747,4.7385,B,A,21
1,0,1,1,1,1,1,1,1,1,1,12.7442,38.2437,607,0.0000,14.0912,STEP2: Boundary 0.5,8.3639,18.4849,4.3803,-5.7407,9.9592,3.8550,B,A,22
1,0,0,1,1,1,1,1,1,1,1,12.0725,37.1546,609,0.0000,14.4061,STEP2: Boundary 0.5,7.9382,17.7493,4.1343,-5.6767,9.6926,3.9736,B,A,21
1,0,0,1,1,1,1,1,1,1,1,12.2082,38.1817,608,0.0000,15.2766,STEP2: Boundary 0.5,8.3394,18.4427,3.8688,-6.2344,9.9083,4.1588,B,A,23
1,0,1,1,1,1,1,1,1,1,1,12.6031,38.2109,610,0.0000,10.2265,STEP2: Boundary 0.5,8.3510,18.4626,4.2521,-5.8595,8.2979,1.1010,B,A,21
1,0,1,1,1,1,1,1,1,1,1,12.7052,35.2694,611,0.0000,10.5505,STEP2: Boundary 0.5,7.2273,16.5045,5.4779,-3.7993,9.3644,3.0659,B,A,23
1,0,0,1,1,1,1,1,1,1,1,13.3937,32.7493,613,0.0000,11.1621,STEP2: Boundary 0.5,6.3284,14.8970,7.0653,-1.5033,10.9165,5.4735,B,A,21
1,0,1,1,1,1,1,1,1,1,1,11.7669,31.1209,614,0.0000,10.4929,STEP2: Boundary 0.5,5.7789,13.8927,5.9880,-2.1258,9.4500,4.2587,B,A,21
-1,-1,-1,-1,-1,-1,-1,-1,-1,-1,-1,10.244407376789868,34.55047731553076,612,11.023609621150877,STEP2: Boundary 0.5 [ERROR: TIMEOUT]
0,0,0,0,0,0,0,0,0,1,1,13.8011,31.6958,616,0.0000,10.7445,STEP2: Boundary 0.5,5.9701,14.2442,7.8310,-0.4431,11.4332,6.1573,B,A,21
0,0,0,0,0,0,0,0,1,1,1,13.1311,31.7873,617,0.0000,11.8019,STEP2: Boundary 0.5,6.0008,14.3004,7.1303,-1.1694,11.0970,6.0917,B,A,21
-1,-1,-1,-1,-1,-1,-1,-1,-1,-1,-1,10.950105023915155,34.12695142281738,615,10.408014008145209,STEP2: Boundary 0.5 [ERROR: TIMEOUT]
1,0,1,1,1,1,1,1,1,1,1,10.7820,30.0230,619,0.0000,10.9184,STEP2: Boundary 0.5,5.4222,13.2308,5.3598,-2.4488,8.8512,4.0726,B,A,22
0,0,0,0,0,0,0,0,1,1,1,13.9846,35.0233,618,0.0000,13.4943,STEP2: Boundary 0.5,7.1370,16.3447,6.8477,-2.3600,11.7878,6.3868,B,A,21
1,0,1,1,1,1,1,1,1,1,1,10.5364,30.8368,620,0.0000,11.8723,STEP2: Boundary 0.5,5.6855,13.7202,4.8508,-3.1839,8.7367,4.0056,B,A,22
0,0,0,0,0,0,0,0,0,0,0,23.6925,38.1230,621,inf,20.9861,STEP2: Exploration (Max σ),8.3162,18.4027,15.3763,5.2898,23.6616,19.5549,A,A,21
0,0,0,0,0,0,0,0,0,0,0,16.1897,34.4884,622,inf,18.9958,STEP2: Exploration (Max σ),6.9425,15.9994,9.2473,0.1903,16.1073,12.3997,A,A,22
0,0,0,0,0,0,0,0,0,0,0,23.8582,38.1160,623,inf,20.9257,STEP2: Exploration (Max σ),8.3135,18.3980,15.5448,5.4602,23.8048,19.6827,A,A,23
0,0,0,0,0,0,0,0,0,0,0,22.1269,33.7284,624,4.0000,24.9674,STEP2: Exploration (Max σ),6.6707,15.5139,15.4562,6.6130,24.2970,22.4674,A,A,21
0,0,0,0,0,0,0,0,0,0,0,19.6423,38.4822,625,3.9000,24.9365,STEP2: Exploration (Max σ),8.4586,18.6476,11.1836,0.9947,21.1115,18.0362,A,A,22
1,0,0,1,1,1,1,1,1,1,1,10.5644,37.3607,626,0.0000,15.7680,STEP2: Boundary 0.5,8.0180,17.8876,2.5465,-7.3231,8.6603,3.2727,B,A,23
1,0,1,1,1,1,1,1,1,1,1,10.2275,38.6124,627,0.0000,11.6394,STEP2: Boundary 0.5,8.5105,18.7366,1.7170,-8.5091,6.3649,-0.5394,B,B,21
1,0,0,1,1,1,1,1,1,1,1,12.8211,34.5585,628,0.0000,14.5058,STEP2: Boundary 0.5,6.9678,16.0445,5.8533,-3.2234,11.1012,6.1104,B,A,22
1,0,1,1,1,1,1,1,1,1,1,11.6577,39.9810,630,0.0000,12.1644,STEP2: Boundary 0.5,9.0657,19.6832,2.5920,-8.0255,7.6039,0.4732,B,A,21
1,0,1,1,1,1,1,1,1,1,1,11.8365,38.6278,629,0.0000,15.3307,STEP2: Boundary 0.5,8.5167,18.7472,3.3198,-6.9107,9.4441,3.5890,B,A,23
1,0,0,1,1,1,1,1,1,1,1,15.2337,35.4668,632,0.0000,10.1398,STEP2: Boundary 0.5,7.3002,16.6331,7.9334,-1.3995,11.6871,5.2188,B,A,21
1,0,1,1,1,1,1,1,1,1,1,11.7125,35.8249,631,0.0000,13.2506,STEP2: Boundary 0.5,7.4334,16.8676,4.2791,-5.1551,9.2283,3.5419,B,A,22
0,0,0,0,0,0,0,1,1,1,1,11.1197,31.0071,633,0.0000,13.6775,STEP2: Boundary 0.5,5.7414,13.8235,5.3783,-2.7038,9.8766,5.6026,B,A,23
0,0,0,0,0,0,0,1,1,1,1,14.8906,38.4238,634,0.0000,13.2332,STEP2: Boundary 0.5,8.4354,18.6076,6.4552,-3.7171,11.7165,5.3185,B,A,21
1,0,1,1,1,1,1,1,1,1,1,11.1289,36.9469,635,0.0000,11.7720,STEP2: Boundary 0.5,7.8583,17.6104,3.2706,-6.4815,7.7899,1.3795,B,A,22
0,0,0,0,0,0,0,0,0,0,0,23.7228,37.9767,636,inf,21.0221,STEP2: Exploration (Max σ),8.2586,18.3034,15.4643,5.4194,23.7353,19.6776,A,A,23
0,0,0,0,0,0,0,0,0,0,0,23.6811,38.1319,637,inf,20.8628,STEP2: Exploration (Max σ),8.3197,18.4088,15.3614,5.2723,23.5997,19.4555,A,A,21
0,0,0,0,0,0,0,0,0,0,0,19.4324,35.5238,638,inf,17.3623,STEP2: Exploration (Max σ),7.3213,16.6704,12.1110,2.7620,18.5476,14.1045,A,A,22
0,0,0,0,0,0,0,0,0,0,0,14.9180,34.8855,639,3.9000,18.0509,STEP2: Exploration (Max σ),7.0866,16.2554,7.8314,-1.3375,14.4165,10.3375,B,A,23
0,0,0,0,0,0,0,0,0,0,0,15.8415,34.6856,640,inf,18.6691,STEP2: Exploration (Max σ),7.0138,16.1263,8.8277,-0.2848,15.6038,11.7521,B,A,22
1,0,1,1,1,1,1,1,1,1,1,11.8006,30.6876,642,0.0000,10.1856,STEP2: Boundary 0.5,5.6368,13.6300,6.1638,-1.8294,9.4835,4.3232,B,A,21
1,0,1,1,1,1,1,1,1,1,1,12.6272,31.0377,641,0.0000,10.7028,STEP2: Boundary 0.5,5.7515,13.8421,6.8758,-1.2149,10.3988,5.2883,B,A,23
1,0,1,1,1,1,1,1,1,1,1,13.6761,38.1754,643,0.0000,10.2177,STEP2: Boundary 0.5,8.3369,18.4384,5.3391,-4.7624,9.3780,2.1885,B,A,21
1,0,1,1,1,1,1,1,1,1,1,12.8028,39.7450,644,0.0000,11.7601,STEP2: Boundary 0.5,8.9688,19.5187,3.8341,-6.7158,8.6536,1.4721,B,A,23
1,0,1,1,1,1,1,1,1,1,1,13.1902,37.8823,645,0.0000,10.2439,STEP2: Boundary 0.5,8.2215,18.2395,4.9688,-5.0492,8.9902,1.8889,B,A,21
0,0,0,0,0,1,1,1,1,1,1,15.5576,36.1583,648,0.0000,15.9999,STEP2: Exploration (Max σ),7.5584,17.0869,7.9992,-1.5293,14.0248,9.0265,B,A,21
0,0,0,0,0,0,0,0,0,0,0,23.3393,31.8026,647,3.8000,13.4301,STEP2: Exploration (Max σ),6.0060,14.3099,17.3334,9.0294,21.8493,17.2943,A,A,22
0,0,0,0,0,0,0,0,0,1,1,15.1756,35.9407,646,inf,16.3398,STEP2: Exploration (Max σ),7.4767,16.9436,7.6989,-1.7680,13.8195,8.9758,B,A,23
0,0,0,0,0,0,0,0,0,0,0,12.6249,30.0689,649,0.0000,19.1694,STEP2: Exploration (Max σ),5.4369,13.2582,7.1880,-0.6334,13.3259,10.8252,B,A,21
0,0,0,0,0,0,0,0,0,0,0,19.0796,35.7129,650,2.6000,16.0402,STEP2: Exploration (Max σ),7.3916,16.7941,11.6879,2.2855,17.6625,12.7951,A,A,22
0,1,0,0,0,0,0,0,0,0,0,11.9693,32.1377,651,0.0000,12.6036,STEP2: Boundary 0.5,6.1192,14.5167,5.8502,-2.5473,10.1273,5.2519,B,A,21
0,1,0,0,0,0,0,0,0,0,0,11.0804,38.5891,653,0.0000,17.6545,STEP2: Boundary 0.5,8.5012,18.7207,2.5791,-7.6403,9.6253,4.4439,B,A,21
1,0,1,1,1,1,1,1,1,1,1,14.1135,38.8575,652,0.0000,13.6003,STEP2: Boundary 0.5,8.6087,18.9048,5.5048,-4.7913,10.9667,4.5550,B,A,22
0,1,0,0,0,0,0,0,0,0,0,12.1542,38.5931,655,0.0000,13.7455,STEP2: Boundary 0.5,8.5028,18.7234,3.6514,-6.5692,9.1379,2.8399,B,A,21
0,1,0,0,0,0,0,0,0,0,0,24.8775,35.4347,657,0.0000,18.5769,STEP2: Exploration (Max σ),7.2883,16.6122,17.5891,8.2653,24.4607,20.3844,A,A,21
0,0,0,0,0,0,0,0,0,0,1,15.3400,36.0771,656,3.9000,16.5552,STEP2: Exploration (Max σ),7.5279,17.0334,7.8121,-1.6934,14.0344,9.2151,B,A,22
0,1,0,0,0,0,0,0,0,0,0,19.2637,33.0929,658,0.0000,13.0046,STEP2: Exploration (Max σ),6.4475,15.1124,12.8161,4.1513,17.3444,12.3251,A,A,21
0,0,0,0,0,0,0,0,0,0,0,22.2667,30.9980,659,inf,21.9856,STEP2: Exploration (Max σ),5.7384,13.8180,16.5283,8.4487,23.7572,21.7986,A,A,22
-1,-1,-1,-1,-1,-1,-1,-1,-1,-1,-1,14.45259541930764,39.018376000413795,654,12.91782209057109,STEP2: Boundary 0.5 [ERROR: TIMEOUT]
0,0,0,0,0,0,0,0,0,1,1,12.7752,30.1507,660,inf,19.1584,STEP2: Exploration (Max σ),5.4631,13.3072,7.3121,-0.5320,13.4610,10.9360,B,A,22
1,0,1,1,1,1,1,1,1,1,1,12.7323,37.6877,662,0.0000,11.2451,STEP2: Boundary 0.5,8.1452,18.1078,4.5871,-5.3755,8.9813,2.2184,B,A,22
1,0,0,1,1,1,1,1,1,1,1,15.5043,35.0976,664,0.0000,10.2160,STEP2: Boundary 0.5,7.1642,16.3929,8.3401,-0.8886,12.0871,5.7411,B,A,22
1,0,1,1,1,1,1,1,1,1,1,10.4225,35.2798,663,0.0000,13.1588,STEP2: Boundary 0.5,7.2312,16.5113,3.1914,-6.0887,8.0399,2.4750,B,A,23
-1,-1,-1,-1,-1,-1,-1,-1,-1,-1,-1,13.611138124555989,35.49546632800231,661,10.979077296611433,STEP2: Boundary 0.5 [ERROR: TIMEOUT]
1,0,1,1,1,1,1,1,1,1,1,12.6506,34.8080,665,0.0000,11.3299,STEP2: Boundary 0.5,7.0584,16.2054,5.5923,-3.5547,9.7174,3.7643,B,A,22
0,0,0,0,0,0,0,0,0,0,0,24.9671,31.6511,666,inf,15.4120,STEP2: Exploration (Max σ),5.9551,14.2167,19.0120,10.7504,24.1727,20.2112,A,A,23
0,0,0,0,0,0,0,0,0,0,0,20.8040,30.0051,667,inf,18.8136,STEP2: Exploration (Max σ),5.4165,13.2201,15.3875,7.5839,21.4004,18.8175,A,A,22
0,0,0,0,0,0,0,0,0,0,0,20.5208,36.0310,669,2.3000,11.2886,STEP2: Exploration (Max σ),7.5106,17.0030,13.0102,3.5177,17.2482,10.9506,A,A,23
0,0,0,0,0,0,0,0,0,0,0,22.4322,39.8140,670,4.4000,17.5041,STEP2: Exploration (Max σ),8.9970,19.5667,13.4352,2.8655,20.6199,15.0650,A,A,23
-1,-1,-1,-1,-1,-1,-1,-1,-1,-1,-1,22.780512660571056,37.11349453450106,668,17.630225666941165,STEP2: Exploration (Max σ) [ERROR: TIMEOUT]
0,0,0,0,0,0,0,0,0,0,0,22.6319,39.9955,672,3.8000,17.8340,STEP2: Exploration (Max σ),9.0717,19.6934,13.5602,2.9385,20.9104,15.4009,A,A,23
0,0,0,0,0,0,0,0,0,0,0,24.9467,35.5917,673,inf,18.4913,STEP2: Exploration (Max σ),7.3465,16.7147,17.6002,8.2320,24.4670,20.3248,A,A,23
0,0,0,0,0,0,0,0,0,0,0,17.4936,33.2945,674,inf,19.8087,STEP2: Exploration (Max σ),6.5179,15.2393,10.9757,2.2543,17.9102,14.7454,A,A,21
-1,-1,-1,-1,-1,-1,-1,-1,-1,-1,-1,24.87004821671521,31.560240385377607,671,15.447385877729996,STEP2: Exploration (Max σ) [ERROR: TIMEOUT]
0,0,0,0,0,0,0,0,0,0,0,22.3544,30.7767,675,inf,21.9916,STEP2: Exploration (Max σ),5.6658,13.6838,16.6886,8.6706,23.8743,21.9745,A,A,23
1,0,1,1,1,1,1,1,1,1,1,10.2888,31.2502,676,0.0000,12.0866,STEP2: Boundary 0.5,5.8216,13.9714,4.4672,-3.6827,8.4695,3.6874,B,A,21
0,0,0,0,0,0,0,0,0,0,0,14.4154,38.2541,677,1.4000,11.2272,STEP2: Boundary 0.5,8.3681,18.4920,6.0474,-4.0765,10.4935,3.5700,B,A,23
0,0,0,0,0,0,0,0,1,1,1,13.2227,34.8470,678,1.5000,14.8397,STEP2: Boundary 0.5,7.0725,16.2305,6.1501,-3.0079,11.5585,6.5844,B,A,21
1,0,1,1,1,1,1,1,1,1,1,13.6102,35.4449,679,0.0000,10.7372,STEP2: Boundary 0.5,7.2921,16.6188,6.3181,-3.0086,10.2908,3.9972,B,A,23
1,0,1,1,1,1,1,1,1,1,1,10.2275,37.8675,680,0.0000,12.4613,STEP2: Boundary 0.5,8.2157,18.2294,2.0118,-8.0020,6.9020,0.4360,B,A,22
1,0,1,1,1,1,1,1,1,1,1,11.0559,36.2236,681,0.0000,14.3037,STEP2: Boundary 0.5,7.5830,17.1300,3.4728,-6.0742,8.8682,3.3721,B,A,21
0,0,0,0,0,0,0,1,1,1,1,13.9560,35.7456,682,0.0000,12.8821,STEP2: Boundary 0.5,7.4038,16.8155,6.5522,-2.8595,11.3543,5.5852,B,A,22
0,0,0,0,0,0,0,1,1,1,1,10.9778,34.8506,683,0.0000,16.1655,STEP2: Boundary 0.5,7.0739,16.2329,3.9039,-5.2551,9.7961,5.1947,B,A,21
1,0,1,1,1,1,1,1,1,1,1,13.2031,38.9190,684,0.0000,12.4701,STEP2: Boundary 0.5,8.6334,18.9470,4.5697,-5.7440,9.5848,2.8335,B,A,22
1,0,1,1,1,1,1,1,1,1,1,13.1315,38.9353,685,0.0000,11.7257,STEP2: Boundary 0.5,8.6400,18.9583,4.4915,-5.8268,9.2090,2.2406,B,A,23
0,0,0,0,0,0,0,1,1,1,1,10.4688,33.0053,686,0.0000,16.4761,STEP2: Boundary 0.5,6.4170,15.0573,4.0518,-4.5885,9.7755,5.7526,B,A,21
1,0,1,1,1,1,1,1,1,1,1,10.3930,30.7658,687,0.0000,11.1139,STEP2: Boundary 0.5,5.6623,13.6772,4.7308,-3.2842,8.3611,3.4380,B,A,22
1,0,1,1,1,1,1,1,1,1,1,10.0648,30.4382,688,0.0000,11.7498,STEP2: Boundary 0.5,5.5558,13.4797,4.5090,-3.4149,8.3114,3.6527,B,A,23
1,0,0,1,1,1,1,1,1,1,1,11.2563,30.5857,689,0.0000,12.6169,STEP2: Boundary 0.5,5.6036,13.5685,5.6527,-2.3122,9.7530,5.2960,B,A,21
1,0,0,1,1,1,1,1,1,1,1,11.3416,30.7461,690,0.0000,12.9593,STEP2: Boundary 0.5,5.6559,13.6654,5.6857,-2.3238,9.9165,5.5120,B,A,22
0,0,0,0,0,0,0,0,0,0,0,19.6291,32.9115,691,2.5000,12.8176,STEP2: Exploration (Max σ),6.3845,14.9985,13.2446,4.6306,17.6863,12.6633,A,A,23
0,0,0,0,0,0,0,0,0,0,1,13.7637,36.7224,692,1.8000,22.2562,STEP2: Exploration (Max σ),7.7723,17.4607,5.9914,-3.6970,14.4893,11.1141,B,A,21
0,0,0,0,0,0,0,0,0,0,0,17.2817,39.5428,693,inf,22.7546,STEP2: Exploration (Max σ),8.8861,19.3781,8.3956,-2.0964,17.6783,13.6996,B,A,22
0,0,0,0,0,0,0,0,0,0,0,23.2721,37.3300,694,3.8000,17.8168,STEP2: Exploration (Max σ),8.0060,17.8669,15.2661,5.4052,22.1693,17.3722,A,A,23
0,0,0,0,0,0,0,0,0,0,0,24.9940,37.5884,695,4.5000,17.5612,STEP2: Exploration (Max σ),8.1065,18.0408,16.8876,6.9532,23.7337,18.7947,A,A,22
0,0,0,0,0,0,0,0,0,0,0,24.9915,37.3946,696,4.1000,17.0098,STEP2: Exploration (Max σ),8.0311,17.9103,16.9604,7.0812,23.5610,18.5172,A,A,23
0,0,0,0,0,0,0,0,0,0,0,17.7721,36.6096,697,2.2000,14.1037,STEP2: Exploration (Max σ),7.7293,17.3857,10.0427,0.3863,15.4131,9.7559,A,A,21
0,0,0,0,0,0,0,0,0,0,0,18.1954,39.2436,698,inf,22.8407,STEP2: Exploration (Max σ),8.7644,19.1708,9.4309,-0.9755,18.6855,14.8108,B,A,22
0,0,0,0,0,0,0,0,0,0,0,17.8180,39.2646,699,inf,22.8381,STEP2: Exploration (Max σ),8.7730,19.1854,9.0450,-1.3674,18.3030,14.4220,B,A,23
0,0,0,0,0,0,0,0,0,0,0,23.6464,37.2790,700,3.4000,17.6565,STEP2: Exploration (Max σ),7.9863,17.8327,15.6601,5.8137,22.4928,17.6638,A,A,21
0,0,0,0,0,0,0,0,0,0,0,17.6706,30.0156,701,3.7000,20.9529,STEP2: Exploration (Max σ),5.4199,13.2264,12.2508,4.4442,18.9494,16.9575,A,A,22
0,0,0,0,0,0,0,0,0,0,0,18.1369,30.0102,702,3.1000,21.1710,STEP2: Exploration (Max σ),5.4181,13.2232,12.7188,4.9137,19.4861,17.5561,A,A,23
0,0,0,0,0,0,0,0,0,0,0,24.9959,37.6298,703,inf,17.3212,STEP2: Exploration (Max σ),8.1226,18.0688,16.8732,6.9271,23.6325,18.6140,A,A,21
0,0,0,0,0,0,0,0,1,1,1,12.4598,34.8381,704,1.6000,19.9247,STEP2: Exploration (Max σ),7.0693,16.2248,5.3905,-3.7650,12.6505,9.1124,B,A,23
0,0,0,0,0,0,0,0,0,0,0,18.1214,30.2443,705,3.7000,21.2346,STEP2: Exploration (Max σ),5.4932,13.3632,12.6282,4.7582,19.4619,17.4892,A,A,21
0,0,0,0,0,0,0,1,1,1,1,10.4546,38.2926,706,inf,24.9824,STEP2: Exploration (Max σ),8.3833,18.5182,2.0713,-8.0636,11.9735,8.9610,B,A,23
0,0,0,0,0,0,0,1,1,1,1,10.0189,33.4235,707,1.9000,21.5041,STEP2: Exploration (Max σ),6.5632,15.3207,3.4558,-5.3018,11.0095,8.2866,B,A,21
0,0,0,0,0,0,0,0,0,0,0,18.0048,33.2925,709,inf,15.5666,STEP2: Exploration (Max σ),6.5172,15.2380,11.4876,2.7668,16.9367,12.5825,A,A,23
0,0,0,0,0,0,0,0,0,0,0,17.5984,36.4394,710,1.8000,14.1062,STEP2: Exploration (Max σ),7.6647,17.2728,9.9338,0.3257,15.2829,9.6725,A,A,21
-1,-1,-1,-1,-1,-1,-1,-1,-1,-1,-1,24.970553879423075,30.455250637159853,708,19.540306871353636,STEP2: Exploration (Max σ) [ERROR: TIMEOUT]
1,0,1,1,1,1,1,1,1,1,1,12.7675,34.7990,711,0.0000,11.8442,STEP2: Boundary 0.5,7.0551,16.1995,5.7124,-3.4321,10.0238,4.2181,B,A,21
1,0,0,1,1,1,1,1,1,1,1,14.1198,39.4432,713,0.0000,13.7182,STEP2: Boundary 0.5,8.8455,19.3090,5.2743,-5.1892,10.8580,4.3199,B,A,21
1,0,0,1,1,1,1,1,1,1,1,13.9241,34.8613,714,0.0000,11.7626,STEP2: Boundary 0.5,7.0778,16.2398,6.8463,-2.3157,11.1348,5.2893,B,A,21
-1,-1,-1,-1,-1,-1,-1,-1,-1,-1,-1,12.166117644995731,35.11231962636993,712,14.385255242700067,STEP2: Boundary 0.5 [ERROR: TIMEOUT]
1,0,1,1,1,1,1,1,1,1,1,16.2926,39.1948,716,0.0000,10.6851,STEP2: Boundary 0.5,8.7447,19.1371,7.5480,-2.8445,11.8725,4.5352,B,A,21
-1,-1,-1,-1,-1,-1,-1,-1,-1,-1,-1,11.940288005668027,32.93049118693919,715,14.203363423038896,STEP2: Boundary 0.5 [ERROR: TIMEOUT]
1,0,1,1,1,1,1,1,1,1,1,10.0931,34.6043,717,0.0000,14.1157,STEP2: Boundary 0.5,6.9844,16.0740,3.1087,-5.9809,8.2215,3.1085,B,A,21
1,0,0,1,1,1,1,1,1,1,1,11.1916,38.5639,719,0.0000,17.8653,STEP2: Boundary 0.5,8.4912,18.7034,2.7004,-7.5118,9.8266,4.7121,B,A,21
0,0,0,0,0,0,0,1,1,1,1,12.7168,37.9940,720,0.0000,16.1229,STEP2: Boundary 0.5,8.2654,18.3151,4.4514,-5.5984,10.7975,5.3399,B,A,21
0,0,0,0,0,0,0,1,1,1,1,13.3895,35.0080,721,0.5000,14.3558,STEP2: Boundary 0.5,7.1314,16.3348,6.2581,-2.9453,11.5115,6.3577,B,A,22
-1,-1,-1,-1,-1,-1,-1,-1,-1,-1,-1,11.00078601711548,32.05172311450548,718,12.040166279477623,STEP2: Boundary 0.5 [ERROR: TIMEOUT]
1,0,0,1,1,1,1,1,1,1,1,12.8301,30.6997,722,0.0000,10.0279,STEP2: Boundary 0.5,5.6407,13.6373,7.1894,-0.8072,10.4589,5.2514,B,A,21
1,0,1,1,1,1,1,1,1,1,1,10.2869,31.9963,723,0.0000,11.3400,STEP2: Boundary 0.5,6.0713,14.4293,4.2157,-4.1423,8.0491,2.8587,B,A,22
1,0,1,1,1,1,1,1,1,1,1,12.8912,35.9813,724,0.0000,10.0250,STEP2: Boundary 0.5,7.4919,16.9703,5.3993,-4.0791,9.1583,2.5167,B,A,21
1,0,1,1,1,1,1,1,1,1,1,10.6460,31.8151,725,0.0000,14.1353,STEP2: Boundary 0.5,6.0101,14.3175,4.6359,-3.6715,9.3905,5.0291,B,A,22
0,0,0,0,0,0,0,0,0,0,0,24.9795,30.3116,726,inf,20.1818,STEP2: Exploration (Max σ),5.5149,13.4036,19.4646,11.5759,25.9721,23.6895,A,A,21
0,0,0,0,0,0,0,0,0,1,1,10.8002,30.0638,728,2.4000,22.6431,STEP2: Exploration (Max σ),5.4353,13.2552,5.3649,-2.4550,12.6140,11.0788,B,A,22
0,0,0,0,0,0,0,0,0,0,0,24.7983,31.1620,727,inf,19.0488,STEP2: Exploration (Max σ),5.7924,13.9177,19.0058,10.8805,25.2980,22.4790,A,A,23
0,0,0,0,0,0,0,0,0,0,0,21.2278,30.0466,729,4.0000,11.6722,STEP2: Exploration (Max σ),5.4297,13.2449,15.7981,7.9830,19.5330,14.9574,A,A,21
0,0,0,0,0,0,0,0,0,0,1,14.1780,33.5942,731,1.7000,16.3124,STEP2: Exploration (Max σ),6.6232,15.4288,7.5547,-1.2508,13.3105,9.0853,B,A,23
0,0,0,0,0,0,0,0,0,0,0,22.7851,36.6678,730,inf,20.1567,STEP2: Exploration (Max σ),7.7515,17.4244,15.0336,5.3607,22.7197,18.7634,A,A,22
0,1,0,0,0,1,1,1,1,1,1,17.0855,39.9501,733,0.0000,16.7212,STEP2: Exploration (Max σ),9.0530,19.6617,8.0325,-2.5762,14.9170,9.1009,B,A,23
0,0,0,0,0,0,0,0,0,0,0,16.8976,34.5745,732,4.4000,24.1711,STEP2: Exploration (Max σ),6.9736,16.0548,9.9240,0.8428,18.6722,16.3998,A,A,21
0,0,0,0,0,0,0,0,0,0,0,14.3117,30.0023,734,2.4000,23.0067,STEP2: Exploration (Max σ),5.4156,13.2184,8.8962,1.0933,16.2486,14.8300,A,A,22
0,0,0,0,0,0,0,0,0,0,0,24.1009,36.4020,737,2.2000,10.0827,STEP2: Exploration (Max σ),7.6505,17.2480,16.4504,6.8529,20.2704,13.5299,A,A,22
0,0,0,0,0,0,0,0,0,0,0,21.4204,34.2726,735,3.6000,21.1252,STEP2: Exploration (Max σ),6.8647,15.8609,14.5556,5.5594,22.1424,19.0910,A,A,23
0,0,0,0,0,0,0,0,0,0,0,24.8732,31.0496,736,inf,19.2354,STEP2: Exploration (Max σ),5.7554,13.8494,19.1179,11.0239,25.4516,22.7139,A,A,21
0,0,0,0,0,0,0,0,0,0,0,14.3071,30.0691,740,3.9000,23.3512,STEP2: Exploration (Max σ),5.4370,13.2583,8.8702,1.0488,16.3471,15.0070,A,A,21
0,0,0,0,0,0,0,0,0,0,0,16.2484,31.5288,738,2.2000,17.8887,STEP2: Exploration (Max σ),5.9142,14.1417,10.3341,2.1066,16.3039,13.0655,A,A,22
0,0,0,0,0,0,0,0,0,0,0,16.9530,34.3434,739,inf,24.5331,STEP2: Exploration (Max σ),6.8902,15.9063,10.0628,1.0467,18.8896,16.7789,A,A,23
1,0,1,1,1,1,1,1,1,1,1,12.8847,32.9023,741,0.0000,10.2565,STEP2: Boundary 0.5,6.3813,14.9928,6.5034,-2.1080,10.0567,4.3186,B,A,23
0,1,0,0,0,1,1,1,1,1,1,14.8696,38.5207,742,0.0000,13.1713,STEP2: Boundary 0.5,8.4739,18.6739,6.3956,-3.8043,11.6442,5.2021,B,A,23
1,0,1,1,1,1,1,1,1,1,1,10.0580,39.1061,743,0.0000,14.2366,STEP2: Boundary 0.5,8.7088,19.0759,1.3492,-9.0179,7.0994,0.8017,B,A,21
0,0,0,0,0,0,0,1,1,1,1,14.1818,39.0162,744,0.0000,14.2211,STEP2: Boundary 0.5,8.6725,19.0139,5.5092,-4.8322,11.2414,4.9638,B,A,23
1,0,1,1,1,1,1,1,1,1,1,10.5696,35.9736,745,0.0000,14.5623,STEP2: Boundary 0.5,7.4890,16.9652,3.0806,-6.3956,8.5399,3.1844,B,A,22
1,0,1,1,1,1,1,1,1,1,1,10.0386,31.2238,746,0.0000,11.4031,STEP2: Boundary 0.5,5.8129,13.9553,4.2258,-3.9167,7.9989,3.0336,B,A,21
1,0,1,1,1,1,1,1,1,1,1,10.0551,30.2387,747,0.0000,12.2678,STEP2: Boundary 0.5,5.4914,13.3599,4.5637,-3.3048,8.5111,4.0495,B,A,22
0,0,0,0,0,0,0,0,1,1,1,12.6760,34.2605,748,0.0000,14.9552,STEP2: Boundary 0.5,6.8604,15.8532,5.8156,-3.1772,11.1848,6.4004,B,A,21
1,0,1,1,1,1,1,1,1,1,1,11.4894,30.3157,749,0.0000,11.0918,STEP2: Boundary 0.5,5.5162,13.4061,5.9732,-1.9167,9.5501,4.7414,B,A,22
1,0,1,1,1,1,1,1,1,1,1,10.6098,39.1820,750,0.0000,10.6763,STEP2: Boundary 0.5,8.7395,19.1283,1.8703,-8.5186,6.1900,-1.1464,B,B,21
1,0,1,1,1,1,1,1,1,1,1,13.3599,39.1276,752,0.0000,11.3059,STEP2: Boundary 0.5,8.7175,19.0907,4.6424,-5.7309,9.2111,2.0698,B,A,22
1,0,0,1,1,1,1,1,1,1,1,10.0935,34.1579,753,0.0000,16.4611,STEP2: Boundary 0.5,6.8236,15.7875,3.2699,-5.6940,9.1641,4.8308,B,A,21
1,0,1,1,1,1,1,1,1,1,1,10.3665,35.1057,755,0.0000,10.7454,STEP2: Boundary 0.5,7.1671,16.3981,3.1994,-6.0316,7.1413,0.9424,B,A,21
1,0,1,1,1,1,1,1,1,1,1,10.6321,35.9193,754,0.0000,14.5317,STEP2: Boundary 0.5,7.4687,16.9295,3.1634,-6.2974,8.6039,3.2544,B,A,22
-1,-1,-1,-1,-1,-1,-1,-1,-1,-1,-1,11.865307129068473,33.428367045660735,751,10.13358319605045,STEP2: Boundary 0.5 [ERROR: TIMEOUT]
1,0,1,1,1,1,1,1,1,1,1,10.7287,30.8839,757,0.0000,10.2623,STEP2: Boundary 0.5,5.7009,13.7488,5.0277,-3.0201,8.3911,3.1993,B,A,22
1,0,0,1,1,1,1,1,1,1,1,13.0664,38.2254,756,0.0000,14.8215,STEP2: Boundary 0.5,8.3567,18.4724,4.7097,-5.4061,10.5752,4.6841,B,A,21
1,0,1,1,1,1,1,1,1,1,1,13.4028,36.3536,758,0.0000,10.0165,STEP2: Boundary 0.5,7.6322,17.2160,5.7706,-3.8132,9.5610,2.8150,B,A,22
1,0,0,1,1,1,1,1,1,1,1,13.7704,37.5861,759,0.0000,12.8717,STEP2: Boundary 0.5,8.1056,18.0392,5.6649,-4.2688,10.6826,4.4103,B,A,21
1,0,1,1,1,1,1,1,1,1,1,14.2635,36.1805,760,0.0000,10.8033,STEP2: Boundary 0.5,7.5668,17.1016,6.6967,-2.8380,10.7675,4.2918,B,A,22
0,0,0,0,0,0,0,0,0,0,0,14.9248,32.0099,762,2.2000,22.3927,STEP2: Exploration (Max σ),6.0759,14.4377,8.8490,0.4872,16.4216,14.3149,A,A,21
0,0,0,0,0,0,0,0,0,0,0,15.3729,32.1119,763,3.7000,22.4720,STEP2: Exploration (Max σ),6.1104,14.5007,9.2625,0.8722,16.8831,14.7722,A,A,22
0,1,0,0,0,1,1,1,1,1,1,24.9773,39.9775,765,0.0000,11.2132,STEP2: Exploration (Max σ),9.0643,19.6808,15.9130,5.2964,20.5326,13.1302,A,A,22
0,0,0,0,0,0,0,0,0,0,0,15.0411,31.9948,764,4.0000,22.5059,STEP2: Exploration (Max σ),6.0707,14.4283,8.9704,0.6128,16.5782,14.5070,A,A,21
-1,-1,-1,-1,-1,-1,-1,-1,-1,-1,-1,17.214279991008524,39.92753246650589,761,16.759635191903428,STEP2: Exploration (Max σ) [ERROR: TIMEOUT]
0,0,0,0,0,0,0,1,1,1,1,10.0331,35.2213,768,4.5000,23.4198,STEP2: Exploration (Max σ),7.2096,16.4732,2.8235,-6.4401,11.4401,8.7874,B,A,23
-1,-1,-1,-1,-1,-1,-1,-1,-1,-1,-1,14.343424019380668,36.546925010790595,766,18.474585332929095,STEP2: Exploration (Max σ) [ERROR: TIMEOUT]
-1,-1,-1,-1,-1,-1,-1,-1,-1,-1,-1,23.49407216414813,35.07622401510389,767,22.013128927403585,STEP2: Exploration (Max σ) [ERROR: TIMEOUT]
0,0,0,0,0,0,0,0,0,0,0,22.8201,33.2871,769,inf,22.5842,STEP2: Exploration (Max σ),6.5153,15.2346,16.3048,7.5855,24.2094,21.8251,A,A,23
0,0,0,0,0,0,0,0,0,0,1,16.6097,31.2582,770,1.1000,10.1990,STEP2: Exploration (Max σ),5.8243,13.9764,10.7854,2.6333,14.1634,8.8533,A,A,23
0,0,0,0,0,0,0,0,0,0,0,14.4433,32.0056,771,3.6000,21.7640,STEP2: Exploration (Max σ),6.0744,14.4350,8.3689,0.0084,15.7281,13.4469,A,A,21
0,0,0,0,0,0,0,0,0,0,0,19.5576,33.6681,772,inf,24.9593,STEP2: Exploration (Max σ),6.6493,15.4756,12.9083,4.0820,21.7322,19.9159,A,A,23
0,0,0,0,0,0,0,0,0,0,1,14.5265,36.7012,773,inf,18.6093,STEP2: Exploration (Max σ),7.7643,17.4466,6.7623,-2.9201,13.8641,9.4601,B,A,21
0,0,0,0,0,0,0,0,0,0,0,23.4792,35.1275,774,inf,22.1741,STEP2: Exploration (Max σ),7.1752,16.4123,16.3040,7.0669,24.4431,21.4633,A,A,22
0,0,0,0,0,0,0,0,0,0,0,19.6210,31.2702,775,inf,22.9199,STEP2: Exploration (Max σ),5.8282,13.9837,13.7928,5.6373,21.3866,19.6180,A,A,23
0,0,0,0,0,0,0,0,0,0,0,24.8887,39.8627,776,inf,19.7357,STEP2: Exploration (Max σ),9.0170,19.6007,15.8717,5.2880,23.9813,19.0526,A,A,21
0,0,0,0,0,0,0,0,0,0,0,15.4040,32.1298,778,inf,22.5231,STEP2: Exploration (Max σ),6.1165,14.5118,9.2875,0.8922,16.9293,14.8280,A,A,23
0,0,0,0,0,0,0,1,1,1,1,12.0024,36.2864,777,1.1000,24.9492,STEP2: Exploration (Max σ),7.6067,17.1715,4.3957,-5.1691,13.8212,11.3235,B,A,22
0,0,0,0,0,0,0,0,0,0,0,21.6606,34.5662,780,inf,10.0659,STEP2: Exploration (Max σ),6.9706,16.0495,14.6900,5.6111,18.3324,12.0889,A,A,23
0,0,0,0,0,0,0,0,0,0,0,23.1170,35.0329,779,inf,22.1165,STEP2: Exploration (Max σ),7.1405,16.3509,15.9766,6.7661,24.0751,21.1039,A,A,21
0,0,0,0,0,0,0,0,0,0,0,23.4963,34.9511,781,inf,22.3051,STEP2: Exploration (Max σ),7.1105,16.2979,16.3857,7.1984,24.5364,21.6398,A,A,22
0,0,0,0,0,0,0,0,0,0,0,14.4851,36.8106,782,inf,18.9392,STEP2: Exploration (Max σ),7.8060,17.5194,6.6790,-3.0344,13.9259,9.5863,B,A,23
0,0,0,0,0,0,0,0,0,0,0,19.5733,31.3276,783,inf,22.9327,STEP2: Exploration (Max σ),5.8473,14.0187,13.7260,5.5546,21.3363,19.5565,A,A,21
0,0,0,0,0,0,0,0,0,0,0,22.0802,31.9727,784,3.3000,11.6587,STEP2: Exploration (Max σ),6.0633,14.4147,16.0169,7.6655,19.9556,14.8605,A,A,22
0,0,0,0,0,0,0,0,0,0,1,14.6851,36.7210,786,inf,18.7652,STEP2: Exploration (Max σ),7.7718,17.4598,6.9133,-2.7746,14.0781,9.7130,B,A,22
0,0,0,0,0,0,0,0,0,0,0,24.2664,39.9508,785,inf,19.6009,STEP2: Exploration (Max σ),9.0533,19.6622,15.2131,4.6042,23.2834,18.2924,A,A,21
0,0,0,0,0,0,0,0,0,0,0,16.4695,31.1809,789,1.3000,10.1240,STEP2: Exploration (Max σ),5.7987,13.9293,10.6708,2.5402,14.0167,8.7065,A,A,21
0,0,0,0,0,0,0,0,0,0,1,16.9610,31.6960,788,1.8000,11.1202,STEP2: Exploration (Max σ),5.9702,14.2443,10.9908,2.7166,14.7190,9.5480,A,A,22
0,0,0,0,0,0,0,0,0,1,1,14.6302,36.8769,787,0.8000,18.8564,STEP2: Exploration (Max σ),7.8314,17.5636,6.7987,-2.9334,14.0256,9.6448,B,A,23
0,0,0,0,0,0,0,0,0,0,0,21.0073,31.6799,790,inf,19.4981,STEP2: Exploration (Max σ),5.9648,14.2344,15.0426,6.7729,21.5767,18.7477,A,A,21
1,0,0,1,1,1,1,1,1,1,1,11.1752,38.8532,791,0.0000,16.5931,STEP2: Boundary 0.5,8.6069,18.9018,2.5683,-7.7266,9.2314,3.6757,B,A,23
1,0,1,1,1,1,1,1,1,1,1,11.6042,38.9623,792,0.0000,12.4289,STEP2: Boundary 0.5,8.6508,18.9768,2.9534,-7.3726,7.9569,1.1820,B,A,22
0,1,0,0,0,1,1,1,1,1,1,10.8944,39.7765,794,0.0000,17.2694,STEP2: Boundary 0.5,8.9817,19.5406,1.9128,-8.6462,8.9952,3.3832,B,A,23
1,0,1,1,1,1,1,1,1,1,1,13.3168,36.7063,793,0.0000,11.4623,STEP2: Boundary 0.5,7.7662,17.4500,5.5506,-4.1332,9.9255,3.4929,B,A,21
1,0,1,1,1,1,1,1,1,1,1,15.1082,39.2793,795,0.0000,11.8156,STEP2: Boundary 0.5,8.7789,19.1955,6.3293,-4.0873,11.1206,4.0833,B,A,22
1,0,1,1,1,1,1,1,1,1,1,12.3814,36.4932,796,0.0000,10.7893,STEP2: Boundary 0.5,7.6851,17.3084,4.6963,-4.9271,8.7930,2.2278,B,A,23
1,0,0,1,1,1,1,1,1,1,1,13.6212,37.9298,797,0.2000,14.4657,STEP2: Boundary 0.5,8.2401,18.2716,5.3811,-4.6504,11.0662,5.1540,B,A,22
1,0,0,1,1,1,1,1,1,1,1,12.3799,35.6987,798,0.0000,14.0589,STEP2: Boundary 0.5,7.3863,16.7847,4.9936,-4.4048,10.2283,4.8046,B,A,23
1,0,1,1,1,1,1,1,1,1,1,12.5932,33.3789,800,0.0000,10.4991,STEP2: Boundary 0.5,6.5475,15.2925,6.0457,-2.6994,9.7293,3.9302,B,A,23
1,0,0,1,1,1,1,1,1,1,1,15.9701,34.9456,801,0.0000,10.5135,STEP2: Boundary 0.5,7.1085,16.2943,8.8615,-0.3243,12.7028,6.4821,B,A,23
-1,-1,-1,-1,-1,-1,-1,-1,-1,-1,-1,12.330519662764697,34.57475221803269,799,10.008928459339351,STEP2: Boundary 0.5 [ERROR: TIMEOUT]
0,0,0,0,0,0,0,1,1,1,1,12.7109,37.2689,802,0.0000,15.2932,STEP2: Boundary 0.5,7.9824,17.8259,4.7285,-5.1150,10.6452,5.1474,B,A,22
1,0,1,1,1,1,1,1,1,1,1,10.7119,35.5831,803,0.0000,10.0607,STEP2: Boundary 0.5,7.3434,16.7091,3.3685,-5.9973,7.1038,0.5813,B,A,23
0,1,0,0,0,1,1,1,1,1,1,10.7339,39.4159,804,0.0000,16.4997,STEP2: Boundary 0.5,8.8344,19.2901,1.8995,-8.5562,8.6112,2.8765,B,A,22
0,1,0,0,0,1,1,1,1,1,1,11.3655,39.5795,805,0.0000,14.8489,STEP2: Boundary 0.5,8.9011,19.4036,2.4644,-8.0381,8.5271,2.2754,B,A,23
0,1,0,0,0,1,1,1,1,1,1,17.2534,39.9621,806,0.0000,16.9837,STEP2: Exploration (Max σ),9.0580,19.6701,8.1954,-2.4167,15.1899,9.4457,B,A,22
0,0,0,0,0,0,0,1,1,1,1,11.3285,38.1745,807,4.1000,20.8152,STEP2: Exploration (Max σ),8.3366,18.4378,2.9920,-7.1093,11.2197,7.0506,B,A,21
0,0,0,0,0,0,0,0,0,0,0,20.9224,31.4385,808,inf,19.1886,STEP2: Exploration (Max σ),5.8841,14.0865,15.0383,6.8359,21.4258,18.5735,A,A,23
0,0,0,0,0,0,0,0,0,0,1,17.3455,39.8248,809,inf,16.5643,STEP2: Exploration (Max σ),9.0015,19.5743,8.3439,-2.2288,15.1446,9.3175,B,A,22
0,0,0,0,0,0,0,0,0,0,1,17.1537,39.8624,810,2.0000,16.9000,STEP2: Exploration (Max σ),9.0170,19.6005,8.1367,-2.4469,15.0811,9.3400,B,A,21
1,0,1,1,1,1,1,1,1,1,1,14.1595,38.9921,811,0.0000,11.8289,STEP2: Boundary 0.5,8.6628,18.9974,5.4967,-4.8379,10.2619,3.3074,B,A,22
0,0,0,0,0,0,0,1,1,1,1,14.5134,38.6687,812,0.0000,13.4805,STEP2: Boundary 0.5,8.5330,18.7752,5.9804,-4.2618,11.3706,4.9763,B,A,21
1,0,1,1,1,1,1,1,1,1,1,12.0259,36.6360,813,0.0000,13.4965,STEP2: Boundary 0.5,7.7394,17.4032,4.2866,-5.3773,9.4290,3.5925,B,A,22
1,0,1,1,1,1,1,1,1,1,1,10.5114,38.7723,815,0.0000,13.0716,STEP2: Boundary 0.5,8.5745,18.8463,1.9368,-8.3349,7.1761,0.6368,B,A,21
0,0,0,0,0,0,0,0,0,0,1,16.8547,37.7851,816,inf,19.5988,STEP2: Exploration (Max σ),8.1833,18.1736,8.6713,-1.3190,16.3476,11.9357,B,A,22
0,0,0,0,0,0,0,0,0,0,0,20.1361,39.8448,817,inf,24.4790,STEP2: Exploration (Max σ),9.0097,19.5882,11.1264,0.5479,21.1811,17.6163,A,A,21
-1,-1,-1,-1,-1,-1,-1,-1,-1,-1,-1,12.707727531986734,35.815891914387414,814,13.018699099780196,STEP2: Boundary 0.5 [ERROR: TIMEOUT]
0,0,0,0,0,0,0,1,1,1,1,11.5923,38.5216,818,4.8000,20.7361,STEP2: Exploration (Max σ),8.4743,18.6745,3.1180,-7.0821,11.3812,7.0971,B,A,22
0,0,0,0,0,0,0,0,0,0,1,18.4241,36.6884,819,0.9000,10.1595,STEP2: Exploration (Max σ),7.7594,17.4381,10.6647,0.9860,14.5407,7.7434,A,A,21
0,0,0,0,0,0,1,1,1,1,1,10.3641,34.6254,820,0.0000,19.1208,STEP2: Exploration (Max σ),6.9920,16.0875,3.3721,-5.7235,10.3015,6.5929,B,A,22
0,0,0,0,0,0,0,0,0,0,0,20.1409,39.9842,821,inf,24.5210,STEP2: Exploration (Max σ),9.0670,19.6855,11.0738,0.4554,21.1775,17.5879,A,A,21
0,0,0,0,0,0,0,1,1,1,1,11.5691,37.9851,822,2.2000,20.4491,STEP2: Exploration (Max σ),8.2619,18.3091,3.3072,-6.7401,11.3544,7.1313,B,A,22
0,0,0,0,0,0,1,1,1,1,1,10.1665,37.8122,824,0.0000,21.0542,STEP2: Exploration (Max σ),8.1940,18.1920,1.9726,-8.0254,10.2241,6.2193,B,A,21
0,0,0,0,0,0,0,0,0,0,0,18.0970,35.6483,825,2.7000,18.8879,STEP2: Exploration (Max σ),7.3676,16.7518,10.7295,1.3452,17.7534,13.7083,A,A,21
-1,-1,-1,-1,-1,-1,-1,-1,-1,-1,-1,16.917111980921426,37.9429328075282,823,19.67207050124525,STEP2: Exploration (Max σ) [ERROR: TIMEOUT]
0,0,0,0,0,0,0,0,0,0,1,18.5882,36.4294,826,0.0000,10.0631,STEP2: Exploration (Max σ),7.6609,17.2661,10.9273,1.3221,14.7424,7.9889,A,A,22
0,1,0,0,0,1,1,1,1,1,1,20.1338,39.9600,827,0.0000,20.0572,STEP2: Exploration (Max σ),9.0571,19.6686,11.0767,0.4652,19.3366,14.4740,A,A,22
0,0,0,0,0,0,0,0,0,0,0,20.9800,37.1616,829,inf,12.4962,STEP2: Exploration (Max σ),7.9409,17.7539,13.0391,3.2261,17.8612,11.5979,A,A,22
0,0,0,0,0,0,0,0,0,1,1,18.5732,36.6030,831,0.0000,10.0820,STEP2: Exploration (Max σ),7.7268,17.3813,10.8464,1.1919,14.6848,7.8890,A,A,22
0,0,0,0,0,0,0,0,0,0,0,20.0543,39.9335,830,inf,24.9079,STEP2: Exploration (Max σ),9.0462,19.6501,11.0081,0.4042,21.2595,17.7941,A,A,23
-1,-1,-1,-1,-1,-1,-1,-1,-1,-1,-1,18.889552694151885,32.04209236055053,828,10.077330400436242,STEP2: Exploration (Max σ) [ERROR: TIMEOUT]
0,0,0,0,0,0,0,0,0,0,1,18.7128,36.7868,832,0.0000,10.0404,STEP2: Exploration (Max σ),7.7970,17.5036,10.9158,1.2092,14.7555,7.8974,A,A,22
0,0,0,0,0,0,1,1,1,1,1,10.0531,34.5641,833,0.0000,19.0750,STEP2: Exploration (Max σ),6.9698,16.0481,3.0833,-5.9950,9.9852,6.2799,B,A,23
0,0,0,0,0,0,0,0,0,1,1,18.8066,36.7533,834,0.0000,10.1395,STEP2: Exploration (Max σ),7.7842,17.4813,11.0225,1.3253,14.8969,8.0762,A,A,22
0,0,0,0,0,0,0,0,0,0,1,13.7677,34.6120,835,3.0000,21.6255,STEP2: Exploration (Max σ),6.9872,16.0789,6.7806,-2.3112,14.6149,11.6156,B,A,23
1,0,0,1,1,1,1,1,1,1,1,10.5808,30.8491,837,0.0000,13.2913,STEP2: Boundary 0.5,5.6895,13.7277,4.8913,-3.1469,9.2431,4.9036,B,A,22
1,0,0,1,1,1,1,1,1,1,1,10.1143,39.5107,836,0.0000,18.9653,STEP2: Boundary 0.5,8.8730,19.3558,1.2414,-9.2415,8.9726,3.9179,B,A,21
1,0,1,1,1,1,1,1,1,1,1,12.4975,33.2924,838,0.0000,12.0946,STEP2: Boundary 0.5,6.5172,15.2380,5.9803,-2.7405,10.2140,4.8859,B,A,23
1,0,1,1,1,1,1,1,1,1,1,14.0918,38.2077,840,0.0000,11.0661,STEP2: Boundary 0.5,8.3497,18.4604,5.7421,-4.3685,10.1197,3.1631,B,A,21
0,0,0,0,0,0,0,1,1,1,1,10.9795,39.2290,839,0.0000,13.6306,STEP2: Boundary 0.5,8.7585,19.1608,2.2210,-8.1813,7.7420,1.2374,B,A,22
0,0,0,0,0,0,0,0,0,0,0,21.3283,32.3716,841,4.8000,14.0008,STEP2: Exploration (Max σ),6.1988,14.6616,15.1295,6.6666,19.9111,15.3638,A,A,23
0,0,0,0,0,0,0,0,0,0,0,21.2859,32.5913,842,inf,14.0316,STEP2: Exploration (Max σ),6.2740,14.7984,15.0119,6.4875,19.8326,15.2353,A,A,21
0,0,0,0,0,0,0,0,0,0,1,13.8801,34.5347,843,inf,22.1156,STEP2: Exploration (Max σ),6.9592,16.0292,6.9209,-2.1491,14.9170,12.0759,B,A,22
0,0,0,0,0,0,0,0,0,0,0,21.2841,32.8767,844,3.4000,14.1382,STEP2: Exploration (Max σ),6.3725,14.9767,14.9116,6.3074,19.8063,15.1626,A,A,23
0,0,0,0,0,0,0,0,0,0,0,20.1635,39.6191,845,inf,20.1447,STEP2: Exploration (Max σ),8.9172,19.4311,11.2463,0.7325,19.4786,14.7324,A,A,21
1,0,1,1,1,1,1,1,1,1,1,10.5439,39.3069,846,0.0000,12.9996,STEP2: Boundary 0.5,8.7901,19.2146,1.7538,-8.6707,7.0285,0.3222,B,A,22
1,0,0,1,1,1,1,1,1,1,1,11.4088,38.0999,847,inf,18.3254,STEP2: Boundary 0.5,8.3071,18.3870,3.1017,-6.9782,10.3327,5.4740,B,A,23
1,0,0,1,1,1,1,1,1,1,1,12.4372,32.4320,848,0.0000,12.4328,STEP2: Boundary 0.5,6.2194,14.6992,6.2178,-2.2620,10.4708,5.4688,B,A,21
1,0,0,1,1,1,1,1,1,1,1,10.7713,37.5939,849,0.0000,18.3409,STEP2: Boundary 0.5,8.1086,18.0445,2.6627,-7.2732,9.8138,5.0951,B,A,23
1,0,1,1,1,1,1,1,1,1,1,12.1239,38.6067,850,0.0000,14.1596,STEP2: Boundary 0.5,8.5083,18.7327,3.6156,-6.6088,9.2693,3.0857,B,A,21
0,0,0,0,0,0,0,0,0,0,0,23.1533,39.9583,851,inf,14.0912,STEP2: Exploration (Max σ),9.0564,19.6674,14.0969,3.4858,19.8996,13.3274,A,A,22
0,0,0,0,0,0,0,0,0,0,0,21.2930,32.5410,852,inf,14.1294,STEP2: Exploration (Max σ),6.2567,14.7670,15.0363,6.5260,19.8840,15.3275,A,A,21
0,0,0,0,0,0,0,0,0,0,1,14.0571,34.8118,853,1.6000,21.8294,STEP2: Exploration (Max σ),7.0597,16.2078,6.9974,-2.1507,14.9460,11.9518,B,A,22
0,0,0,0,0,0,0,0,0,0,1,14.1358,34.3634,854,inf,22.6203,STEP2: Exploration (Max σ),6.8974,15.9192,7.2384,-1.7834,15.3811,12.7268,B,A,21
1,0,1,1,1,1,1,1,1,1,1,11.7162,32.0424,856,0.0000,12.1494,STEP2: Boundary 0.5,6.0868,14.4577,5.6293,-2.7415,9.7416,4.7649,B,A,22
1,0,1,1,1,1,1,1,1,1,1,10.1115,39.3327,857,0.0000,13.3698,STEP2: Boundary 0.5,8.8006,19.2325,1.3110,-9.1209,6.7391,0.1317,B,A,21
1,0,0,1,1,1,1,1,1,1,1,10.9157,30.1237,858,0.0000,12.7730,STEP2: Boundary 0.5,5.4544,13.2910,5.4613,-2.3753,9.5576,5.2670,B,A,22
-1,-1,-1,-1,-1,-1,-1,-1,-1,-1,-1,14.267002120422895,34.53907667245953,855,22.329583349899956,STEP2: Exploration (Max σ) [ERROR: TIMEOUT]
1,0,1,1,1,1,1,1,1,1,1,11.2845,36.1873,859,0.0000,11.2956,STEP2: Boundary 0.5,7.5693,17.1060,3.7151,-5.8216,7.9721,1.6339,B,A,22
1,0,0,1,1,1,1,1,1,1,1,14.6689,34.8428,860,0.0000,11.0882,STEP2: Boundary 0.5,7.0710,16.2278,7.5979,-1.5589,11.6386,5.6080,B,A,21
1,0,1,1,1,1,1,1,1,1,1,15.2051,38.7871,861,0.0000,10.8778,STEP2: Boundary 0.5,8.5804,18.8564,6.6247,-3.6513,10.9861,3.8163,B,A,22
1,0,1,1,1,1,1,1,1,1,1,12.3142,37.1834,862,0.0000,10.5418,STEP2: Boundary 0.5,7.9493,17.7686,4.3648,-5.4544,8.4349,1.6104,B,A,21
1,0,0,1,1,1,1,1,1,1,1,16.5132,38.1980,863,0.0000,10.6322,STEP2: Boundary 0.5,8.3459,18.4538,8.1674,-1.9405,12.3723,5.2947,B,A,22
1,0,0,1,1,1,1,1,1,1,1,12.9270,30.2518,864,0.0000,10.1094,STEP2: Boundary 0.5,5.4956,13.3677,7.4314,-0.4407,10.6855,5.6211,B,A,21
1,0,1,1,1,1,1,1,1,1,1,13.5544,34.9233,865,0.0000,10.4192,STEP2: Boundary 0.5,7.1004,16.2799,6.4540,-2.7256,10.2586,4.0174,B,A,23
0,0,0,0,0,0,0,0,0,0,0,18.8246,32.2533,868,2.0000,10.0807,STEP2: Exploration (Max σ),6.1584,14.5883,12.6661,4.2363,16.0979,10.4862,A,A,23
0,0,0,0,0,0,0,0,0,0,0,23.4221,39.8626,867,inf,13.9351,STEP2: Exploration (Max σ),9.0170,19.6007,14.4050,3.8214,20.1311,13.5404,A,A,21
0,0,0,0,0,0,0,0,0,0,0,20.7947,35.4149,866,3.9000,24.9796,STEP2: Exploration (Max σ),7.2810,16.5993,13.5137,4.1954,22.7490,20.4864,A,A,22
0,0,0,0,0,0,0,0,0,0,0,21.3858,37.6148,869,4.2000,23.3453,STEP2: Exploration (Max σ),8.1168,18.0586,13.2690,3.3272,22.3758,19.0751,A,A,23
0,0,0,0,0,0,0,0,0,0,0,24.9056,34.2033,870,inf,20.2224,STEP2: Exploration (Max σ),6.8399,15.8166,18.0657,9.0890,25.3152,22.0281,A,A,21
0,0,0,0,0,0,0,1,1,1,1,11.1066,33.3484,871,0.0000,15.7124,STEP2: Boundary 0.5,6.5368,15.2733,4.5698,-4.1667,10.0781,5.7499,B,A,22
1,0,1,1,1,1,1,1,1,1,1,16.1912,39.1033,872,0.0000,10.8855,STEP2: Boundary 0.5,8.7077,19.0740,7.4835,-2.8828,11.8800,4.6252,B,A,23
0,0,0,0,0,0,0,1,1,1,1,12.8401,34.4200,873,0.0000,14.7685,STEP2: Boundary 0.5,6.9178,15.9554,5.9223,-3.1154,11.2463,6.3666,B,A,21
1,0,1,1,1,1,1,1,1,1,1,10.0875,36.4744,874,0.0000,14.8586,STEP2: Boundary 0.5,7.6779,17.2960,2.4095,-7.2085,8.0488,2.6421,B,A,22
1,0,0,1,1,1,1,1,1,1,1,13.1112,37.2627,875,0.0000,14.2124,STEP2: Boundary 0.5,7.9800,17.8217,5.1312,-4.7105,10.6290,4.8257,B,A,23
1,0,1,1,1,1,1,1,1,1,1,14.3642,39.0871,876,0.0000,12.2190,STEP2: Boundary 0.5,8.7012,19.0628,5.6631,-4.6986,10.5962,3.7270,B,A,21
1,0,1,1,1,1,1,1,1,1,1,10.3981,37.7521,877,0.0000,10.4500,STEP2: Boundary 0.5,8.1704,18.1513,2.2277,-7.7533,6.3174,-0.6894,B,B,23
0,0,0,0,0,0,0,0,1,1,1,16.9868,39.1872,878,0.0000,10.8425,STEP2: Boundary 0.5,8.7416,19.1319,8.2452,-2.1451,12.6327,5.3424,B,A,21
1,0,1,1,1,1,1,1,1,1,1,14.3321,38.2383,879,0.0000,10.8751,STEP2: Boundary 0.5,8.3618,18.4812,5.9703,-4.1491,10.2754,3.2560,B,A,23
1,0,1,1,1,1,1,1,1,1,1,14.0526,37.7549,880,0.0000,11.2373,STEP2: Boundary 0.5,8.1715,18.1532,5.8811,-4.1007,10.2792,3.4956,B,A,22
1,0,0,1,1,1,1,1,1,1,1,14.4785,39.0906,881,0.0000,12.5694,STEP2: Boundary 0.5,8.7026,19.0652,5.7760,-4.5867,10.8510,4.0810,B,A,21
1,0,1,1,1,1,1,1,1,1,1,10.8906,36.8495,882,0.0000,10.9619,STEP2: Boundary 0.5,7.8210,17.5454,3.0697,-6.6547,7.2681,0.6544,B,A,23
0,0,0,0,0,0,0,1,1,1,1,11.5212,37.4454,883,inf,18.6886,STEP2: Boundary 0.5,8.0508,17.9445,3.4704,-6.4233,10.7313,6.1512,B,A,22
1,0,0,1,1,1,1,1,1,1,1,13.9375,39.5433,884,0.0000,14.1674,STEP2: Boundary 0.5,8.8863,19.3784,5.0512,-5.4410,10.8309,4.3940,B,A,21
0,0,0,0,0,0,0,1,1,1,1,11.1471,37.3245,885,0.0000,18.8815,STEP2: Boundary 0.5,8.0039,17.8632,3.1431,-6.7162,10.4579,5.9649,B,A,23
0,0,0,0,0,0,0,0,0,0,1,12.8939,33.4337,886,0.0000,10.8702,STEP2: Boundary 0.5,6.5667,15.3272,6.3271,-2.4333,10.1465,4.4367,B,A,22
1,0,1,1,1,1,1,1,1,1,1,11.0137,38.0512,887,0.0000,16.2566,STEP2: Boundary 0.5,8.2879,18.3540,2.7258,-7.3403,9.1331,3.6981,B,A,22
1,0,1,1,1,1,1,1,1,1,1,10.7263,37.5344,889,0.0000,10.1906,STEP2: Boundary 0.5,8.0854,18.0044,2.6409,-7.2781,6.6086,-0.4122,B,B,22
1,0,1,1,1,1,1,1,1,1,1,13.9004,37.7128,890,0.0000,12.2994,STEP2: Boundary 0.5,8.1551,18.1248,5.7454,-4.2244,10.5544,4.0847,B,A,23
0,0,0,0,0,0,0,0,0,0,0,22.9015,35.3486,891,3.7000,18.0140,STEP2: Exploration (Max σ),7.2565,16.5561,15.6449,6.3454,22.2939,18.0815,A,A,22
-1,-1,-1,-1,-1,-1,-1,-1,-1,-1,-1,10.656339406392481,39.91080466191861,888,12.627618022459394,STEP2: Boundary 0.5 [ERROR: TIMEOUT]
0,0,0,0,0,0,0,0,0,0,0,18.0427,30.1052,892,4.9000,17.3548,STEP2: Exploration (Max σ),5.4485,13.2799,12.5942,4.7628,18.1570,15.1431,A,A,23
0,0,0,0,0,0,0,0,0,0,0,18.7444,37.4191,893,2.2000,18.3135,STEP2: Exploration (Max σ),8.0406,17.9268,10.7038,0.8176,17.8145,13.1348,A,A,22
0,0,0,0,0,0,0,0,0,0,1,20.3895,39.9059,894,1.8000,13.0757,STEP2: Exploration (Max σ),9.0348,19.6308,11.3547,0.7587,16.7329,9.8841,A,A,23
0,0,0,0,0,0,0,0,0,0,0,17.8510,30.0929,895,2.7000,16.7738,STEP2: Exploration (Max σ),5.4446,13.2726,12.4064,4.5784,17.7810,14.6091,A,A,22
0,0,0,0,0,0,0,0,0,0,0,16.2846,36.2222,896,2.5000,20.1654,STEP2: Exploration (Max σ),7.5825,17.1291,8.7021,-0.8445,16.3083,12.4726,B,A,21
0,0,0,0,0,0,0,0,0,0,0,19.0655,34.3722,897,2.2000,12.1601,STEP2: Exploration (Max σ),6.9006,15.9248,12.1650,3.1407,16.5433,10.9421,A,A,23
0,0,0,0,0,0,0,0,0,0,0,24.9994,34.4086,900,inf,15.0900,STEP2: Exploration (Max σ),6.9137,15.9481,18.0857,9.0512,23.5240,18.7379,A,A,23
0,0,0,0,0,0,0,0,0,0,0,18.8064,38.1545,898,inf,21.6475,STEP2: Exploration (Max σ),8.3286,18.4241,10.4778,0.3823,19.0305,15.1038,A,A,22
0,0,0,0,0,0,0,0,0,0,0,19.6180,37.2724,899,inf,21.9941,STEP2: Exploration (Max σ),7.9837,17.8282,11.6342,1.7897,20.1442,16.5495,A,A,21
0,0,0,0,0,0,0,0,1,1,1,16.8053,38.9248,903,0.0000,10.7622,STEP2: Boundary 0.5,8.6357,18.9510,8.1696,-2.1457,12.4985,5.2577,B,A,21
0,0,0,0,0,0,0,1,1,1,1,14.3263,37.9170,902,0.0000,13.8396,STEP2: Boundary 0.5,8.2351,18.2630,6.0912,-3.9367,11.5286,5.4416,B,A,22
1,0,1,1,1,1,1,1,1,1,1,11.5759,35.4255,901,0.0000,14.2317,STEP2: Boundary 0.5,7.2850,16.6062,4.2909,-5.0303,9.5540,4.2527,B,A,23
0,0,0,0,0,0,0,1,1,1,1,10.9455,35.6755,904,0.0000,18.1594,STEP2: Boundary 0.5,7.3777,16.7696,3.5678,-5.8241,10.3254,6.0671,B,A,21
1,0,1,1,1,1,1,1,1,1,1,10.9842,39.8143,905,0.0000,17.1880,STEP2: Boundary 0.5,8.9972,19.5669,1.9870,-8.5828,9.0421,3.3965,B,A,23
1,0,1,1,1,1,1,1,1,1,1,13.5691,36.9525,906,0.0000,10.0633,STEP2: Boundary 0.5,7.8605,17.6141,5.7087,-4.0450,9.5725,2.6755,B,A,21
1,0,1,1,1,1,1,1,1,1,1,10.8867,32.1364,907,0.0000,12.5601,STEP2: Boundary 0.5,6.1187,14.5159,4.7680,-3.6292,9.0302,4.1430,B,A,23
0,0,0,0,0,0,0,0,1,1,1,13.5185,33.2798,909,0.0000,12.1525,STEP2: Boundary 0.5,6.5128,15.2300,7.0058,-1.7115,11.2584,5.9499,B,A,21
1,0,0,1,1,1,1,1,1,1,1,15.0593,38.6806,908,0.0000,13.1129,STEP2: Boundary 0.5,8.5378,18.7834,6.5215,-3.7241,11.7662,5.2637,B,A,22
1,0,1,1,1,1,1,1,1,1,1,13.5676,34.4662,910,0.0000,10.9789,STEP2: Boundary 0.5,6.9344,15.9851,6.6332,-2.4175,10.5958,4.6366,B,A,23
1,0,0,1,1,1,1,1,1,1,1,13.9356,32.7663,913,0.0000,10.5326,STEP2: Boundary 0.5,6.3343,14.9076,7.6013,-0.9721,11.2369,5.6130,B,A,23
1,0,1,1,1,1,1,1,1,1,1,10.5380,39.7632,911,0.0000,13.2041,STEP2: Boundary 0.5,8.9762,19.5314,1.5618,-8.9934,6.9753,0.2024,B,A,21
0,0,0,0,0,0,0,1,1,1,1,11.9410,38.0323,912,0.5000,17.9637,STEP2: Boundary 0.5,8.2804,18.3411,3.6606,-6.4001,10.7375,5.7939,B,A,22
1,0,1,1,1,1,1,1,1,1,1,11.6180,39.2700,914,0.0000,15.3473,STEP2: Boundary 0.5,8.7752,19.1891,2.8428,-7.5711,9.0650,3.0402,B,A,21
0,0,0,0,0,0,0,1,1,1,1,10.6771,36.0444,915,0.0000,18.3293,STEP2: Boundary 0.5,7.5156,17.0119,3.1615,-6.3348,10.0450,5.7366,B,A,22
0,0,0,0,0,0,0,1,1,1,1,14.1281,37.8943,916,0.6000,14.6315,STEP2: Boundary 0.5,8.2262,18.2475,5.9019,-4.1195,11.6474,5.7921,B,A,21
1,0,0,1,1,1,1,1,1,1,1,10.4275,33.2335,917,0.0000,16.2111,STEP2: Boundary 0.5,6.4966,15.2008,3.9309,-4.7734,9.5968,5.4391,B,A,22
1,0,1,1,1,1,1,1,1,1,1,13.3674,39.8633,918,0.0000,13.7785,STEP2: Boundary 0.5,9.0173,19.6011,4.3501,-6.2337,10.0120,3.3762,B,A,23
0,0,0,0,0,0,0,1,1,1,1,13.6631,33.1581,919,0.0000,12.9022,STEP2: Boundary 0.5,6.4703,15.1534,7.1929,-1.4903,11.6933,6.6278,B,A,22
1,0,1,1,1,1,1,1,1,1,1,13.5727,34.5657,920,0.0000,11.2575,STEP2: Boundary 0.5,6.9704,16.0491,6.6023,-2.4764,10.6758,4.7681,B,A,23
1,0,0,1,1,1,1,1,1,1,1,11.1908,36.1355,921,0.0000,14.7815,STEP2: Boundary 0.5,7.5499,17.0719,3.6409,-5.8811,9.2045,3.8674,B,A,21
1,0,0,1,1,1,1,1,1,1,1,13.5190,30.7217,923,0.0000,10.4156,STEP2: Boundary 0.5,5.6479,13.6506,7.8711,-0.1316,11.2691,6.1635,B,A,23
1,0,1,1,1,1,1,1,1,1,1,11.4983,34.1925,922,0.0000,12.5884,STEP2: Boundary 0.5,6.8360,15.8097,4.6623,-4.3114,9.1739,3.7418,B,A,22
1,0,0,1,1,1,1,1,1,1,1,12.1007,30.1711,925,0.0000,11.2751,STEP2: Boundary 0.5,5.4697,13.3194,6.6310,-1.2187,10.2519,5.5327,B,A,23
1,0,0,1,1,1,1,1,1,1,1,11.0070,33.5239,924,0.0000,14.2938,STEP2: Boundary 0.5,6.5985,15.3842,4.4086,-4.3772,9.4428,4.6697,B,A,21
1,0,0,1,1,1,1,1,1,1,1,13.8722,37.6355,926,0.0000,13.8825,STEP2: Boundary 0.5,8.1249,18.0726,5.7474,-4.2004,11.1655,5.1672,B,A,22
1,0,1,1,1,1,1,1,1,1,1,11.1692,38.7231,927,0.0000,13.4049,STEP2: Boundary 0.5,8.5548,18.8125,2.6144,-7.6433,7.9812,1.5504,B,A,23
1,0,0,1,1,1,1,1,1,1,1,11.9219,35.8181,928,0.0000,14.6554,STEP2: Boundary 0.5,7.4308,16.8630,4.4911,-4.9411,9.9641,4.6768,B,A,21
1,0,1,1,1,1,1,1,1,1,1,12.9347,35.7060,929,0.0000,13.0361,STEP2: Boundary 0.5,7.3891,16.7896,5.5456,-3.8549,10.4004,4.6855,B,A,22
1,0,1,1,1,1,1,1,1,1,1,14.4115,36.7375,930,0.0000,10.3438,STEP2: Boundary 0.5,7.7781,17.4708,6.6334,-3.0592,10.5844,3.8260,B,A,23
1,0,0,1,1,1,1,1,1,1,1,11.1633,31.9109,932,0.4000,14.4547,STEP2: Boundary 0.5,6.0424,14.3765,5.1209,-3.2132,9.9958,5.6981,B,A,22
0,0,0,0,0,0,0,0,1,1,1,15.3931,35.5587,933,0.0000,11.2528,STEP2: Boundary 0.5,7.3343,16.6932,8.0588,-1.3001,12.2341,6.0551,B,A,23
1,0,1,1,1,1,1,1,1,1,1,14.1683,39.1712,934,0.0000,12.0791,STEP2: Boundary 0.5,8.7351,19.1208,5.4332,-4.9525,10.3193,3.3870,B,A,22
1,0,1,1,1,1,1,1,1,1,1,14.6920,35.2913,935,0.0000,11.7707,STEP2: Boundary 0.5,7.2354,16.5187,7.4566,-1.8267,11.7949,5.8350,B,A,23
-1,-1,-1,-1,-1,-1,-1,-1,-1,-1,-1,13.569927422452002,32.349665606391355,931,11.812914977666512,STEP2: Boundary 0.5 [ERROR: TIMEOUT]
1,0,0,1,1,1,1,1,1,1,1,14.6279,35.2914,936,0.0000,11.8483,STEP2: Boundary 0.5,7.2354,16.5188,7.3925,-1.8909,11.7594,5.8213,B,A,23
1,0,1,1,1,1,1,1,1,1,1,10.5966,35.2708,937,0.0000,14.3458,STEP2: Boundary 0.5,7.2278,16.5054,3.3688,-5.9088,8.6535,3.4261,B,A,23
1,0,1,1,1,1,1,1,1,1,1,10.8078,38.7459,938,0.0000,10.0497,STEP2: Boundary 0.5,8.5639,18.8281,2.2439,-8.0203,6.2695,-1.1254,B,B,21
0,0,0,0,0,0,0,1,1,1,1,11.9569,34.9681,940,0.0000,15.9966,STEP2: Boundary 0.5,7.1168,16.3089,4.8402,-4.3520,10.6881,6.0078,B,A,21
-1,-1,-1,-1,-1,-1,-1,-1,-1,-1,-1,10.018407752159304,31.020477416285512,939,10.587184685583606,STEP2: Boundary 0.5 [ERROR: TIMEOUT]
0,0,0,0,0,0,0,1,1,1,1,12.2146,33.2343,941,0.0000,13.6564,STEP2: Boundary 0.5,6.4969,15.2014,5.7178,-2.9868,10.4909,5.6164,B,A,21
1,0,1,1,1,1,1,1,1,1,1,13.3662,37.0619,942,0.0000,12.3049,STEP2: Boundary 0.5,7.9025,17.6872,5.4637,-4.3210,10.2007,3.9102,B,A,23
1,0,1,1,1,1,1,1,1,1,1,14.0649,36.6602,943,0.0000,11.1933,STEP2: Boundary 0.5,7.7486,17.4193,6.3163,-3.3544,10.5837,4.0874,B,A,21
0,0,0,0,0,0,0,0,0,1,1,13.9451,35.4150,944,0.0000,12.7526,STEP2: Boundary 0.5,7.2811,16.5994,6.6641,-2.6542,11.3789,5.6627,B,A,23
1,0,0,1,1,1,1,1,1,1,1,11.6288,34.9396,945,0.0000,14.2201,STEP2: Boundary 0.5,7.1063,16.2904,4.5225,-4.6616,9.7172,4.5435,B,A,21
1,0,0,1,1,1,1,1,1,1,1,11.0272,35.1127,947,0.0000,16.1901,STEP2: Boundary 0.5,7.1697,16.4027,3.8574,-5.3755,9.7978,5.1334,B,A,23
1,0,1,1,1,1,1,1,1,1,1,14.0862,39.2001,948,0.0000,11.6197,STEP2: Boundary 0.5,8.7468,19.1408,5.3394,-5.0546,10.0427,2.9712,B,A,21
1,0,0,1,1,1,1,1,1,1,1,12.5580,38.7961,949,0.0000,15.3569,STEP2: Boundary 0.5,8.5841,18.8626,3.9740,-6.3046,10.1326,4.2394,B,A,23
-1,-1,-1,-1,-1,-1,-1,-1,-1,-1,-1,15.282553033149265,38.62629829021258,946,13.190980717726628,STEP2: Boundary 0.5 [ERROR: TIMEOUT]
0,0,0,0,0,0,1,1,1,1,1,10.6349,39.9919,951,0.0000,21.1181,STEP2: Exploration (Max σ),9.0702,19.6909,1.5647,-9.0560,10.2677,5.7005,B,A,23
0,0,0,0,0,0,0,1,1,1,1,11.9305,37.5899,952,inf,23.6012,STEP2: Exploration (Max σ),8.1071,18.0419,3.8234,-6.1114,13.0246,9.8032,B,A,23
-1,-1,-1,-1,-1,-1,-1,-1,-1,-1,-1,11.500578330239962,32.14576830177326,950,13.908483829475102,STEP2: Boundary 0.5 [ERROR: TIMEOUT]
0,0,0,0,0,0,0,0,0,0,0,16.3678,33.6375,954,inf,14.2886,STEP2: Exploration (Max σ),6.6385,15.4562,9.7292,0.9116,14.7767,9.9717,A,A,23
0,0,0,0,0,0,0,0,0,0,1,15.0315,38.1608,955,2.0000,23.5163,STEP2: Exploration (Max σ),8.3311,18.4285,6.7004,-3.3969,15.9928,12.5971,B,A,23
0,0,0,0,0,0,1,1,1,1,1,10.4333,39.9598,956,0.0000,21.5218,STEP2: Exploration (Max σ),9.0570,19.6684,1.3763,-9.2351,10.2393,5.7965,B,A,21
0,0,0,0,0,0,0,0,0,0,0,11.9372,37.8573,957,inf,23.6889,STEP2: Exploration (Max σ),8.2116,18.2225,3.7256,-6.2853,13.0196,9.7529,B,A,23
-1,-1,-1,-1,-1,-1,-1,-1,-1,-1,-1,12.730611856728501,32.68553231706617,953,17.949866630811403,STEP2: Exploration (Max σ) [ERROR: TIMEOUT]
0,0,0,0,0,0,0,0,0,0,0,24.8277,39.8715,958,inf,11.0405,STEP2: Exploration (Max σ),9.0207,19.6068,15.8071,5.2209,20.3446,12.9221,A,A,21
0,0,0,0,0,0,0,0,0,1,1,12.6596,32.6796,959,1.2000,17.8355,STEP2: Exploration (Max σ),6.3044,14.8534,6.3553,-2.1938,12.4974,8.9414,B,A,23
0,0,0,0,0,0,0,0,0,0,0,15.6506,33.0733,960,2.0000,15.0621,STEP2: Exploration (Max σ),6.4407,15.1001,9.2099,0.5506,14.4519,10.0146,A,A,21
0,0,0,0,0,0,0,1,1,1,1,14.3015,37.4626,961,0.4000,12.8398,STEP2: Boundary 0.5,8.0575,17.9561,6.2440,-3.6546,11.2346,4.9868,B,A,21
1,0,1,1,1,1,1,1,1,1,1,10.7540,31.5477,962,0.0000,13.0653,STEP2: Boundary 0.5,5.9205,14.1533,4.8334,-3.3993,9.1958,4.6072,B,A,22
1,0,0,1,1,1,1,1,1,1,1,12.5423,32.8060,964,0.0000,12.1474,STEP2: Boundary 0.5,6.3480,14.9324,6.1943,-2.3902,10.3918,5.2094,B,A,23
1,0,1,1,1,1,1,1,1,1,1,10.2392,39.7628,963,0.0000,16.2727,STEP2: Boundary 0.5,8.9761,19.5311,1.2632,-9.2918,7.9348,2.0410,B,A,21
1,0,1,1,1,1,1,1,1,1,1,14.1612,36.3438,965,0.0000,11.7818,STEP2: Boundary 0.5,7.6284,17.2095,6.5328,-3.0482,10.9900,4.7469,B,A,22
1,0,1,1,1,1,1,1,1,1,1,14.6843,39.5416,967,0.0000,11.1533,STEP2: Boundary 0.5,8.8856,19.3773,5.7987,-4.6930,10.3485,3.0494,B,A,21
1,0,1,1,1,1,1,1,1,1,1,10.0882,31.8194,966,0.0000,14.1305,STEP2: Boundary 0.5,6.0116,14.3202,4.0766,-4.2321,8.8302,4.4663,B,A,23
1,0,1,1,1,1,1,1,1,1,1,11.7763,39.4637,968,0.0000,14.6893,STEP2: Boundary 0.5,8.8538,19.3232,2.9225,-7.5469,8.9042,2.6384,B,A,22
0,0,0,0,0,0,0,0,0,1,1,15.9626,34.9537,969,0.9000,11.1915,STEP2: Boundary 0.5,7.1115,16.2996,8.8511,-0.3369,12.9410,6.9093,B,A,21
0,0,0,0,0,0,0,1,1,1,1,12.6358,34.3236,970,0.0000,14.5759,STEP2: Boundary 0.5,6.8831,15.8936,5.7527,-3.2578,10.9943,6.0862,B,A,23
1,0,1,1,1,1,1,1,1,1,1,10.1110,32.7797,971,0.0000,15.2481,STEP2: Boundary 0.5,6.3389,14.9160,3.7721,-4.8050,9.0373,4.7303,B,A,22
1,0,1,1,1,1,1,1,1,1,1,10.0239,35.9561,972,0.0000,11.6384,STEP2: Boundary 0.5,7.4825,16.9537,2.5414,-6.9299,6.9026,0.7245,B,A,21
1,0,0,1,1,1,1,1,1,1,1,11.4386,38.3755,974,0.0000,16.9507,STEP2: Boundary 0.5,8.4162,18.5747,3.0225,-7.1360,9.7542,4.4296,B,A,22
1,0,0,1,1,1,1,1,1,1,1,14.5072,37.6003,975,0.0000,13.0267,STEP2: Boundary 0.5,8.1111,18.0488,6.3961,-3.5417,11.4759,5.2438,B,A,21
1,0,0,1,1,1,1,1,1,1,1,13.3663,30.8336,976,0.0000,11.2066,STEP2: Boundary 0.5,5.6845,13.7183,7.6818,-0.3520,11.3495,6.4340,B,A,22
-1,-1,-1,-1,-1,-1,-1,-1,-1,-1,-1,12.140573202614618,32.92219121827481,973,14.250556616377754,STEP2: Boundary 0.5 [ERROR: TIMEOUT]
1,0,0,1,1,1,1,1,1,1,1,11.3209,33.4952,977,0.0000,14.4816,STEP2: Boundary 0.5,6.5884,15.3661,4.7326,-4.0451,9.8291,5.1164,B,A,22
1,0,0,1,1,1,1,1,1,1,1,10.0689,31.9520,978,0.0000,14.1505,STEP2: Boundary 0.5,6.0563,14.4019,4.0126,-4.3330,8.7903,4.3967,B,A,21
1,0,0,1,1,1,1,1,1,1,1,11.0829,37.0681,979,0.0000,15.5030,STEP2: Boundary 0.5,7.9049,17.6914,3.1780,-6.6084,9.1471,3.7631,B,A,21
0,1,0,0,0,1,1,1,1,1,1,10.7396,39.7067,982,0.0000,16.5313,STEP2: Boundary 0.5,8.9531,19.4920,1.7865,-8.7524,8.5556,2.7511,B,A,22
0,0,0,0,0,0,0,1,1,1,1,13.8195,38.0203,981,0.4000,14.6498,STEP2: Boundary 0.5,8.2757,18.3330,5.5438,-4.5135,11.3136,5.4292,B,A,21
1,0,1,1,1,1,1,1,1,1,1,10.0014,38.7527,984,0.0000,10.3132,STEP2: Boundary 0.5,8.5667,18.8328,1.4347,-8.8314,5.5665,-1.7550,B,B,21
1,0,1,1,1,1,1,1,1,1,1,12.5887,38.9448,983,0.0000,14.1452,STEP2: Boundary 0.5,8.6438,18.9648,3.9449,-6.3761,9.6371,3.3573,B,A,22
-1,-1,-1,-1,-1,-1,-1,-1,-1,-1,-1,11.330088068408843,34.12543580022674,980,15.562796055480375,STEP2: Boundary 0.5 [ERROR: TIMEOUT]
0,0,0,0,0,0,0,1,1,1,1,13.4375,38.6043,985,0.0000,14.6593,STEP2: Boundary 0.5,8.5073,18.7311,4.9301,-5.2937,10.7830,4.7427,B,A,21
0,0,0,0,0,0,0,1,1,1,1,13.2933,39.7350,986,0.0000,14.6977,STEP2: Boundary 0.5,8.9647,19.5117,4.3287,-6.2184,10.3508,4.0134,B,A,22
1,0,1,1,1,1,1,1,1,1,1,12.3824,39.8085,988,0.0000,10.1238,STEP2: Boundary 0.5,8.9948,19.5629,3.3876,-7.1805,7.5425,-0.1253,B,B,22
1,0,1,1,1,1,1,1,1,1,1,10.0732,32.1298,989,0.0000,10.9425,STEP2: Boundary 0.5,6.1165,14.5117,3.9567,-4.4386,7.6693,2.3319,B,A,22
0,0,0,0,0,0,0,0,1,1,1,13.6774,32.2402,990,0.0000,11.5511,STEP2: Boundary 0.5,6.1540,14.5801,7.5234,-0.9027,11.4544,6.2573,B,A,23
-1,-1,-1,-1,-1,-1,-1,-1,-1,-1,-1,10.074720702667719,39.81262387680772,987,19.19723601856943,STEP2: Boundary 0.5 [ERROR: TIMEOUT]
1,0,1,1,1,1,1,1,1,1,1,11.8505,39.0002,991,0.0000,14.0207,STEP2: Boundary 0.5,8.6661,19.0029,3.1844,-7.1524,8.8337,2.5032,B,A,22
0,0,0,0,0,0,0,1,1,1,1,14.1336,37.4500,992,0.3000,13.3752,STEP2: Boundary 0.5,8.0526,17.9476,6.0809,-3.8140,11.2781,5.1860,B,A,23
1,0,1,1,1,1,1,1,1,1,1,12.7575,39.7498,993,0.0000,14.3739,STEP2: Boundary 0.5,8.9707,19.5220,3.7868,-6.7645,9.6782,3.2440,B,A,22
1,0,1,1,1,1,1,1,1,1,1,10.8917,36.6123,994,0.0000,15.1668,STEP2: Boundary 0.5,7.7304,17.3875,3.1613,-6.4958,8.9369,3.5804,B,A,23
1,0,1,1,1,1,1,1,1,1,1,10.4622,36.9574,995,0.0000,10.2113,STEP2: Boundary 0.5,7.8623,17.6174,2.5999,-7.1552,6.5210,-0.3353,B,B,21
1,0,1,1,1,1,1,1,1,1,1,12.7728,33.3650,996,0.0000,10.6608,STEP2: Boundary 0.5,6.5426,15.2838,6.2302,-2.5109,9.9692,4.2193,B,A,22
1,0,1,1,1,1,1,1,1,1,1,14.9317,38.4825,997,0.0000,10.8381,STEP2: Boundary 0.5,8.4588,18.6478,6.4729,-3.7161,10.7879,3.6906,B,A,23
1,0,0,1,1,1,1,1,1,1,1,11.7611,30.6414,998,0.0000,11.4256,STEP2: Boundary 0.5,5.6217,13.6021,6.1394,-1.8410,9.8584,5.0553,B,A,21
1,0,1,1,1,1,1,1,1,1,1,11.7149,36.3604,1001,0.0000,10.0946,STEP2: Boundary 0.5,7.6347,17.2204,4.0802,-5.5055,7.9007,1.1750,B,A,21
0,0,0,0,0,0,0,0,1,1,1,13.3826,33.2249,1000,0.0000,12.6247,STEP2: Boundary 0.5,6.4936,15.1954,6.8890,-1.8128,11.3004,6.1392,B,A,23
1,0,0,1,1,1,1,1,1,1,1,10.9413,34.9679,1002,0.0000,14.5377,STEP2: Boundary 0.5,7.1167,16.3088,3.8246,-5.3675,9.1392,4.0474,B,A,21
-1,-1,-1,-1,-1,-1,-1,-1,-1,-1,-1,10.066503298776455,36.69724956191224,999,11.920556764391637,STEP2: Boundary 0.5 [ERROR: TIMEOUT]
-1,-1,-1,-1,-1,-1,-1,-1,-1,-1,-1,14.63671028937101,36.47650368704903,1003,11.61639885430915,STEP2: Boundary 0.5 [ERROR: TIMEOUT]
-1,-1,-1,-1,-1,-1,-1,-1,-1,-1,-1,11.540436615727966,32.96711478324781,1004,12.334918907709733,STEP2: Boundary 0.5 [ERROR: TIMEOUT]
-1,-1,-1,-1,-1,-1,-1,-1,-1,-1,-1,13.661480359401427,37.0689958331899,1005,13.808677151819005,STEP2: Boundary 0.5 [ERROR: TIMEOUT]
1,0,0,1,1,1,1,1,1,1,1,11.8773,38.7374,1006,0.0000,16.1445,STEP2: Boundary 0.5,8.5605,18.8223,3.3168,-6.9449,9.7825,4.1301,B,A,21
1,0,1,1,1,1,1,1,1,1,1,13.8596,36.7684,1007,0.0000,11.6186,STEP2: Boundary 0.5,7.7899,17.4913,6.0697,-3.6317,10.5109,4.1057,B,A,23
1,0,0,1,1,1,1,1,1,1,1,11.3986,39.4742,1008,0.0000,16.5725,STEP2: Boundary 0.5,8.8581,19.3305,2.5405,-7.9319,9.2907,3.5610,B,A,21
1,0,1,1,1,1,1,1,1,1,1,12.3155,38.8714,1009,0.0000,13.5894,STEP2: Boundary 0.5,8.6143,18.9143,3.7013,-6.5988,9.1605,2.7420,B,A,23
1,0,1,1,1,1,1,1,1,1,1,14.9118,36.7299,1010,0.0000,10.3038,STEP2: Boundary 0.5,7.7752,17.4657,7.1366,-2.5538,11.0716,4.3039,B,A,22
0,0,0,0,0,0,0,0,0,1,1,12.7324,36.3540,1011,2.6000,20.2780,STEP2: Exploration (Max σ),7.6323,17.2162,5.1001,-4.4839,12.7735,8.9347,B,A,21
0,0,0,0,0,0,0,0,0,0,0,24.6348,36.4297,1012,3.4000,14.3101,STEP2: Exploration (Max σ),7.6610,17.2663,16.9739,7.3685,22.3990,16.8490,A,A,23
0,0,0,0,0,0,0,0,0,1,1,14.1754,38.2297,1013,4.2000,19.7327,STEP2: Exploration (Max σ),8.3584,18.4753,5.8170,-4.2999,13.6270,9.1346,B,A,22
0,0,0,0,0,0,0,0,0,0,0,16.5950,35.9797,1014,inf,24.8646,STEP2: Exploration (Max σ),7.4913,16.9692,9.1037,-0.3742,18.4265,15.9847,B,A,21
0,0,0,0,0,0,0,0,0,0,1,14.8061,31.1275,1016,2.0000,12.8901,STEP2: Exploration (Max σ),5.7810,13.8967,9.0251,0.9094,13.2788,8.7534,A,A,22
0,0,0,0,0,0,0,0,0,0,0,20.6861,34.7174,1015,inf,18.3873,STEP2: Exploration (Max σ),7.0254,16.1469,13.6607,4.5392,20.3399,16.4003,A,A,23
0,0,0,0,0,0,0,0,0,0,1,14.7477,31.2324,1017,1.8000,12.8782,STEP2: Exploration (Max σ),5.8157,13.9606,8.9320,0.7871,13.1943,8.6376,A,A,21
0,0,0,0,0,0,0,0,0,0,0,19.4860,30.0422,1018,4.3000,12.5056,STEP2: Exploration (Max σ),5.4284,13.2423,14.0576,6.2437,18.0587,13.7155,A,A,22
0,0,0,0,0,0,0,0,0,0,0,18.1082,35.7394,1019,inf,23.2022,STEP2: Exploration (Max σ),7.4015,16.8115,10.7067,1.2968,19.3547,16.5053,A,A,23
0,0,0,0,0,0,0,0,0,0,0,18.2055,35.5163,1020,3.3000,23.0179,STEP2: Exploration (Max σ),7.3186,16.6654,10.8870,1.5401,19.4186,16.5755,A,A,21
1,0,1,1,1,1,1,1,1,1,1,10.0929,37.5413,1021,0.0000,13.4937,STEP2: Boundary 0.5,8.0881,18.0091,2.0047,-7.9162,7.2593,1.1760,B,A,22
1,0,0,1,1,1,1,1,1,1,1,10.9147,33.6355,1022,0.0000,16.0069,STEP2: Boundary 0.5,6.6378,15.4549,4.2769,-4.5402,9.9310,5.6091,B,A,23
0,0,0,0,0,0,0,1,1,1,1,10.8023,30.1659,1023,0.0000,13.3311,STEP2: Boundary 0.5,5.4680,13.3163,5.3343,-2.5140,9.6148,5.4679,B,A,21
1,0,1,1,1,1,1,1,1,1,1,10.0538,39.6817,1024,0.0000,12.3628,STEP2: Boundary 0.5,8.9428,19.4746,1.1110,-9.4208,6.1703,-0.8212,B,B,22
1,0,0,1,1,1,1,1,1,1,1,13.6746,32.3190,1025,0.0000,11.2570,STEP2: Boundary 0.5,6.1808,14.6290,7.4938,-0.9544,11.3328,6.0323,B,A,23
0,0,0,0,0,0,0,0,0,0,0,24.8662,35.7428,1026,inf,20.5487,STEP2: Exploration (Max σ),7.4028,16.8137,17.4635,8.0526,25.1230,21.5224,A,A,21
0,0,0,0,0,0,0,0,0,0,0,19.0889,30.1110,1027,3.8000,12.6487,STEP2: Exploration (Max σ),5.4504,13.2834,13.6385,5.8055,17.6935,13.3717,A,A,22
0,0,0,0,0,0,0,0,0,1,1,10.1492,30.9994,1029,2.5000,24.9477,STEP2: Exploration (Max σ),5.7388,13.8188,4.4103,-3.6697,12.6135,11.4792,B,A,21
0,0,0,0,0,0,0,0,0,0,0,24.8333,35.6102,1028,inf,20.6831,STEP2: Exploration (Max σ),7.3534,16.7269,17.4798,8.1064,25.1641,21.6364,A,A,23
0,0,0,0,0,0,0,0,0,0,0,18.1507,35.2426,1030,inf,22.8628,STEP2: Exploration (Max σ),7.2175,16.4871,10.9333,1.6637,19.3494,16.5340,A,A,22
1,0,1,1,1,1,1,1,1,1,1,10.1756,35.9980,1031,0.0000,10.5270,STEP2: Boundary 0.5,7.4982,16.9813,2.6774,-6.8057,6.6262,0.1222,B,A,23
1,0,1,1,1,1,1,1,1,1,1,12.4864,34.1520,1032,0.0000,12.6890,STEP2: Boundary 0.5,6.8215,15.7837,5.6649,-3.2974,10.2078,4.8149,B,A,22
1,0,0,1,1,1,1,1,1,1,1,11.8741,35.1144,1033,0.0000,15.7066,STEP2: Boundary 0.5,7.1704,16.4038,4.7037,-4.5297,10.4670,5.6657,B,A,21
1,0,1,1,1,1,1,1,1,1,1,12.0218,33.2287,1034,0.0000,12.1604,STEP2: Boundary 0.5,6.4949,15.1978,5.5269,-3.1760,9.7765,4.4841,B,A,22
1,0,1,1,1,1,1,1,1,1,1,14.2514,39.9159,1035,0.0000,11.0406,STEP2: Boundary 0.5,9.0389,19.6378,5.2124,-5.3865,9.7546,2.3197,B,A,21
1,0,1,1,1,1,1,1,1,1,1,10.3108,31.8400,1037,0.0000,10.9296,STEP2: Boundary 0.5,6.0185,14.3328,4.2923,-4.0220,7.9712,2.7082,B,A,21
1,0,0,1,1,1,1,1,1,1,1,11.3194,36.1895,1038,0.0000,15.1727,STEP2: Boundary 0.5,7.5702,17.1075,3.7492,-5.7881,9.4676,4.2267,B,A,21
0,0,0,0,0,0,0,1,1,1,1,14.0873,37.8345,1039,0.0000,13.9270,STEP2: Boundary 0.5,8.2027,18.2071,5.8846,-4.1198,11.3458,5.3061,B,A,22
-1,-1,-1,-1,-1,-1,-1,-1,-1,-1,-1,12.498334204919445,30.251178397657387,1036,11.747087254322546,STEP2: Boundary 0.5 [ERROR: TIMEOUT]
1,0,0,1,1,1,1,1,1,1,1,13.8065,34.2651,1040,0.0000,10.5864,STEP2: Boundary 0.5,6.8621,15.8562,6.9444,-2.0497,10.7456,4.7306,B,A,21
0,0,1,0,1,1,1,1,1,1,1,23.6168,32.4080,1042,0.0000,10.2983,STEP2: Exploration (Max σ),6.2112,14.6843,17.4056,8.9325,20.9262,15.3336,A,A,21
0,0,0,0,0,0,0,0,0,0,0,24.9237,32.8800,1041,inf,16.5488,STEP2: Exploration (Max σ),6.3736,14.9788,18.5501,9.9449,24.2799,20.3106,A,A,22
0,0,0,0,0,1,1,1,1,1,1,17.5559,33.3526,1043,0.0000,21.7681,STEP2: Exploration (Max σ),6.5383,15.2760,11.0177,2.2800,18.6498,16.0195,A,A,21
0,0,0,0,0,0,0,0,0,0,0,19.8176,39.9368,1045,0.0000,22.0244,STEP2: Exploration (Max σ),9.0475,19.6524,10.7701,0.1652,19.8353,15.5427,A,A,21
0,0,0,0,0,0,0,0,0,0,1,14.0295,35.7840,1044,inf,24.9836,STEP2: Exploration (Max σ),7.4181,16.8407,6.6114,-2.8112,15.9336,13.5763,B,A,22
-1,-1,-1,-1,-1,-1,-1,-1,-1,-1,-1,24.9632,33.0771,1047,inf,16.5279,STEP2: Exploration (Max σ),6.4420,15.1024,18.5212,9.8607,24.2738,20.2464,A,A,21
0,0,0,0,1,1,1,1,1,1,1,23.5356,32.4347,1048,0.0000,10.3543,STEP2: Exploration (Max σ),6.2204,14.7009,17.3153,8.8347,20.8576,15.2734,A,A,22
0,0,0,0,0,1,1,1,1,1,1,22.7227,38.9831,1050,0.0000,22.4205,STEP2: Exploration (Max σ),8.6592,18.9912,14.0635,3.7316,23.0937,19.1679,A,A,22
0,0,0,0,0,0,0,0,1,1,1,13.6987,39.0211,1049,0.8000,17.8891,STEP2: Exploration (Max σ),8.6745,19.0173,5.0242,-5.3186,12.2356,7.0049,B,A,21
0,0,0,0,0,0,0,0,0,0,0,10.2822,31.6921,1051,0.0000,14.8886,STEP2: Boundary 0.5,5.9689,14.2419,4.3134,-3.9597,9.3045,5.1860,B,A,22
-1,-1,-1,-1,-1,-1,-1,-1,-1,-1,-1,10.4839,35.4134,1052,inf,17.0525,STEP2: Boundary 0.5,7.2805,16.5983,3.2034,-6.1144,9.5077,5.0065,B,A,22
-1,-1,-1,-1,-1,-1,-1,-1,-1,-1,-1,23.015960938155672,39.82492450650689,1046,22.706101718328355,STEP2: Exploration (Max σ) [ERROR: TIMEOUT]
1,0,0,1,1,1,1,1,1,1,1,12.0731,39.6524,1053,0.0000,16.8089,STEP2: Boundary 0.5,8.9309,19.4543,3.1423,-7.3812,10.0165,4.3062,B,A,22
0,0,0,0,0,0,1,1,1,1,1,10.2897,37.2946,1055,0.0000,18.5496,STEP2: Boundary 0.5,7.9923,17.8431,2.2974,-7.5534,9.4784,4.8991,B,A,22
0,0,0,0,0,0,0,0,0,0,0,21.5385,36.6251,1056,3.1000,16.2684,STEP2: Exploration (Max σ),7.7352,17.3960,13.8033,4.1426,20.0003,14.9528,A,A,23
-1,-1,-1,-1,-1,-1,-1,-1,-1,-1,-1,10.8606744274306,39.27381100792651,1054,13.18459949184603,STEP2: Boundary 0.5 [ERROR: TIMEOUT]
0,0,0,0,0,0,0,0,0,1,1,12.4167,30.5968,1057,2.5000,17.4080,STEP2: Exploration (Max σ),5.6072,13.5752,6.8095,-1.1585,12.4685,9.3407,B,A,22
0,0,0,0,0,0,0,0,0,0,1,13.0860,30.7848,1058,2.3000,17.3284,STEP2: Exploration (Max σ),5.6685,13.6888,7.4175,-0.6028,13.0808,9.8816,B,A,23
0,0,0,0,0,0,0,0,0,0,0,18.2287,32.2456,1059,4.1000,16.6572,STEP2: Exploration (Max σ),6.1558,14.5835,12.0729,3.6452,17.7423,13.9712,A,A,23
0,0,0,0,0,0,0,0,0,0,0,23.4394,39.7728,1060,inf,23.2157,STEP2: Exploration (Max σ),8.9801,19.5380,14.4593,3.9014,23.9796,20.0719,A,A,21
1,0,0,1,1,1,1,1,1,1,1,14.1559,38.2111,1061,0.0000,13.4867,STEP2: Boundary 0.5,8.3510,18.4627,5.8048,-4.3068,11.1404,4.8727,B,A,22
1,0,1,1,1,1,1,1,1,1,1,15.0191,37.8827,1062,0.0000,10.2198,STEP2: Boundary 0.5,8.2216,18.2397,6.7975,-3.2206,10.8096,3.7013,B,A,23
1,0,1,1,1,1,1,1,1,1,1,10.3880,30.6639,1063,0.0000,13.5038,STEP2: Boundary 0.5,5.6291,13.6157,4.7589,-3.2277,9.1572,4.9260,B,A,21
1,0,0,1,1,1,1,1,1,1,1,10.1266,33.0939,1064,0.0000,16.4801,STEP2: Boundary 0.5,6.4479,15.1130,3.6787,-4.9864,9.4173,5.3721,B,A,22
1,0,0,1,1,1,1,1,1,1,1,10.7604,31.4226,1065,0.0000,14.1803,STEP2: Boundary 0.5,5.8788,14.0767,4.8816,-3.3163,9.5999,5.3554,B,A,23
1,0,0,1,1,1,1,1,1,1,1,10.1597,30.8557,1066,0.0000,13.8635,STEP2: Boundary 0.5,5.6917,13.7317,4.4680,-3.5720,9.0080,4.8260,B,A,21
1,0,0,1,1,1,1,1,1,1,1,11.3752,33.6424,1067,0.1000,14.3750,STEP2: Boundary 0.5,6.6403,15.4593,4.7350,-4.0841,9.8136,5.0316,B,A,22
1,0,0,1,1,1,1,1,1,1,1,10.8711,37.9890,1068,0.0000,16.7350,STEP2: Boundary 0.5,8.2634,18.3118,2.6077,-7.4406,9.1939,3.9120,B,A,23
1,0,0,1,1,1,1,1,1,1,1,10.9001,37.9611,1069,0.0000,16.7126,STEP2: Boundary 0.5,8.2524,18.2929,2.6476,-7.3928,9.2207,3.9399,B,A,21
1,0,1,1,1,1,1,1,1,1,1,12.4821,39.0038,1070,0.0000,12.8854,STEP2: Boundary 0.5,8.6675,19.0054,3.8146,-6.5233,9.0068,2.3509,B,A,22
0,0,0,0,0,0,0,0,0,0,1,11.8288,31.5658,1071,1.3000,19.1311,STEP2: Exploration (Max σ),5.9266,14.1644,5.9022,-2.3356,12.2932,9.3916,B,A,23
0,0,0,0,0,0,0,0,0,0,0,22.9846,30.6684,1072,3.7000,12.1655,STEP2: Exploration (Max σ),5.6305,13.6184,17.3541,9.3662,21.3170,16.7124,A,A,21
0,0,0,0,0,0,0,0,0,0,0,21.9767,36.8418,1073,2.8000,16.3916,STEP2: Exploration (Max σ),7.8180,17.5402,14.1587,4.4364,20.4355,15.3646,A,A,22
0,0,0,0,0,0,0,0,0,0,0,21.0400,36.5071,1074,4.1000,15.7115,STEP2: Exploration (Max σ),7.6903,17.3176,13.3497,3.7224,19.3174,14.1437,A,A,23
0,0,0,0,0,0,0,0,0,0,0,23.1763,37.9613,1075,4.0000,13.0819,STEP2: Exploration (Max σ),8.2525,18.2929,14.9239,4.8834,20.0690,13.7541,A,A,21
0,0,0,0,0,0,0,0,0,0,0,22.2937,38.1285,1076,3.3000,24.9424,STEP2: Exploration (Max σ),8.3184,18.4065,13.9753,3.8872,23.8238,20.8429,A,A,22
0,0,0,0,0,0,0,0,0,1,1,11.6510,31.7494,1077,1.9000,19.2613,STEP2: Exploration (Max σ),5.9881,14.2771,5.6629,-2.6261,12.1301,9.2169,B,A,21
0,0,0,0,0,0,0,0,0,0,0,18.0137,32.1697,1078,2.6000,17.1164,STEP2: Exploration (Max σ),6.1300,14.5364,11.8838,3.4773,17.6974,14.0748,A,A,22
0,0,0,0,0,0,0,0,0,1,1,16.0477,38.7569,1079,1.4000,16.2125,STEP2: Exploration (Max σ),8.5683,18.8357,7.4794,-2.7880,13.9753,8.3370,B,A,21
0,0,0,0,0,0,0,0,0,0,0,22.8653,30.0248,1080,inf,12.8634,STEP2: Exploration (Max σ),5.4228,13.2319,17.4425,9.6334,21.5560,17.3168,A,A,23
1,0,0,1,1,1,1,1,1,1,1,10.0487,38.1884,1081,0.0000,19.1269,STEP2: Boundary 0.5,8.3420,18.4472,1.7067,-8.3985,9.2695,4.6156,B,A,22
1,0,0,1,1,1,1,1,1,1,1,12.2005,32.9182,1082,0.0000,12.4236,STEP2: Boundary 0.5,6.3868,15.0027,5.8137,-2.8022,10.1195,4.9844,B,A,21
1,0,1,1,1,1,1,1,1,1,1,12.2754,39.6472,1083,0.0000,12.4574,STEP2: Boundary 0.5,8.9287,19.4507,3.3467,-7.1752,8.4408,1.4859,B,A,23
0,0,0,0,0,0,0,1,1,1,1,11.3094,32.1866,1084,0.7000,14.8272,STEP2: Boundary 0.5,6.1357,14.5469,5.1737,-3.2375,10.2121,5.9452,B,A,22
1,0,0,1,1,1,1,1,1,1,1,12.8275,31.5591,1085,0.0000,11.3569,STEP2: Boundary 0.5,5.9243,14.1603,6.9031,-1.3328,10.6963,5.6281,B,A,23
0,0,0,0,0,0,0,0,0,0,0,13.3713,30.0484,1086,1.6000,13.4426,STEP2: Exploration (Max σ),5.4304,13.2460,7.9409,0.1253,12.2426,8.1578,A,A,22
0,0,0,0,0,0,0,0,0,0,0,20.4563,38.7181,1088,3.0000,17.9819,STEP2: Exploration (Max σ),8.5528,18.8090,11.9035,1.6472,19.1018,13.9792,A,A,23
0,0,0,0,0,0,0,0,0,0,0,19.0716,37.1257,1089,2.6000,15.5051,STEP2: Exploration (Max σ),7.9271,17.7299,11.1445,1.3417,17.1227,11.7237,A,A,23
-1,-1,-1,-1,-1,-1,-1,-1,-1,-1,-1,14.2314623308815,30.043955260445337,1087,20.52915780189097,STEP2: Exploration (Max σ) [ERROR: TIMEOUT]
0,0,0,0,0,0,0,0,0,0,0,19.1148,37.3114,1090,1.6000,15.6435,STEP2: Exploration (Max σ),7.9988,17.8544,11.1160,1.2604,17.1744,11.7647,A,A,23
0,0,0,0,0,0,0,0,0,0,1,17.3877,39.9000,1091,inf,18.8503,STEP2: Exploration (Max σ),9.0324,19.6267,8.3553,-2.2390,16.1077,10.9153,B,A,22
0,0,0,0,0,0,0,0,0,0,0,17.3473,31.6828,1093,3.4000,23.9341,STEP2: Exploration (Max σ),5.9657,14.2362,11.3816,3.1111,19.4030,17.8110,A,A,22
0,0,0,0,0,0,0,1,1,1,1,13.6827,39.9208,1092,1.9000,21.6548,STEP2: Exploration (Max σ),9.0410,19.6413,4.6417,-5.9586,13.5516,9.1573,B,A,23
0,0,0,0,0,0,0,0,0,0,0,21.3803,37.3782,1095,inf,18.6204,STEP2: Exploration (Max σ),8.0247,17.8993,13.3556,3.4810,20.5784,15.9969,A,A,22
1,0,0,1,1,1,1,1,1,1,1,15.1541,37.5083,1096,0.0000,12.9696,STEP2: Boundary 0.5,8.0753,17.9868,7.0788,-2.8328,12.1253,5.9020,B,A,23
1,0,1,1,1,1,1,1,1,1,1,10.1404,39.7568,1097,0.0000,19.2744,STEP2: Boundary 0.5,8.9736,19.5269,1.1668,-9.3864,9.0680,4.0356,B,A,22
1,0,1,1,1,1,1,1,1,1,1,10.2626,32.1256,1098,0.0000,10.1661,STEP2: Boundary 0.5,6.1150,14.5091,4.1475,-4.2466,7.5963,2.0431,B,A,23
-1,-1,-1,-1,-1,-1,-1,-1,-1,-1,-1,21.588182785011462,31.245908304371532,1094,24.95736002230996,STEP2: Exploration (Max σ) [ERROR: TIMEOUT]
1,0,0,1,1,1,1,1,1,1,1,12.2010,32.9188,1099,0.0000,13.4970,STEP2: Boundary 0.5,6.3871,15.0031,5.8139,-2.8021,10.4919,5.6573,B,A,22
1,0,0,1,1,1,1,1,1,1,1,13.1667,37.7817,1100,0.0000,15.2970,STEP2: Boundary 0.5,8.1820,18.1713,4.9847,-5.0046,10.9756,5.3402,B,A,23
0,0,0,0,0,0,0,1,1,1,1,12.1656,33.1730,1101,0.0000,13.9881,STEP2: Boundary 0.5,6.4754,15.1628,5.6901,-2.9972,10.5713,5.8063,B,A,21
1,0,1,1,1,1,1,1,1,1,1,10.5987,39.6614,1102,0.0000,13.8876,STEP2: Boundary 0.5,8.9345,19.4605,1.6641,-8.8618,7.3448,0.7956,B,A,22
1,0,1,1,1,1,1,1,1,1,1,13.2682,33.9420,1104,0.0000,11.8094,STEP2: Boundary 0.5,6.7465,15.6498,6.5217,-2.3815,10.7267,5.1432,B,A,22
1,0,1,1,1,1,1,1,1,1,1,10.5293,35.8703,1103,0.0000,15.1974,STEP2: Boundary 0.5,7.4504,16.8974,3.0789,-6.3681,8.7617,3.6137,B,A,21
1,0,1,1,1,1,1,1,1,1,1,10.1251,39.8999,1105,0.0000,17.1417,STEP2: Boundary 0.5,9.0323,19.6266,1.0927,-9.5016,8.1424,2.4604,B,A,23
0,0,0,0,0,0,0,1,1,1,1,11.2806,38.7170,1106,3.7000,19.2025,STEP2: Boundary 0.5,8.5524,18.8083,2.7283,-7.5277,10.4150,5.6411,B,A,22
1,0,0,1,1,1,1,1,1,1,1,10.1048,36.2524,1107,0.0000,17.1543,STEP2: Boundary 0.5,7.5939,17.1490,2.5109,-7.0442,8.9861,4.2895,B,A,21
1,0,0,1,1,1,1,1,1,1,1,10.2904,38.4879,1108,0.0000,19.6840,STEP2: Boundary 0.5,8.4609,18.6514,1.8295,-8.3610,9.6673,5.0920,B,A,23
1,0,0,1,1,1,1,1,1,1,1,13.8950,32.9394,1110,0.0000,10.0626,STEP2: Boundary 0.5,6.3942,15.0160,7.5008,-1.1210,10.9904,5.1880,B,A,21
1,0,0,1,1,1,1,1,1,1,1,13.4887,35.1790,1109,0.0000,13.8971,STEP2: Boundary 0.5,7.1941,16.4457,6.2947,-2.9570,11.4022,6.0730,B,A,22
0,0,0,0,0,0,0,0,0,1,1,13.3988,31.6523,1112,0.0000,10.9494,STEP2: Boundary 0.5,5.9555,14.2175,7.4433,-0.8187,11.1098,5.9029,B,A,21
0,0,0,0,0,0,0,1,1,1,1,13.7072,34.2798,1111,0.0000,13.1260,STEP2: Boundary 0.5,6.8673,15.8656,6.8398,-2.1584,11.5547,6.2504,B,A,23
1,0,1,1,1,1,1,1,1,1,1,11.1214,31.1241,1113,0.0000,11.7401,STEP2: Boundary 0.5,5.7799,13.8946,5.3415,-2.7732,9.2154,4.3706,B,A,22
1,0,1,1,1,1,1,1,1,1,1,10.0199,30.7016,1115,0.0000,14.2956,STEP2: Boundary 0.5,5.6413,13.6384,4.3786,-3.6185,9.0397,5.0188,B,A,23
1,0,0,1,1,1,1,1,1,1,1,10.0540,36.6487,1114,0.0000,18.0426,STEP2: Boundary 0.5,7.7442,17.4116,2.3098,-7.3576,9.1866,4.6358,B,A,21
0,0,0,0,0,0,0,0,0,1,1,16.1553,34.5787,1116,0.0000,10.5611,STEP2: Boundary 0.5,6.9751,16.0575,9.1801,0.0978,13.0029,6.8955,A,A,23
0,0,0,0,0,0,0,1,1,1,1,13.3271,38.0698,1117,0.0000,15.1469,STEP2: Boundary 0.5,8.2952,18.3666,5.0319,-5.0395,11.0044,5.2482,B,A,21
0,0,0,0,0,0,0,0,0,0,1,13.7813,30.2471,1118,0.0000,10.2844,STEP2: Boundary 0.5,5.4941,13.3649,8.2872,0.4164,11.5972,6.5826,A,A,22
1,0,1,1,1,1,1,1,1,1,1,13.4839,39.9335,1119,0.0000,11.5203,STEP2: Boundary 0.5,9.0462,19.6501,4.4377,-6.1662,9.1791,1.8769,B,A,23
1,0,1,1,1,1,1,1,1,1,1,14.7062,39.9994,1120,0.0000,11.3264,STEP2: Boundary 0.5,9.0733,19.6961,5.6329,-4.9899,10.3014,2.9255,B,A,21
0,0,0,0,0,0,0,0,0,0,0,14.4733,30.0465,1121,2.2000,20.4922,STEP2: Exploration (Max σ),5.4297,13.2448,9.0436,1.2285,15.6008,13.4731,A,A,22
0,0,0,0,0,0,0,0,0,0,0,23.0096,30.1088,1122,inf,17.8586,STEP2: Exploration (Max σ),5.4497,13.2821,17.5599,9.7275,23.2848,20.4098,A,A,23
0,0,0,0,0,0,0,0,0,0,0,18.4188,31.4989,1124,2.5000,13.3058,STEP2: Exploration (Max σ),5.9043,14.1234,12.5146,4.2954,16.9513,12.4427,A,A,23
0,0,0,0,0,0,0,0,0,0,0,14.9068,30.9509,1123,3.9000,20.3045,STEP2: Exploration (Max σ),5.7229,13.7894,9.1838,1.1173,15.8511,13.4367,A,A,22
0,0,0,0,0,0,0,0,0,0,0,14.6732,30.2979,1125,3.7000,20.4402,STEP2: Exploration (Max σ),5.5105,13.3954,9.1628,1.2778,15.7509,13.5437,A,A,21
0,0,0,0,0,0,0,0,0,0,0,14.4972,30.2267,1126,3.1000,20.5881,STEP2: Exploration (Max σ),5.4875,13.3527,9.0097,1.1446,15.6320,13.4843,A,A,23
0,0,0,0,0,0,0,0,0,0,0,21.1656,35.4553,1127,inf,20.4148,STEP2: Exploration (Max σ),7.2960,16.6256,13.8696,4.5399,21.4248,17.8623,A,A,22
0,0,0,0,0,0,0,0,0,0,0,23.3057,33.5071,1128,inf,19.9196,STEP2: Exploration (Max σ),6.5926,15.3736,16.7131,7.9321,23.7257,20.5362,A,A,21
0,0,0,0,0,0,0,0,0,0,0,22.7699,30.2393,1129,4.6000,17.9969,STEP2: Exploration (Max σ),5.4916,13.3602,17.2783,9.4097,23.0692,20.1986,A,A,23
0,0,0,0,0,0,0,0,0,0,0,22.9873,31.6332,1130,4.2000,15.5060,STEP2: Exploration (Max σ),5.9491,14.2058,17.0382,8.7815,22.2278,18.2972,A,A,22
1,0,0,1,1,1,1,1,1,1,1,16.9681,38.2970,1131,0.0000,10.4297,STEP2: Boundary 0.5,8.3850,18.5212,8.5831,-1.5530,12.7175,5.5549,B,A,21
0,0,0,0,0,0,0,0,1,1,1,12.5572,32.8293,1133,0.0000,13.7097,STEP2: Boundary 0.5,6.3561,14.9471,6.2011,-2.3899,10.9414,6.1903,B,A,21
1,0,1,1,1,1,1,1,1,1,1,15.3448,36.2492,1134,0.0000,10.1335,STEP2: Boundary 0.5,7.5927,17.1469,7.7521,-1.8021,11.5769,4.8927,B,A,21
-1,-1,-1,-1,-1,-1,-1,-1,-1,-1,-1,10.172661153192376,35.755182603814035,1132,17.046184780437635,STEP2: Boundary 0.5 [ERROR: TIMEOUT]
1,0,0,1,1,1,1,1,1,1,1,11.6786,35.0562,1135,0.0000,14.8366,STEP2: Boundary 0.5,7.1490,16.3660,4.5296,-4.6874,9.9656,4.9344,B,A,23
1,0,1,1,1,1,1,1,1,1,1,11.2383,35.2974,1137,0.0000,15.2971,STEP2: Boundary 0.5,7.2376,16.5227,4.0007,-5.2844,9.6396,4.6737,B,A,23
-1,-1,-1,-1,-1,-1,-1,-1,-1,-1,-1,13.472290886816488,31.159963539221085,1136,11.285174242145175,STEP2: Boundary 0.5 [ERROR: TIMEOUT]
0,0,0,0,0,0,0,0,0,1,1,15.8219,38.7939,1138,1.6000,13.0293,STEP2: Boundary 0.5,8.5832,18.8611,7.2388,-3.0391,12.4637,5.9064,B,A,23
1,0,1,1,1,1,1,1,1,1,1,10.0931,33.5136,1140,0.0000,14.2529,STEP2: Boundary 0.5,6.5948,15.3777,3.4983,-5.2846,8.5167,3.7349,B,A,23
0,0,0,0,0,0,0,0,1,1,1,12.4650,30.2243,1141,0.9000,11.7209,STEP2: Boundary 0.5,5.4868,13.3512,6.9782,-0.8863,10.7481,6.1385,B,A,21
1,0,0,1,1,1,1,1,1,1,1,11.2062,37.5740,1142,0.0000,17.4469,STEP2: Boundary 0.5,8.1009,18.0311,3.1053,-6.8249,9.9046,4.9369,B,A,23
-1,-1,-1,-1,-1,-1,-1,-1,-1,-1,-1,13.215562835802569,34.06547324995857,1139,12.02852865338143,STEP2: Boundary 0.5 [ERROR: TIMEOUT]
1,0,1,1,1,1,1,1,1,1,1,11.0634,39.7868,1143,0.0000,16.4130,STEP2: Boundary 0.5,8.9859,19.5478,2.0775,-8.4844,8.8103,2.9501,B,A,21
0,0,0,0,0,0,0,0,1,1,1,14.4006,39.6760,1144,0.3000,13.3875,STEP2: Boundary 0.5,8.9405,19.4707,5.4601,-5.0701,10.9381,4.2416,B,A,23
1,0,0,1,1,1,1,1,1,1,1,14.2163,38.8050,1145,0.0000,13.7597,STEP2: Boundary 0.5,8.5876,18.8687,5.6287,-4.6524,11.1479,4.7961,B,A,21
1,0,0,1,1,1,1,1,1,1,1,14.3335,32.7585,1146,0.0000,11.1511,STEP2: Boundary 0.5,6.3316,14.9028,8.0019,-0.5693,11.8502,6.4016,B,A,23
0,0,0,0,0,0,1,1,1,1,1,10.7357,38.1379,1147,0.0000,19.7104,STEP2: Boundary 0.5,8.3221,18.4128,2.4136,-7.6771,10.1980,5.7238,B,A,21
1,0,0,1,1,1,1,1,1,1,1,12.6977,36.3877,1148,0.0000,13.0585,STEP2: Boundary 0.5,7.6451,17.2385,5.0527,-4.5408,9.9982,4.1049,B,A,22
0,0,0,0,0,0,0,0,1,1,1,13.5976,33.7862,1149,0.0000,12.2668,STEP2: Boundary 0.5,6.6912,15.5506,6.9064,-1.9530,11.2565,5.8437,B,A,23
1,0,1,1,1,1,1,1,1,1,1,10.3123,33.8714,1150,0.0000,12.4419,STEP2: Boundary 0.5,6.7214,15.6048,3.5909,-5.2924,8.0130,2.6264,B,A,22
0,0,0,0,0,0,0,0,0,0,0,23.3995,36.2842,1151,inf,23.6176,STEP3: Safe Area Cleanup (σ=0.5183),7.6059,17.1701,15.7936,6.2295,24.7155,21.8412,A,A,23
0,0,0,0,0,0,0,0,0,0,0,19.6209,39.9780,1152,inf,14.9318,STEP3: Safe Area Cleanup (σ=0.5183),9.0645,19.6812,10.5565,-0.0602,16.7081,10.3715,B,A,21
0,0,0,0,0,0,0,0,0,0,0,22.8399,35.8293,1153,inf,14.1633,STEP3: Safe Area Cleanup (σ=0.5183),7.4350,16.8704,15.4048,5.9694,20.6955,15.2661,A,A,22
0,0,0,0,0,0,0,0,0,0,1,11.7267,31.7058,1154,4.3000,24.7928,STEP3: Safe Area Cleanup (σ=0.5183),5.9734,14.2503,5.7533,-2.5236,14.0677,12.7095,B,A,23
0,0,0,0,0,0,0,0,0,0,0,23.0071,32.3250,1155,inf,19.0974,STEP3: Safe Area Cleanup (σ=0.5183),6.1829,14.6327,16.8242,8.3743,23.3382,20.2284,A,A,21
0,0,0,0,0,0,0,0,0,0,0,16.2786,39.0751,1156,2.3000,24.8334,STEP3: Safe Area Cleanup (σ=0.5190),8.6963,19.0545,7.5823,-2.7760,17.6055,14.3450,B,A,21
0,0,0,0,0,0,0,0,0,0,1,16.8216,38.9336,1157,2.2000,20.6173,STEP3: Safe Area Cleanup (σ=0.5190),8.6393,18.9571,8.1823,-2.1355,16.4768,12.0490,B,A,22
0,0,0,0,0,0,0,1,1,1,1,10.0675,33.9547,1158,2.6000,23.5009,STEP3: Safe Area Cleanup (σ=0.5190),6.7510,15.6578,3.3165,-5.5903,11.6872,9.3870,B,A,21
0,0,0,0,0,0,0,0,1,1,1,11.6713,33.7043,1160,4.5000,20.5955,STEP3: Safe Area Cleanup (σ=0.5190),6.6621,15.4986,5.0092,-3.8273,12.2972,9.2459,B,A,22
0,0,0,0,0,0,0,0,0,0,0,16.3163,30.0168,1161,3.0000,23.6580,STEP3: Safe Area Cleanup (σ=0.5195),5.4202,13.2271,10.8960,3.0892,18.4598,17.2183,A,A,21
0,0,0,0,0,0,0,0,0,0,0,17.8007,33.5090,1162,3.0000,12.9158,STEP3: Safe Area Cleanup (σ=0.5195),6.5932,15.3748,11.2074,2.4258,15.7545,10.5986,A,A,22
-1,-1,-1,-1,-1,-1,-1,-1,-1,-1,-1,12.49690259470076,33.63230455103457,1159,24.05159470127947,STEP3: Safe Area Cleanup (σ=0.5190) [ERROR: TIMEOUT]
0,0,0,0,0,0,0,0,0,0,0,19.4622,39.9564,1163,inf,14.9580,STEP3: Safe Area Cleanup (σ=0.5195),9.0556,19.6661,10.4066,-0.2038,16.5661,10.2429,B,A,21
0,0,0,0,0,0,0,0,0,0,0,23.3345,32.0512,1164,inf,19.2937,STEP3: Safe Area Cleanup (σ=0.5195),6.0898,14.4631,17.2447,8.8714,23.7767,20.7935,A,A,22
0,0,0,0,0,0,0,0,0,0,0,16.1614,30.0268,1165,4.4000,23.6140,STEP3: Safe Area Cleanup (σ=0.5195),5.4234,13.2331,10.7379,2.9283,18.2898,17.0335,A,A,21
0,0,0,0,0,0,0,0,0,0,1,12.6093,33.5027,1166,inf,24.9822,STEP3: Safe Area Cleanup (σ=0.5220),6.5910,15.3708,6.0183,-2.7615,14.8121,13.0449,B,A,22
0,0,0,0,0,0,0,0,0,0,0,17.5720,37.1050,1167,inf,22.8073,STEP3: Safe Area Cleanup (σ=0.5220),7.9191,17.7161,9.6529,-0.1440,18.4422,15.1227,B,A,21
0,0,0,0,0,0,0,0,0,0,1,12.5598,33.5231,1169,1.9000,24.1647,STEP3: Safe Area Cleanup (σ=0.5220),6.5982,15.3837,5.9616,-2.8239,14.4722,12.4703,B,A,22
0,0,0,0,0,0,0,0,0,1,1,12.2300,33.5006,1170,2.0000,19.6527,STEP3: Safe Area Cleanup (σ=0.5220),6.5902,15.3695,5.6398,-3.1394,12.5572,9.2946,B,A,21
0,0,0,0,0,0,0,0,0,0,0,20.5883,34.6441,1171,3.3000,14.6066,STEP3: Safe Area Cleanup (σ=0.5229),6.9988,16.0996,13.5895,4.4887,18.8855,13.9001,A,A,22
-1,-1,-1,-1,-1,-1,-1,-1,-1,-1,-1,24.984752278326127,38.33394900409994,1168,19.360272054864886,STEP3: Safe Area Cleanup (σ=0.5220) [ERROR: TIMEOUT]
0,0,0,0,0,0,0,0,0,0,0,20.2472,34.8950,1172,inf,14.7077,STEP3: Safe Area Cleanup (σ=0.5229),7.0901,16.2616,13.1572,3.9856,18.5240,13.4997,A,A,21
0,0,0,0,0,0,0,0,0,0,0,20.6951,31.0565,1173,inf,15.2651,STEP3: Safe Area Cleanup (σ=0.5229),5.7577,13.8536,14.9374,6.8415,19.9648,16.1197,A,A,22
0,0,0,0,0,0,0,0,0,0,0,20.2793,33.5382,1174,inf,19.4451,STEP3: Safe Area Cleanup (σ=0.5229),6.6035,15.3932,13.6758,4.8860,20.5269,17.1961,A,A,22
0,0,0,0,0,0,0,0,0,0,0,17.8366,37.3839,1175,inf,22.7479,STEP3: Safe Area Cleanup (σ=0.5229),8.0270,17.9032,9.8096,-0.0666,18.6347,15.2249,B,A,21
0,0,0,0,0,0,0,0,0,0,0,17.4396,37.1582,1176,2.8000,23.0802,STEP3: Safe Area Cleanup (σ=0.5219),7.9396,17.7517,9.4999,-0.3121,18.4057,15.1497,B,A,22
0,0,0,0,0,0,0,0,0,0,0,17.4857,37.1699,1178,inf,22.8117,STEP3: Safe Area Cleanup (σ=0.5219),7.9441,17.7595,9.5415,-0.2738,18.3462,15.0108,B,A,21
0,0,0,0,0,0,0,0,0,0,0,17.6485,37.0395,1179,inf,22.7983,STEP3: Safe Area Cleanup (σ=0.5219),7.8939,17.6723,9.7546,-0.0237,18.5265,15.2217,B,A,21
-1,-1,-1,-1,-1,-1,-1,-1,-1,-1,-1,12.55479755552411,33.58588264867054,1177,24.647560684638123,STEP3: Safe Area Cleanup (σ=0.5219) [ERROR: TIMEOUT]
0,0,0,0,0,0,0,0,0,1,1,11.3180,32.4392,1180,2.2000,22.0791,STEP3: Safe Area Cleanup (σ=0.5219),6.2219,14.7037,5.0961,-3.3857,12.6505,10.3449,B,A,21
0,0,0,0,0,0,0,0,0,0,0,16.1091,34.6678,1181,inf,22.1702,STEP3: Safe Area Cleanup (σ=0.5203),7.0074,16.1149,9.1018,-0.0057,17.1449,14.2844,B,A,22
0,0,0,0,0,0,0,0,0,0,0,22.3510,38.8731,1182,1.7000,10.2693,STEP3: Safe Area Cleanup (σ=0.5203),8.6149,18.9155,13.7360,3.4355,17.8617,10.4944,A,A,21
0,0,0,0,0,0,0,0,0,0,0,18.5777,32.2317,1183,inf,19.1494,STEP3: Safe Area Cleanup (σ=0.5203),6.1511,14.5748,12.4266,4.0029,18.9418,15.8710,A,A,22
0,0,0,0,0,0,0,0,0,0,0,21.1749,38.1318,1184,inf,15.5265,STEP3: Safe Area Cleanup (σ=0.5203),8.3197,18.4087,12.8552,2.7661,18.9863,13.3215,A,A,23
0,0,0,0,0,0,0,0,0,0,0,17.4237,37.0437,1185,inf,23.1407,STEP3: Safe Area Cleanup (σ=0.5203),7.8955,17.6750,9.5282,-0.2514,18.4327,15.2240,B,A,21
0,0,0,0,0,0,0,0,0,0,0,24.8577,31.0393,1186,inf,13.0093,STEP3: Safe Area Cleanup (σ=0.5191),5.7520,13.8431,19.1057,11.0146,23.3882,18.9195,A,A,22
0,0,0,0,0,0,0,0,0,0,1,14.7907,38.8017,1188,2.3000,21.8348,STEP3: Safe Area Cleanup (σ=0.5191),8.5863,18.8664,6.2044,-4.0757,14.9621,10.9171,B,A,21
0,0,0,0,0,0,0,0,0,0,0,20.6583,31.0412,1187,inf,15.2530,STEP3: Safe Area Cleanup (σ=0.5191),5.7526,13.8442,14.9057,6.8141,19.9270,16.0826,A,A,23
1,0,0,1,1,1,1,1,1,1,1,10.2954,36.1606,1189,0.0000,20.4296,STEP3: Safe Area Cleanup (σ=0.5191),7.5593,17.0885,2.7361,-6.7931,10.4303,6.6856,B,A,22
0,0,0,0,0,0,0,0,0,0,0,21.1564,38.4248,1191,2.1000,11.7253,STEP3: Safe Area Cleanup (σ=0.5175),8.4358,18.6084,12.7206,2.5480,17.3826,10.5542,A,A,23
0,0,0,0,0,0,0,0,0,0,0,24.9429,37.6402,1190,inf,22.4522,STEP3: Safe Area Cleanup (σ=0.5191),8.1267,18.0758,16.8162,6.8671,25.5799,22.0184,A,A,21
0,0,0,0,0,0,0,0,0,0,0,24.1642,30.0176,1192,inf,10.1389,STEP3: Safe Area Cleanup (σ=0.5175),5.4205,13.2276,18.7437,10.9366,21.9853,16.9918,A,A,22
-1,-1,-1,-1,-1,-1,-1,-1,-1,-1,-1,15.4111,31.4423,1195,inf,14.5095,STEP3: Safe Area Cleanup (σ=0.5175),5.8854,14.0888,9.5256,1.3222,14.3561,10.1982,A,A,22
0,0,0,0,0,0,0,0,0,0,1,17.2467,34.9877,1193,2.3000,12.4990,STEP3: Safe Area Cleanup (σ=0.5175),7.1239,16.3216,10.1228,0.9251,14.6944,9.0223,A,A,23
0,0,0,0,0,0,0,0,0,0,0,24.9366,38.2009,1194,inf,22.4206,STEP3: Safe Area Cleanup (σ=0.5175),8.3470,18.4557,16.5896,6.4809,25.4574,21.7388,A,A,21
-1,-1,-1,-1,-1,-1,-1,-1,-1,-1,-1,22.1776,36.2650,1196,inf,10.1753,STEP3: Safe Area Cleanup (σ=0.5165),7.5987,17.1574,14.5789,5.0202,18.4210,11.7443,A,A,22
-1,-1,-1,-1,-1,-1,-1,-1,-1,-1,-1,19.7588,30.9313,1199,inf,24.9328,STEP3: Safe Area Cleanup (σ=0.5165),5.7165,13.7775,14.0423,5.9813,22.2249,21.1038,A,A,22
0,0,0,0,0,0,0,0,0,0,0,18.3020,32.2584,1197,inf,18.9573,STEP3: Safe Area Cleanup (σ=0.5165),6.1602,14.5914,12.1418,3.7106,18.5963,15.4649,A,A,23
0,0,0,0,0,0,0,0,0,0,0,21.4241,38.0747,1198,inf,15.3207,STEP3: Safe Area Cleanup (σ=0.5165),8.2972,18.3700,13.1270,3.0542,19.1687,13.4608,A,A,21
-1,-1,-1,-1,-1,-1,-1,-1,-1,-1,-1,17.3207,34.7866,1200,inf,12.4587,STEP3: Safe Area Cleanup (σ=0.5165),7.0506,16.1915,10.2701,1.1292,14.8038,9.1747,A,A,22
0,0,0,0,0,0,0,0,0,0,0,24.9893,32.4114,1201,inf,13.8344,STEP3: Safe Area Cleanup (σ=0.5154),6.2124,14.6864,18.7769,10.3029,23.5068,18.9023,A,A,23
-1,-1,-1,-1,-1,-1,-1,-1,-1,-1,-1,21.9579,35.9913,1202,inf,10.1115,STEP3: Safe Area Cleanup (σ=0.5154),7.4957,16.9769,14.4623,4.9811,18.2546,11.6348,A,A,22
0,0,0,0,0,0,0,0,0,0,0,20.7808,38.3086,1203,1.7000,11.7031,STEP3: Safe Area Cleanup (σ=0.5154),8.3897,18.5291,12.3912,2.2517,17.0317,10.2289,A,A,23
0,0,0,0,0,0,0,0,0,0,0,22.2665,36.4194,1204,2.3000,10.2550,STEP3: Safe Area Cleanup (σ=0.5154),7.6571,17.2596,14.6094,5.0070,18.4963,11.7999,A,A,21
0,0,0,0,0,0,0,0,0,0,0,18.2474,32.2323,1205,inf,19.2643,STEP3: Safe Area Cleanup (σ=0.5154),6.1513,14.5752,12.0961,3.6722,18.6505,15.6117,A,A,21
0,0,0,0,0,0,0,0,0,0,1,14.4599,38.7247,1207,inf,24.9753,STEP3: Safe Area Cleanup (σ=0.5139),8.5554,18.8136,5.9045,-4.3537,15.9039,12.7760,B,A,21
0,0,0,0,0,0,0,0,0,0,0,24.8888,38.3081,1208,inf,22.7165,STEP3: Safe Area Cleanup (σ=0.5139),8.3895,18.5288,16.4993,6.3600,25.5067,21.8442,A,A,23
0,1,0,0,0,1,1,1,1,1,1,16.6772,39.9590,1210,0.0000,12.6808,STEP3: Safe Area Cleanup (σ=0.5139),9.0567,19.6679,7.6205,-2.9907,12.8425,5.8659,B,A,23
0,0,0,0,0,0,0,0,0,0,0,18.9561,32.5964,1209,inf,22.6724,STEP3: Safe Area Cleanup (σ=0.5139),6.2758,14.8016,12.6803,4.1545,20.4707,18.2903,A,A,21
-1,-1,-1,-1,-1,-1,-1,-1,-1,-1,-1,10.212583639423437,36.11120230082568,1206,20.605605472771277,STEP3: Safe Area Cleanup (σ=0.5139) [ERROR: TIMEOUT]
0,0,0,0,0,0,0,0,0,0,0,21.7358,31.1528,1211,4.3000,24.9770,STEP3: Safe Area Cleanup (σ=0.5138),5.7894,13.9121,15.9465,7.8237,24.1947,23.0294,A,A,23
0,0,0,0,0,0,0,0,0,0,0,13.8329,31.3293,1212,inf,24.9778,STEP3: Safe Area Cleanup (σ=0.5138),5.8478,14.0197,7.9851,-0.1868,16.2744,15.0642,B,A,21
0,0,0,0,0,0,0,0,0,0,0,24.3542,38.0935,1213,inf,24.9384,STEP3: Safe Area Cleanup (σ=0.5138),8.3046,18.3827,16.0497,5.9715,25.8885,22.9156,A,A,23
0,0,0,0,0,0,0,0,0,0,0,15.5469,31.5449,1214,1.9000,14.5480,STEP3: Safe Area Cleanup (σ=0.5138),5.9196,14.1516,9.6273,1.3953,14.4843,10.3099,A,A,21
0,0,0,0,0,0,0,0,0,0,0,23.1498,34.5510,1215,4.7000,12.7394,STEP3: Safe Area Cleanup (σ=0.5138),6.9651,16.0397,16.1847,7.1101,20.7927,15.3064,A,A,23
0,0,0,0,0,0,0,0,1,1,1,14.6187,39.9802,1216,4.0000,19.4031,STEP3: Safe Area Cleanup (σ=0.5131),9.0654,19.6827,5.5533,-5.0641,13.5474,8.4918,B,A,22
0,0,0,0,0,0,0,0,0,0,1,13.9865,31.1280,1217,1.7000,14.5804,STEP3: Safe Area Cleanup (σ=0.5131),5.7812,13.8970,8.2053,0.0895,13.0168,8.9621,A,A,21
0,0,0,0,0,0,0,0,0,0,0,22.0840,35.8127,1218,2.1000,10.1181,STEP3: Safe Area Cleanup (σ=0.5131),7.4288,16.8595,14.6552,5.2245,18.4333,11.8642,A,A,23
0,0,0,0,0,0,0,0,0,0,0,23.9729,34.0455,1219,inf,23.5351,STEP3: Safe Area Cleanup (σ=0.5131),6.7834,15.7157,17.1895,8.2572,25.5922,23.2780,A,A,22
0,0,0,0,0,0,0,0,0,0,0,13.9388,31.3956,1220,3.6000,24.8241,STEP3: Safe Area Cleanup (σ=0.5131),5.8698,14.0602,8.0690,-0.1214,16.3226,15.0525,B,A,21
0,0,0,0,0,0,0,0,0,0,1,19.1831,37.0477,1221,1.7000,12.8968,STEP3: Safe Area Cleanup (σ=0.5116),7.8970,17.6777,11.2861,1.5054,16.2493,10.1307,A,A,23
0,0,0,0,0,0,0,0,0,0,1,14.0483,31.0830,1222,3.4000,14.7061,STEP3: Safe Area Cleanup (σ=0.5116),5.7664,13.8696,8.2819,0.1786,13.1288,9.1210,A,A,22
0,0,0,0,0,0,0,0,0,0,0,15.5571,31.2489,1224,2.0000,14.5734,STEP3: Safe Area Cleanup (σ=0.5116),5.8212,13.9707,9.7359,1.5864,14.5615,10.4728,A,A,23
0,0,0,0,0,0,0,0,0,0,0,22.3484,33.4831,1225,inf,16.0190,STEP3: Safe Area Cleanup (σ=0.5116),6.5841,15.3584,15.7643,6.9900,21.4001,17.1221,A,A,22
0,0,0,0,0,0,0,0,0,0,0,18.8441,34.3817,1226,inf,16.3004,STEP3: Safe Area Cleanup (σ=0.5108),6.9040,15.9309,11.9401,2.9132,17.8106,13.3724,A,A,23
-1,-1,-1,-1,-1,-1,-1,-1,-1,-1,-1,14.83914779581448,32.44532277685527,1223,18.460807780170217,STEP3: Safe Area Cleanup (σ=0.5116) [ERROR: TIMEOUT]
0,0,0,0,0,0,0,0,0,0,0,15.1658,32.4505,1227,inf,24.9813,STEP3: Safe Area Cleanup (σ=0.5108),6.2257,14.7107,8.9401,0.4551,17.4901,15.9934,A,A,22
0,0,0,0,0,0,0,0,0,0,0,20.3248,33.5233,1228,3.1000,11.2066,STEP3: Safe Area Cleanup (σ=0.5108),6.5983,15.3839,13.7266,4.9410,17.6734,12.0338,A,A,23
0,0,0,0,0,0,0,0,0,0,0,23.1473,33.6393,1229,2.9000,10.1938,STEP3: Safe Area Cleanup (σ=0.5108),6.6392,15.4573,16.5081,7.6899,20.1092,14.1538,A,A,22
0,0,0,0,0,0,0,0,0,0,0,20.0791,33.4627,1231,2.7000,11.1932,STEP3: Safe Area Cleanup (σ=0.5095),6.5769,15.3455,13.5022,4.7336,17.4381,11.8111,A,A,21
0,0,0,0,0,0,0,0,0,0,0,18.0338,38.3347,1230,3.1000,24.2329,STEP3: Safe Area Cleanup (σ=0.5108),8.4000,18.5469,9.6338,-0.5131,19.2484,16.0111,B,A,22
0,0,0,0,0,0,0,0,0,0,0,22.6161,33.8948,1232,4.8000,16.2859,STEP3: Safe Area Cleanup (σ=0.5095),6.7297,15.6196,15.8864,6.9965,21.6782,17.3657,A,A,22
0,0,0,0,0,0,0,0,0,0,0,24.8704,38.1767,1233,inf,19.3083,STEP3: Safe Area Cleanup (σ=0.5095),8.3374,18.4393,16.5329,6.4311,24.1654,19.5662,A,A,23
0,0,0,0,0,0,0,0,0,0,0,19.8067,33.3792,1234,2.7000,10.9437,STEP3: Safe Area Cleanup (σ=0.5095),6.5476,15.2928,13.2591,4.5140,17.0988,11.4244,A,A,21
0,0,0,0,0,0,0,1,1,1,1,10.1527,35.8694,1235,3.1000,24.9640,STEP3: Safe Area Cleanup (σ=0.5095),7.4500,16.8968,2.7026,-6.7441,12.0373,9.6522,B,A,22
0,0,0,0,0,0,0,0,0,0,0,22.5391,33.7401,1236,3.2000,16.1523,STEP3: Safe Area Cleanup (σ=0.5082),6.6748,15.5213,15.8643,7.0179,21.5855,17.2765,A,A,23
0,0,0,0,0,0,0,0,0,0,0,18.7654,34.4159,1237,inf,16.2645,STEP3: Safe Area Cleanup (σ=0.5082),6.9163,15.9528,11.8490,2.8125,17.7117,13.2544,A,A,21
0,0,0,0,0,0,0,0,0,0,0,24.7324,34.1846,1238,inf,23.5296,STEP3: Safe Area Cleanup (σ=0.5082),6.8332,15.8046,17.8992,8.9278,26.3303,23.9784,A,A,23
0,0,0,0,0,0,0,0,0,0,0,24.9162,34.1414,1239,inf,23.4262,STEP3: Safe Area Cleanup (σ=0.5082),6.8177,15.7770,18.0985,9.1392,26.4831,24.1134,A,A,21
0,0,0,0,0,0,0,0,0,0,0,19.5695,33.3306,1241,2.4000,10.9180,STEP3: Safe Area Cleanup (σ=0.5069),6.5306,15.2621,13.0389,4.3074,16.8647,11.1962,A,A,23
0,0,0,0,0,0,0,0,0,0,1,15.9084,32.7373,1240,1.5000,12.1183,STEP3: Safe Area Cleanup (σ=0.5082),6.3243,14.8895,9.5842,1.0189,13.7639,8.5918,A,A,22
0,0,0,0,0,0,0,0,0,0,0,24.7887,38.3593,1242,inf,19.3163,STEP3: Safe Area Cleanup (σ=0.5069),8.4098,18.5637,16.3789,6.2250,24.0473,19.4015,A,A,21
0,0,0,0,0,0,0,0,0,0,0,23.2257,33.8039,1244,inf,10.6021,STEP3: Safe Area Cleanup (σ=0.5069),6.6974,15.5618,16.5283,7.6639,20.2898,14.4045,A,A,22
0,0,0,0,0,0,0,0,0,0,0,22.3188,34.0611,1243,inf,16.3785,STEP3: Safe Area Cleanup (σ=0.5069),6.7890,15.7257,15.5298,6.5931,21.3798,17.0490,A,A,23
0,0,0,0,0,0,0,0,0,0,1,12.4028,30.9915,1245,1.8000,23.0308,STEP3: Safe Area Cleanup (σ=0.5069),5.7362,13.8140,6.6665,-1.4113,14.2377,12.5718,B,A,21
0,0,0,0,0,0,0,0,0,0,0,21.4496,39.9531,1246,inf,22.8335,STEP3: Safe Area Cleanup (σ=0.5050),9.0543,19.6638,12.3954,1.7858,21.7971,17.7320,A,A,22
0,0,0,0,0,0,0,0,0,0,0,24.9861,38.5463,1247,inf,19.4326,STEP3: Safe Area Cleanup (σ=0.5050),8.4841,18.6914,16.5020,6.2947,24.2501,19.5876,A,A,23
0,0,0,0,0,0,0,0,0,0,0,19.5098,33.3488,1248,3.2000,14.5494,STEP3: Safe Area Cleanup (σ=0.5050),6.5369,15.2736,12.9729,4.2363,18.0735,13.4189,A,A,21
0,0,0,0,0,0,0,0,0,0,0,14.3046,32.4251,1249,4.0000,19.9161,STEP3: Safe Area Cleanup (σ=0.5050),6.2170,14.6949,8.0876,-0.3903,14.8993,11.9923,B,A,22
0,0,0,0,0,0,0,0,0,0,0,14.6348,32.6055,1250,4.7000,20.1032,STEP3: Safe Area Cleanup (σ=0.5050),6.2789,14.8072,8.3559,-0.1725,15.2651,12.3634,B,A,23
0,0,0,0,0,0,0,0,0,0,0,24.8697,38.7145,1251,inf,16.1630,STEP3: Safe Area Cleanup (σ=0.5042),8.5513,18.8066,16.3184,6.0631,22.7880,17.1470,A,A,21
0,0,0,0,0,0,0,1,1,1,1,13.5826,36.0571,1252,0.0000,15.4670,STEP3: Safe Area Cleanup (σ=0.5042),7.5204,17.0202,6.0622,-3.4376,11.8726,6.7506,B,A,22
0,0,0,0,0,0,0,0,0,0,0,20.5699,31.9490,1253,4.7000,21.5308,STEP3: Safe Area Cleanup (σ=0.5042),6.0553,14.4001,14.5146,6.1698,21.7836,19.4520,A,A,23
0,0,0,0,0,0,0,0,0,0,0,21.7157,39.9887,1254,3.4000,22.9537,STEP3: Safe Area Cleanup (σ=0.5042),9.0689,19.6887,12.6468,2.0270,22.1055,18.0655,A,A,21
0,0,0,0,0,0,0,0,0,0,0,15.8186,33.0416,1255,inf,19.4645,STEP3: Safe Area Cleanup (σ=0.5042),6.4297,15.0802,9.3889,0.7384,16.1573,12.9623,A,A,22
0,0,0,0,0,0,0,1,1,1,1,13.0466,36.9898,1256,0.0000,17.1361,STEP3: Safe Area Cleanup (σ=0.5031),7.8748,17.6390,5.1718,-4.5925,11.7572,6.8579,B,A,23
0,0,0,0,0,0,0,0,0,0,0,16.2085,32.8080,1257,1.6000,11.8884,STEP3: Safe Area Cleanup (σ=0.5031),6.3487,14.9337,9.8598,1.2748,13.9681,8.7126,A,A,21
0,1,0,0,0,1,1,1,1,1,1,13.4878,39.9005,1259,0.0000,24.0095,STEP3: Safe Area Cleanup (σ=0.5031),9.0326,19.6271,4.4552,-6.1393,14.3295,10.6154,B,A,23
0,0,0,0,0,0,0,0,0,0,0,19.7314,30.0201,1258,inf,22.6061,STEP3: Safe Area Cleanup (σ=0.5031),5.4213,13.2291,14.3102,6.5024,21.5383,20.0040,A,A,22
0,0,0,0,0,0,0,0,0,0,1,16.5097,37.7744,1260,inf,17.3263,STEP3: Safe Area Cleanup (σ=0.5031),8.1792,18.1664,8.3305,-1.6568,15.1150,10.0592,B,A,21
0,0,0,0,0,0,0,0,0,0,0,20.8069,31.9621,1261,4.6000,21.4932,STEP3: Safe Area Cleanup (σ=0.5019),6.0597,14.4081,14.7472,6.3987,22.0061,19.6605,A,A,22
0,0,0,0,0,0,0,0,0,0,0,19.4100,33.3912,1262,2.5000,14.3369,STEP3: Safe Area Cleanup (σ=0.5019),6.5518,15.3003,12.8582,4.1097,17.8900,13.1645,A,A,22
0,0,0,0,0,0,0,0,0,0,0,23.3758,39.6187,1263,3.3000,16.0858,STEP3: Safe Area Cleanup (σ=0.5019),8.9171,19.4308,14.4587,3.9449,21.0322,15.1240,A,A,21
0,0,0,0,0,0,0,0,0,0,0,15.7802,33.4192,1265,2.3000,19.9403,STEP3: Safe Area Cleanup (σ=0.5019),6.5616,15.3180,9.2186,0.4622,16.2222,13.0617,A,A,22
0,0,0,0,0,0,0,0,0,1,1,13.7430,39.9680,1266,inf,24.6112,STEP3: Safe Area Cleanup (σ=0.5005),9.0604,19.6742,4.6826,-5.9312,14.8197,11.2602,B,A,21
-1,-1,-1,-1,-1,-1,-1,-1,-1,-1,-1,14.749523206786092,32.628600202051636,1264,18.41870925818143,STEP3: Safe Area Cleanup (σ=0.5019) [ERROR: TIMEOUT]
0,0,0,0,0,0,0,0,0,0,0,19.6980,30.0457,1267,inf,22.5196,STEP3: Safe Area Cleanup (σ=0.5005),5.4295,13.2444,14.2686,6.4537,21.4744,19.9095,A,A,21
0,0,0,0,0,0,0,0,0,0,0,21.2271,39.9601,1268,2.8000,18.8825,STEP3: Safe Area Cleanup (σ=0.5005),9.0571,19.6687,12.1700,1.5584,19.9461,14.7467,A,A,21
0,0,0,0,0,0,0,0,0,0,0,15.7884,33.2399,1270,inf,20.0378,STEP3: Safe Area Cleanup (σ=0.5005),6.4988,15.2049,9.2895,0.5834,16.2941,13.2079,A,A,21
0,0,0,0,0,0,0,0,0,0,0,21.2020,39.9411,1271,inf,18.8280,STEP3: Safe Area Cleanup (σ=0.4990),9.0493,19.6554,12.1527,1.5466,19.9031,14.6932,A,A,23
-1,-1,-1,-1,-1,-1,-1,-1,-1,-1,-1,20.72939268895692,34.91392633996772,1269,11.724781271369585,STEP3: Safe Area Cleanup (σ=0.5005) [ERROR: TIMEOUT]
0,0,0,0,0,0,0,0,1,1,1,11.8181,35.5241,1272,2.4000,21.7020,STEP3: Safe Area Cleanup (σ=0.4990),7.3215,16.6706,4.4967,-4.8524,12.5421,9.3251,B,A,21
0,0,0,0,0,0,0,0,1,1,1,12.2281,35.3032,1273,2.7000,21.4595,STEP3: Safe Area Cleanup (σ=0.4990),7.2398,16.5265,4.9883,-4.2984,12.9000,9.6725,B,A,23
0,0,0,0,0,0,0,0,0,0,1,17.1524,35.6537,1274,4.1000,15.3611,STEP3: Safe Area Cleanup (σ=0.4990),7.3696,16.7553,9.7828,0.3971,15.4960,10.4525,A,A,21
0,0,0,0,0,0,0,0,0,0,0,21.0076,39.8475,1275,inf,18.7341,STEP3: Safe Area Cleanup (σ=0.4990),9.0108,19.5901,11.9968,1.4175,19.6922,14.4807,A,A,23
0,0,0,0,0,0,0,0,0,0,0,20.5455,36.1064,1276,inf,23.6017,STEP3: Safe Area Cleanup (σ=0.4975),7.5389,17.0527,13.0066,3.4928,21.8837,19.0513,A,A,21
0,0,0,0,0,0,0,1,1,1,1,12.0082,35.4249,1277,1.7000,21.6541,STEP3: Safe Area Cleanup (σ=0.4975),7.2847,16.6058,4.7235,-4.5976,12.7313,9.5268,B,A,23
0,0,0,0,0,0,0,0,0,0,0,20.4477,36.1819,1278,inf,23.7411,STEP3: Safe Area Cleanup (σ=0.4975),7.5673,17.1025,12.8804,3.3452,21.8265,19.0139,A,A,22
0,0,0,0,0,0,0,0,0,0,0,18.9328,31.4322,1279,inf,20.6382,STEP3: Safe Area Cleanup (σ=0.4975),5.8820,14.0826,13.0508,4.8503,19.9197,17.4732,A,A,21
0,0,0,0,0,0,0,0,0,0,0,18.7612,31.5640,1280,inf,20.7730,STEP3: Safe Area Cleanup (σ=0.4975),5.9260,14.1633,12.8352,4.5979,19.7743,17.3312,A,A,23
0,0,0,0,0,0,0,0,0,0,0,22.8669,30.0302,1281,inf,23.3463,STEP3: Safe Area Cleanup (σ=0.4965),5.4245,13.2351,17.4424,9.6318,24.9094,23.5779,A,A,22
0,0,0,0,0,0,0,0,0,0,0,20.3697,38.9271,1282,1.9000,14.2321,STEP3: Safe Area Cleanup (σ=0.4965),8.6367,18.9527,11.7330,1.4171,17.4579,11.2077,A,A,21
0,0,0,0,0,0,0,0,0,0,0,19.9710,30.8872,1283,inf,24.7699,STEP3: Safe Area Cleanup (σ=0.4965),5.7020,13.7508,14.2690,6.2203,22.3879,21.2329,A,A,23
0,0,0,0,0,0,0,0,0,0,0,17.8736,38.8290,1284,2.3000,14.2427,STEP3: Safe Area Cleanup (σ=0.4965),8.5972,18.8852,9.2764,-1.0116,14.9925,8.7721,B,A,22
0,0,0,0,0,0,0,0,0,0,0,21.1135,39.6985,1285,inf,18.7911,STEP3: Safe Area Cleanup (σ=0.4965),8.9497,19.4863,12.1638,1.6272,19.8567,14.7016,A,A,23
0,0,0,0,0,0,0,0,0,0,0,20.0879,35.9833,1286,inf,23.4997,STEP3: Safe Area Cleanup (σ=0.4951),7.4927,16.9716,12.5952,3.1163,21.4071,18.5781,A,A,22
0,0,0,0,0,0,0,0,0,0,0,24.1436,34.2630,1288,inf,18.6661,STEP3: Safe Area Cleanup (σ=0.4951),6.8613,15.8548,17.2823,8.2888,23.9842,20.2434,A,A,23
0,0,0,0,0,0,0,0,0,0,0,21.0201,34.9996,1289,2.3000,11.8965,STEP3: Safe Area Cleanup (σ=0.4951),7.1283,16.3293,13.8918,4.6908,18.2443,12.3991,A,A,22
0,0,0,0,0,0,0,0,0,0,0,21.4062,31.2458,1290,3.4000,17.1227,STEP3: Safe Area Cleanup (σ=0.4951),5.8202,13.9688,15.5860,7.4374,21.2553,17.8777,A,A,23
-1,-1,-1,-1,-1,-1,-1,-1,-1,-1,-1,20.46147214274331,35.88439527204599,1287,23.47530870616461,STEP3: Safe Area Cleanup (σ=0.4951) [ERROR: TIMEOUT]
0,0,0,0,0,0,0,0,0,0,0,14.7195,32.4634,1291,2.4000,18.0875,STEP3: Safe Area Cleanup (σ=0.4943),6.2302,14.7187,8.4894,0.0008,14.6821,11.2535,A,A,22
0,0,0,0,0,0,0,0,0,0,0,18.8135,31.4508,1292,inf,20.8576,STEP3: Safe Area Cleanup (σ=0.4943),5.8882,14.0940,12.9253,4.7196,19.8708,17.4806,A,A,22
0,0,0,0,0,0,0,0,0,0,0,22.3778,34.9523,1293,inf,24.7497,STEP3: Safe Area Cleanup (σ=0.4943),7.1110,16.2987,15.2668,6.0791,24.3111,22.1037,A,A,21
0,0,0,0,0,0,0,0,0,0,0,17.1753,35.6467,1294,4.2000,15.3716,STEP3: Safe Area Cleanup (σ=0.4943),7.3670,16.7507,9.8083,0.4246,15.5244,10.4858,A,A,22
0,0,0,0,0,0,0,0,0,0,0,23.1280,31.1042,1296,inf,23.5739,STEP3: Safe Area Cleanup (σ=0.4933),5.7734,13.8825,17.3546,9.2454,25.1289,23.5852,A,A,21
0,0,0,0,0,0,0,0,0,0,1,14.5316,32.4397,1297,3.5000,18.0817,STEP3: Safe Area Cleanup (σ=0.4933),6.2220,14.7040,8.3095,-0.1724,14.4963,11.0723,B,A,22
0,0,0,0,0,0,0,0,0,0,0,14.0566,33.0916,1298,inf,22.7243,STEP3: Safe Area Cleanup (σ=0.4933),6.4471,15.1116,7.6095,-1.0550,15.5219,13.2277,B,A,21
-1,-1,-1,-1,-1,-1,-1,-1,-1,-1,-1,17.64331177628551,38.818875711214375,1295,14.17467325640096,STEP3: Safe Area Cleanup (σ=0.4943) [ERROR: TIMEOUT]
0,0,0,0,0,0,0,0,0,0,0,24.9357,34.5121,1299,4.2000,11.6879,STEP3: Safe Area Cleanup (σ=0.4933),6.9510,16.0146,17.9847,8.9211,22.2081,16.4362,A,A,21
0,0,0,0,0,0,0,0,0,1,1,16.6238,39.8106,1300,1.2000,12.7270,STEP3: Safe Area Cleanup (σ=0.4933),8.9957,19.5644,7.6281,-2.9406,12.8516,5.9290,B,A,22
0,0,0,0,0,0,0,0,0,0,0,23.5562,32.6777,1301,3.7000,12.2176,STEP3: Safe Area Cleanup (σ=0.4917),6.3037,14.8523,17.2524,8.7039,21.4597,16.3315,A,A,21
0,0,0,0,0,0,0,0,1,1,1,16.9542,39.8734,1303,0.0000,12.2626,STEP3: Safe Area Cleanup (σ=0.4917),9.0215,19.6082,7.9327,-2.6540,12.9728,5.8999,B,A,21
0,0,0,0,0,0,0,0,0,0,0,24.8568,31.5095,1302,inf,17.3189,STEP3: Safe Area Cleanup (σ=0.4917),5.9078,14.1299,18.9490,10.7269,24.7255,21.3333,A,A,22
0,0,0,0,0,0,0,0,0,0,0,19.8529,35.3732,1304,2.8000,12.5779,STEP3: Safe Area Cleanup (σ=0.4917),7.2656,16.5721,12.5873,3.2808,17.2326,11.4784,A,A,23
0,0,0,0,0,0,0,0,0,0,0,19.2174,30.0174,1306,inf,19.6186,STEP3: Safe Area Cleanup (σ=0.4906),5.4204,13.2275,13.7970,5.9899,20.0694,17.7067,A,A,22
0,0,0,0,0,0,0,0,0,0,1,15.6414,34.2382,1305,inf,16.9183,STEP3: Safe Area Cleanup (σ=0.4917),6.8524,15.8389,8.7890,-0.1975,14.8596,10.6335,B,A,21
0,0,0,0,0,0,0,0,0,0,0,23.3896,36.9223,1307,inf,22.0812,STEP3: Safe Area Cleanup (σ=0.4906),7.8489,17.5939,15.5407,5.7956,24.0127,20.5352,A,A,23
0,0,0,0,0,0,0,0,0,0,0,21.3966,34.9570,1309,3.8000,11.7706,STEP3: Safe Area Cleanup (σ=0.4906),7.1127,16.3017,14.2839,5.0949,18.5857,12.7165,A,A,22
0,0,0,0,0,0,0,0,0,0,1,15.8470,36.5458,1308,0.9000,14.1786,STEP3: Safe Area Cleanup (σ=0.4906),7.7051,17.3433,8.1419,-1.4963,13.5325,7.9137,B,A,21
0,0,0,0,0,0,0,0,0,0,0,23.4766,38.7107,1310,2.8000,14.6290,STEP3: Safe Area Cleanup (σ=0.4906),8.5498,18.8040,14.9267,4.6726,20.7819,14.7040,A,A,23
0,0,0,0,0,0,0,0,0,0,1,13.5417,33.3842,1311,4.2000,21.1282,STEP3: Safe Area Cleanup (σ=0.4895),6.5493,15.2959,6.9924,-1.7542,14.4063,11.5883,B,A,22
0,0,0,0,0,0,0,0,1,1,1,16.6989,39.8074,1312,0.0000,12.5478,STEP3: Safe Area Cleanup (σ=0.4895),8.9943,19.5621,7.7046,-2.8632,12.8542,5.8812,B,A,21
0,0,0,0,0,0,0,0,0,0,0,16.2437,33.9857,1313,2.1000,16.0312,STEP3: Safe Area Cleanup (σ=0.4895),6.7621,15.6776,9.4816,0.5661,15.1963,10.7879,A,A,23
0,0,0,0,0,0,0,0,1,1,1,13.6829,38.9832,1314,2.1000,23.3895,STEP3: Safe Area Cleanup (σ=0.4895),8.6593,18.9913,5.0237,-5.3083,14.4442,10.7952,B,A,22
0,0,0,0,0,0,0,0,0,0,0,24.8923,32.8766,1315,inf,20.4177,STEP3: Safe Area Cleanup (σ=0.4895),6.3724,14.9767,18.5198,9.9156,25.5885,22.7039,A,A,23
0,0,0,0,0,0,0,0,0,0,0,16.4678,30.0187,1316,2.5000,15.5265,STEP3: Safe Area Cleanup (σ=0.4885),5.4208,13.2282,11.0470,3.2396,16.0112,12.5126,A,A,22
0,0,0,0,0,0,0,0,0,0,0,15.8740,34.0253,1317,1.7000,16.4346,STEP3: Safe Area Cleanup (σ=0.4885),6.7762,15.7029,9.0978,0.1712,14.9624,10.6569,A,A,21
0,0,0,0,0,0,0,0,0,0,0,16.3080,30.0783,1318,3.0000,15.6123,STEP3: Safe Area Cleanup (σ=0.4885),5.4399,13.2639,10.8681,3.0442,15.8684,12.3780,A,A,23
1,0,0,1,1,1,1,1,1,1,1,16.3413,39.9834,1319,0.0000,12.9983,STEP3: Safe Area Cleanup (σ=0.4885),9.0667,19.6849,7.2745,-3.3437,12.6303,5.7380,B,A,22
0,0,0,0,0,0,0,0,0,0,0,15.3352,36.7641,1320,inf,24.1169,STEP3: Safe Area Cleanup (σ=0.4885),7.7883,17.4885,7.5469,-2.1533,16.7647,13.9063,B,A,21
0,0,0,0,0,0,0,0,1,1,1,14.0720,34.8337,1321,inf,16.5114,STEP3: Safe Area Cleanup (σ=0.4870),7.0677,16.2219,7.0043,-2.1499,13.0199,8.5207,B,A,23
0,0,0,0,0,0,0,0,0,0,0,24.7667,35.8336,1322,4.8000,11.3917,STEP3: Safe Area Cleanup (σ=0.4870),7.4366,16.8732,17.3301,7.8935,21.5860,15.3714,A,A,22
0,0,0,0,0,0,0,0,0,0,0,24.9700,31.0127,1323,inf,21.7202,STEP3: Safe Area Cleanup (σ=0.4870),5.7432,13.8269,19.2268,11.1431,26.3713,24.3351,A,A,21
0,0,0,0,0,0,0,0,1,1,1,14.0475,34.9134,1324,3.2000,16.5766,STEP3: Safe Area Cleanup (σ=0.4870),7.0968,16.2735,6.9507,-2.2260,13.0023,8.5001,B,A,23
0,0,0,0,0,0,0,0,0,0,1,16.0068,34.0403,1325,1.6000,16.4512,STEP3: Safe Area Cleanup (σ=0.4870),6.7816,15.7124,9.2253,0.2944,15.0980,10.7933,A,A,22
0,0,0,0,0,0,0,0,0,1,1,13.1024,37.4771,1326,1.6000,20.7151,STEP3: Safe Area Cleanup (σ=0.4858),8.0631,17.9658,5.0393,-4.8634,13.0936,9.0812,B,A,21
0,0,0,0,0,0,0,0,0,0,1,15.1466,35.8793,1327,3.2000,21.6007,STEP3: Safe Area Cleanup (σ=0.4858),7.4537,16.9032,7.6928,-1.7567,15.7718,12.4328,B,A,23
0,0,0,0,0,0,0,0,0,0,0,20.1103,33.7166,1328,inf,21.7409,STEP3: Safe Area Cleanup (σ=0.4858),6.6665,15.5064,13.4438,4.6039,21.1397,18.4069,A,A,21
0,0,0,0,0,0,0,0,0,0,0,15.2972,36.7375,1330,2.7000,24.2373,STEP3: Safe Area Cleanup (σ=0.4858),7.7781,17.4707,7.5191,-2.1735,16.7769,13.9597,B,A,21
0,0,0,0,0,0,0,0,0,0,0,24.9133,30.2053,1331,inf,24.0026,STEP3: Safe Area Cleanup (σ=0.4844),5.4807,13.3399,19.4326,11.5734,27.1485,25.9544,A,A,23
0,0,0,0,0,0,0,0,0,0,0,21.4641,31.6593,1332,inf,23.2906,STEP3: Safe Area Cleanup (σ=0.4844),5.9578,14.2217,15.5062,7.2423,23.3068,21.5414,A,A,21
-1,-1,-1,-1,-1,-1,-1,-1,-1,-1,-1,23.24858235127755,38.83347210452992,1329,14.538519380184074,STEP3: Safe Area Cleanup (σ=0.4858) [ERROR: TIMEOUT]
0,0,0,0,0,0,0,0,0,0,0,20.7463,31.3914,1334,3.1000,10.6777,STEP3: Safe Area Cleanup (σ=0.4844),5.8684,14.0576,14.8779,6.6887,18.4276,13.2150,A,A,21
0,0,0,0,0,0,0,0,0,1,1,14.0401,34.9544,1333,4.5000,16.4860,STEP3: Safe Area Cleanup (σ=0.4844),7.1117,16.3000,6.9284,-2.2599,12.9532,8.4145,B,A,23
0,0,0,0,0,0,0,0,0,0,0,20.6550,31.4794,1335,3.4000,10.6328,STEP3: Safe Area Cleanup (σ=0.4844),5.8978,14.1115,14.7572,6.5435,18.3007,13.0519,A,A,21
0,0,0,0,0,0,0,0,0,0,0,16.3978,30.0330,1336,1.8000,10.3157,STEP3: Safe Area Cleanup (σ=0.4832),5.4254,13.2368,10.9724,3.1610,14.2719,9.3235,A,A,23
0,0,0,0,0,0,0,0,0,0,0,23.6457,38.2542,1337,3.2000,11.5410,STEP3: Safe Area Cleanup (σ=0.4832),8.3681,18.4920,15.2776,5.1537,19.8480,13.0139,A,A,21
0,0,0,0,0,0,0,0,0,0,0,20.7271,36.4746,1338,3.7000,20.9166,STEP3: Safe Area Cleanup (σ=0.4832),7.6780,17.2961,13.0491,3.4310,20.9876,17.2979,A,A,23
0,0,0,0,0,0,0,0,0,0,0,23.6127,38.4358,1339,inf,11.5153,STEP3: Safe Area Cleanup (σ=0.4832),8.4401,18.6159,15.1725,4.9968,19.7521,12.8609,A,A,22
0,0,0,0,0,0,0,0,0,0,0,24.7337,32.7597,1340,inf,23.3458,STEP3: Safe Area Cleanup (σ=0.4832),6.3320,14.9035,18.4016,9.8301,26.4587,24.4246,A,A,23
0,0,0,0,0,0,0,0,0,0,0,24.9692,30.0298,1341,4.0000,24.4695,STEP3: Safe Area Cleanup (σ=0.4841),5.4244,13.2349,19.5448,11.7343,27.3709,26.3512,A,A,22
0,0,0,0,0,0,0,0,1,1,1,13.2748,37.4525,1343,1.6000,20.4914,STEP3: Safe Area Cleanup (σ=0.4841),8.0536,17.9493,5.2212,-4.6745,13.1840,9.1145,B,A,23
0,0,0,0,0,0,0,0,0,0,0,18.0508,36.6540,1344,3.2000,24.9370,STEP3: Safe Area Cleanup (σ=0.4841),7.7463,17.4152,10.3046,0.6356,19.8104,17.2134,A,A,22
0,0,0,0,0,0,0,0,0,0,0,21.2252,38.6178,1345,inf,20.0024,STEP3: Safe Area Cleanup (σ=0.4841),8.5127,18.7403,12.7125,2.4849,20.7011,16.1820,A,A,23
0,0,0,0,0,0,0,0,0,0,0,23.8694,37.9601,1346,2.2000,11.4332,STEP3: Safe Area Cleanup (σ=0.4827),8.2520,18.2921,15.6174,5.5773,20.1140,13.3299,A,A,22
-1,-1,-1,-1,-1,-1,-1,-1,-1,-1,-1,15.671991923780489,33.73943620626053,1342,23.252816832469257,STEP3: Safe Area Cleanup (σ=0.4841) [ERROR: TIMEOUT]
0,1,0,0,0,1,1,1,1,1,1,20.1333,39.9623,1348,0.0000,16.6392,STEP3: Safe Area Cleanup (σ=0.4827),9.0580,19.6702,11.0753,0.4631,17.9279,12.0849,A,A,22
0,0,0,0,0,0,0,0,0,0,0,20.4931,31.5000,1347,2.8000,10.4111,STEP3: Safe Area Cleanup (σ=0.4827),5.9046,14.1241,14.5885,6.3690,18.0600,12.7439,A,A,23
0,0,0,0,0,0,0,0,0,0,0,16.1612,30.0829,1349,0.9000,10.0513,STEP3: Safe Area Cleanup (σ=0.4827),5.4414,13.2666,10.7199,2.8947,13.9395,8.9043,A,A,23
0,0,0,0,0,0,0,0,1,1,1,12.4610,32.4492,1350,2.6000,16.1809,STEP3: Safe Area Cleanup (σ=0.4827),6.2253,14.7099,6.2357,-2.2489,11.7735,7.8153,B,A,22
0,0,0,0,0,0,0,1,1,1,1,10.0481,36.2940,1351,1.9000,22.5369,STEP3: Safe Area Cleanup (σ=0.4817),7.6096,17.1765,2.4384,-7.1285,10.9541,7.7711,B,A,21
0,0,0,0,1,1,1,1,1,1,1,23.1692,38.4472,1353,0.0000,11.5554,STEP3: Safe Area Cleanup (σ=0.4817),8.4447,18.6237,14.7245,4.5455,19.3212,12.4383,A,A,22
0,0,0,0,0,0,0,1,1,1,1,10.0083,31.5171,1352,0.0000,19.1846,STEP3: Safe Area Cleanup (σ=0.4817),5.9103,14.1346,4.0980,-4.1263,10.4981,7.6242,B,A,23
0,0,1,0,0,0,1,1,1,1,1,24.0866,32.8430,1355,0.0000,23.6441,STEP3: Safe Area Cleanup (σ=0.4817),6.3608,14.9556,17.7258,9.1309,25.9040,23.9319,A,A,22
0,0,0,0,0,0,0,0,0,0,0,18.4410,32.0260,1354,2.3000,11.8309,STEP3: Safe Area Cleanup (σ=0.4817),6.0813,14.4476,12.3597,3.9934,16.3623,11.3010,A,A,21
0,0,0,0,0,0,0,0,0,0,0,23.4733,31.9935,1356,0.0000,22.4265,STEP3: Safe Area Cleanup (σ=0.4806),6.0703,14.4275,17.4030,9.0458,24.9837,22.8907,A,A,22
0,0,0,0,0,0,0,0,0,0,0,16.8637,30.7453,1357,4.9000,19.8081,STEP3: Safe Area Cleanup (σ=0.4806),5.6556,13.6649,11.2081,3.1988,17.6746,15.1755,A,A,21
0,0,0,0,0,0,0,0,0,0,0,24.1199,32.6412,1358,4.9000,22.8508,STEP3: Safe Area Cleanup (σ=0.4806),6.2912,14.8295,17.8287,9.2904,25.6899,23.5478,A,A,23
0,0,0,0,0,0,0,0,0,0,0,20.2193,36.5106,1359,inf,17.3087,STEP3: Safe Area Cleanup (σ=0.4806),7.6917,17.3200,12.5276,2.8993,19.1025,14.3806,A,A,21
0,0,0,0,0,0,0,1,1,1,1,10.1453,34.5540,1360,3.9000,24.8624,STEP3: Safe Area Cleanup (σ=0.4806),6.9662,16.0416,3.1791,-5.8963,12.1728,10.1004,B,A,23
0,0,0,0,0,0,0,0,0,0,0,17.0121,32.2031,1362,4.2000,15.3957,STEP3: Safe Area Cleanup (σ=0.4796),6.1414,14.5572,10.8707,2.4549,16.1046,11.9922,A,A,22
0,0,0,0,0,0,0,0,0,0,0,17.5167,35.9159,1361,inf,21.5417,STEP3: Safe Area Cleanup (σ=0.4796),7.4674,16.9273,10.0493,0.5894,18.1135,14.7482,A,A,21
0,0,0,0,0,0,0,0,0,0,1,16.4587,33.4381,1365,1.0000,10.3168,STEP3: Safe Area Cleanup (σ=0.4796),6.5683,15.3299,9.8904,1.1288,13.5158,7.6495,A,A,22
0,0,0,0,0,0,0,0,0,0,0,18.1326,36.3491,1363,inf,24.9307,STEP3: Safe Area Cleanup (σ=0.4796),7.6304,17.2130,10.5022,0.9197,19.9351,17.4158,A,A,23
0,0,0,0,0,0,0,0,0,0,0,20.4046,38.6884,1364,3.5000,21.2108,STEP3: Safe Area Cleanup (σ=0.4796),8.5409,18.7887,11.8637,1.6159,20.3487,16.1558,A,A,21
0,0,0,0,0,0,0,0,0,0,0,22.9746,32.2107,1366,inf,22.0369,STEP3: Safe Area Cleanup (σ=0.4787),6.1439,14.5618,16.8307,8.4128,24.3240,22.0658,A,A,22
0,0,0,0,0,0,0,0,0,0,0,22.6025,32.1933,1367,inf,22.0853,STEP3: Safe Area Cleanup (σ=0.4787),6.1380,14.5510,16.4645,8.0515,23.9707,21.7306,A,A,23
0,0,0,0,0,0,0,1,1,1,1,10.3015,37.6911,1368,3.4000,22.6915,STEP3: Safe Area Cleanup (σ=0.4787),8.1466,18.1101,2.1549,-7.8087,11.0227,7.5159,B,A,21
0,0,0,0,0,0,0,1,1,1,1,10.0440,31.0773,1369,2.0000,19.4845,STEP3: Safe Area Cleanup (σ=0.4787),5.7645,13.8662,4.2795,-3.8222,10.7003,8.0247,B,A,22
0,0,0,0,0,0,0,0,0,0,0,17.8131,33.0217,1370,inf,24.9290,STEP3: Safe Area Cleanup (σ=0.4787),6.4227,15.0676,11.3904,2.7455,20.0543,18.3962,A,A,23
0,0,0,0,0,0,0,0,0,0,0,24.9484,39.9945,1371,3.6000,16.9498,STEP3: Safe Area Cleanup (σ=0.4774),9.0713,19.6927,15.8771,5.2557,22.8627,17.1000,A,A,21
0,0,0,0,0,0,0,0,0,0,0,24.3483,31.9838,1372,3.8000,24.9897,STEP3: Safe Area Cleanup (σ=0.4774),6.0670,14.4215,18.2812,9.9267,26.7260,25.3515,A,A,22
0,0,0,0,0,0,0,0,0,0,0,19.9795,36.5828,1373,2.8000,17.5661,STEP3: Safe Area Cleanup (σ=0.4774),7.7191,17.3679,12.2604,2.6116,18.9449,14.2766,A,A,23
0,0,0,0,0,0,0,0,0,0,0,22.9639,32.6603,1374,inf,17.0358,STEP3: Safe Area Cleanup (σ=0.4774),6.2978,14.8414,16.6661,8.1224,22.5298,18.7550,A,A,21
0,0,0,0,0,0,0,0,0,0,0,22.3399,36.5247,1376,inf,12.8707,STEP3: Safe Area Cleanup (σ=0.4759),7.6970,17.3293,14.6429,5.0106,19.5337,13.5499,A,A,23
0,0,0,0,0,0,0,0,0,0,0,17.9969,38.7965,1375,inf,19.3094,STEP3: Safe Area Cleanup (σ=0.4774),8.5842,18.8628,9.4127,-0.8659,17.1565,12.3918,B,A,22
0,0,0,0,0,0,0,0,0,0,0,23.9418,32.0022,1378,inf,24.9833,STEP3: Safe Area Cleanup (σ=0.4759),6.0732,14.4329,17.8685,9.5089,26.3154,24.9344,A,A,21
0,0,0,0,0,0,0,0,0,0,0,24.9877,35.5098,1377,inf,15.1641,STEP3: Safe Area Cleanup (σ=0.4759),7.3162,16.6612,17.6715,8.3265,23.2913,18.2308,A,A,23
0,0,0,0,0,0,0,0,0,0,0,19.1155,38.1965,1379,inf,17.0525,STEP3: Safe Area Cleanup (σ=0.4759),8.3453,18.4528,10.7702,0.6627,17.5141,12.2667,A,A,22
0,0,0,0,0,0,0,0,0,1,1,13.3313,35.4956,1380,1.6000,19.0111,STEP3: Safe Area Cleanup (σ=0.4759),7.3109,16.6520,6.0204,-3.3207,13.0633,9.0935,B,A,21
0,0,0,0,0,0,0,0,0,0,0,20.4674,37.4665,1381,inf,24.9233,STEP3: Safe Area Cleanup (σ=0.4750),8.0590,17.9587,12.4084,2.5087,22.0965,19.2835,A,A,23
0,0,0,0,0,0,0,0,0,0,0,24.9036,35.3501,1382,inf,16.1165,STEP3: Safe Area Cleanup (σ=0.4750),7.2571,16.5570,17.6465,8.3466,23.5953,18.8467,A,A,22
0,0,0,0,0,0,0,0,0,0,0,19.9880,30.0135,1384,inf,15.6337,STEP3: Safe Area Cleanup (σ=0.4750),5.4192,13.2252,14.5688,6.7629,19.5666,16.0991,A,A,23
0,0,0,0,0,0,0,0,0,0,0,20.0363,39.4153,1383,inf,16.6977,STEP3: Safe Area Cleanup (σ=0.4750),8.8341,19.2897,11.2022,0.7467,17.9943,12.3164,A,A,21
0,0,0,0,0,0,0,0,0,0,0,18.8312,35.7332,1385,1.8000,14.1519,STEP3: Safe Area Cleanup (σ=0.4750),7.3992,16.8074,11.4320,2.0238,16.7059,11.2992,A,A,22
0,0,0,0,0,0,0,0,0,0,0,23.3672,32.6666,1386,inf,17.4453,STEP3: Safe Area Cleanup (σ=0.4736),6.2999,14.8453,17.0672,8.5218,23.0729,19.4111,A,A,21
0,0,0,0,0,0,0,0,0,0,0,23.2820,32.5327,1387,3.9000,16.7923,STEP3: Safe Area Cleanup (σ=0.4736),6.2539,14.7619,17.0281,8.5201,22.7881,18.9789,A,A,22
0,0,0,0,0,0,0,0,0,0,0,15.9100,35.8253,1388,inf,18.5512,STEP3: Safe Area Cleanup (σ=0.4736),7.4335,16.8678,8.4764,-0.9578,15.4056,11.2182,B,A,21
0,0,0,0,0,0,0,0,1,1,1,11.6010,34.6508,1390,2.4000,22.6687,STEP3: Safe Area Cleanup (σ=0.4736),7.0012,16.1039,4.5997,-4.5030,12.8202,10.1046,B,A,21
0,0,0,0,0,0,0,0,0,0,0,23.4504,32.9016,1391,inf,17.2544,STEP3: Safe Area Cleanup (σ=0.4723),6.3811,14.9923,17.0693,8.4581,23.0468,19.2695,A,A,21
-1,-1,-1,-1,-1,-1,-1,-1,-1,-1,-1,24.20662596744759,32.20402413409887,1389,24.89667552212866,STEP3: Safe Area Cleanup (σ=0.4736) [ERROR: TIMEOUT]
0,0,0,0,0,0,0,0,0,0,0,24.7795,35.5124,1393,inf,15.3303,STEP3: Safe Area Cleanup (σ=0.4723),7.3171,16.6629,17.4623,8.1165,23.1440,18.1297,A,A,21
-1,-1,-1,-1,-1,-1,-1,-1,-1,-1,-1,14.780513486784614,34.307829776312026,1392,20.330202528608186,STEP3: Safe Area Cleanup (σ=0.4723) [ERROR: TIMEOUT]
0,0,0,0,0,0,0,0,0,0,0,19.9340,34.5512,1394,inf,24.0652,STEP3: Safe Area Cleanup (σ=0.4723),6.9652,16.0398,12.9688,3.8942,21.6736,19.3773,A,A,21
0,0,0,0,0,0,0,0,0,0,0,17.2992,33.9477,1395,2.8000,18.0933,STEP3: Safe Area Cleanup (σ=0.4723),6.7486,15.6534,10.5506,1.6458,16.9941,13.1755,A,A,21
-1,-1,-1,-1,-1,-1,-1,-1,-1,-1,-1,19.744939303086117,34.646975066422804,1396,23.756660997979033,STEP3: Safe Area Cleanup (σ=0.4710) [ERROR: TIMEOUT]
-1,-1,-1,-1,-1,-1,-1,-1,-1,-1,-1,20.002107556915107,30.023018979955385,1397,15.622879166916071,STEP3: Safe Area Cleanup (σ=0.4710) [ERROR: TIMEOUT]
-1,-1,-1,-1,-1,-1,-1,-1,-1,-1,-1,19.847397495228524,34.84006998413072,1398,23.620855197974958,STEP3: Safe Area Cleanup (σ=0.4710) [ERROR: TIMEOUT]
0,0,0,0,0,0,0,0,0,0,0,22.4003,39.9307,1399,4.5000,12.6156,STEP3: Safe Area Cleanup (σ=0.4710),9.0450,19.6482,13.3552,2.7521,18.5471,11.5595,A,A,23
0,0,0,0,0,0,0,0,0,0,0,17.8684,34.3310,1400,inf,19.1104,STEP3: Safe Area Cleanup (σ=0.4710),6.8857,15.8983,10.9827,1.9700,17.8562,14.2224,A,A,23
0,0,0,0,0,0,0,0,0,0,0,19.8249,34.5373,1402,4.6000,23.9039,STEP3: Safe Area Cleanup (σ=0.4694),6.9601,16.0309,12.8647,3.7940,21.5080,19.1699,A,A,22
0,0,0,0,0,0,0,0,0,0,1,16.4440,35.6036,1403,1.9000,17.6539,STEP3: Safe Area Cleanup (σ=0.4694),7.3510,16.7225,9.0930,-0.2786,15.6507,11.2687,B,A,23
0,0,0,0,0,0,0,1,1,1,1,12.8909,39.9857,1404,inf,18.3899,STEP3: Safe Area Cleanup (σ=0.4694),9.0677,19.6865,3.8232,-6.7957,11.4008,6.0534,B,A,22
-1,-1,-1,-1,-1,-1,-1,-1,-1,-1,-1,21.92316550894143,38.613227401441584,1401,17.03555633351059,STEP3: Safe Area Cleanup (σ=0.4694) [ERROR: TIMEOUT]
0,0,0,0,0,0,0,0,0,0,0,14.8747,30.0166,1405,2.6000,12.2983,STEP3: Safe Area Cleanup (σ=0.4694),5.4202,13.2270,9.4545,1.6476,13.3864,8.9924,A,A,23
0,0,0,0,0,0,0,0,0,0,0,17.9723,34.2958,1406,inf,19.3686,STEP3: Safe Area Cleanup (σ=0.4681),6.8731,15.8758,11.0992,2.0965,18.0593,14.5075,A,A,22
0,0,0,0,0,0,0,0,0,0,0,17.9276,34.3144,1407,inf,19.1850,STEP3: Safe Area Cleanup (σ=0.4681),6.8798,15.8877,11.0478,2.0399,17.9452,14.3369,A,A,23
0,0,0,0,0,0,0,0,0,0,0,15.2948,33.6561,1408,2.1000,23.5903,STEP3: Safe Area Cleanup (σ=0.4681),6.6451,15.4680,8.6497,-0.1732,16.9870,14.7894,B,A,22
0,0,0,0,0,0,0,0,0,0,0,23.7725,36.3970,1409,inf,18.5147,STEP3: Safe Area Cleanup (σ=0.4681),7.6486,17.2447,16.1239,6.5278,23.1375,18.7877,A,A,21
0,0,0,0,0,0,0,0,0,0,0,17.3616,33.8383,1410,2.1000,17.6183,STEP3: Safe Area Cleanup (σ=0.4681),6.7096,15.5837,10.6520,1.7779,16.9084,12.9853,A,A,23
0,0,0,0,0,0,0,0,0,1,1,15.4269,37.5524,1411,1.4000,15.8872,STEP3: Safe Area Cleanup (σ=0.4671),8.0924,18.0165,7.3344,-2.5897,13.5227,8.1172,B,A,22
0,0,0,0,0,0,0,1,1,1,1,10.0982,32.6837,1412,1.1000,23.0242,STEP3: Safe Area Cleanup (σ=0.4671),6.3058,14.8560,3.7924,-4.7578,11.7223,9.6178,B,A,21
0,0,0,0,0,0,0,0,0,0,0,22.1426,39.9913,1413,3.9000,12.4882,STEP3: Safe Area Cleanup (σ=0.4671),9.0700,19.6905,13.0726,2.4521,18.2191,11.1784,A,A,23
0,0,0,0,0,0,0,0,0,0,1,17.7143,38.0727,1414,inf,16.1701,STEP3: Safe Area Cleanup (σ=0.4671),8.2964,18.3686,9.4179,-0.6543,15.7943,10.3289,B,A,22
0,0,0,0,0,0,0,0,0,0,0,13.9466,31.0282,1415,1.9000,22.4586,STEP3: Safe Area Cleanup (σ=0.4671),5.7483,13.8363,8.1982,0.1102,15.5889,13.7542,A,A,21
0,0,0,0,0,0,0,1,1,1,1,10.0490,32.7182,1416,1.6000,23.0056,STEP3: Safe Area Cleanup (σ=0.4667),6.3177,14.8776,3.7313,-4.8286,11.6621,9.5435,B,A,23
0,0,0,0,0,0,0,0,0,0,0,21.5123,30.0638,1417,3.9000,20.5597,STEP3: Safe Area Cleanup (σ=0.4667),5.4353,13.2552,16.0770,8.2571,22.6591,20.5456,A,A,22
0,0,0,0,0,0,0,0,0,0,0,22.0025,38.0970,1418,inf,17.3493,STEP3: Safe Area Cleanup (σ=0.4667),8.3060,18.3851,13.6965,3.6174,20.5418,15.4058,A,A,21
0,0,0,0,0,0,0,0,0,0,0,15.4860,34.0636,1419,inf,23.5385,STEP3: Safe Area Cleanup (σ=0.4667),6.7899,15.7273,8.6961,-0.2412,17.1040,14.7861,B,A,22
0,0,0,0,0,0,0,1,1,1,1,11.3095,38.9593,1420,1.6000,23.8115,STEP3: Safe Area Cleanup (σ=0.4667),8.6496,18.9748,2.6598,-7.6653,12.2450,8.7230,B,A,21
0,0,0,0,0,0,0,0,0,0,0,20.5251,30.0160,1421,4.3000,14.0069,STEP3: Safe Area Cleanup (σ=0.4660),5.4200,13.2266,15.1051,7.2985,19.5832,15.6636,A,A,23
0,0,0,0,0,0,0,0,0,1,1,15.7601,39.9804,1422,1.5000,18.1987,STEP3: Safe Area Cleanup (σ=0.4660),9.0655,19.6828,6.6946,-3.9227,14.1925,8.7917,B,A,21
0,0,0,0,0,0,0,0,0,0,1,15.0428,34.3707,1423,inf,20.6016,STEP3: Safe Area Cleanup (σ=0.4660),6.9000,15.9238,8.1428,-0.8810,15.5602,12.3358,B,A,23
0,0,0,0,0,0,0,0,0,0,0,22.0229,38.2520,1424,inf,17.1626,STEP3: Safe Area Cleanup (σ=0.4660),8.3672,18.4905,13.6557,3.5324,20.4520,15.2210,A,A,22
0,0,0,0,0,0,0,0,0,0,0,15.6682,33.7348,1425,inf,23.1149,STEP3: Safe Area Cleanup (σ=0.4660),6.6729,15.5179,8.9953,0.1503,17.1815,14.8299,A,A,21
0,0,0,0,0,0,0,0,0,0,0,19.2562,33.2046,1426,3.0000,16.8377,STEP3: Safe Area Cleanup (σ=0.4651),6.4865,15.1826,12.7698,4.0736,18.6502,14.6758,A,A,23
0,0,0,0,0,0,0,0,0,0,0,23.1170,35.1755,1427,inf,15.9115,STEP3: Safe Area Cleanup (σ=0.4651),7.1928,16.4435,15.9242,6.6735,21.7716,17.0118,A,A,22
0,0,0,0,0,0,0,0,0,0,1,14.6234,34.3557,1428,2.5000,20.0124,STEP3: Safe Area Cleanup (σ=0.4651),6.8946,15.9142,7.7288,-1.2908,14.9313,11.5449,B,A,21
0,0,0,0,0,0,0,0,0,0,0,18.7125,35.3722,1429,1.9000,10.7953,STEP3: Safe Area Cleanup (σ=0.4651),7.2653,16.5715,11.4472,2.1410,15.4341,9.1767,A,A,23
0,0,0,0,0,0,0,0,0,1,1,15.6798,39.8913,1430,2.2000,17.9064,STEP3: Safe Area Cleanup (σ=0.4651),9.0288,19.6207,6.6509,-3.9409,14.0136,8.5531,B,A,22
0,0,0,0,0,0,0,0,0,0,0,21.6995,38.7575,1431,4.1000,16.8766,STEP3: Safe Area Cleanup (σ=0.4637),8.5686,18.8361,13.1310,2.8635,19.8930,14.4441,A,A,23
0,0,0,0,0,0,0,0,0,0,1,15.7609,34.6728,1433,inf,20.6808,STEP3: Safe Area Cleanup (σ=0.4637),7.0092,16.1181,8.7517,-0.3572,16.2555,12.9741,B,A,22
0,0,0,0,0,0,0,0,0,1,1,16.3161,39.0611,1434,3.5000,14.6910,STEP3: Safe Area Cleanup (σ=0.4637),8.6907,19.0449,7.6254,-2.7288,13.5531,7.3975,B,A,23
0,0,0,0,0,0,0,0,0,0,0,15.7639,34.8057,1435,3.9000,20.4015,STEP3: Safe Area Cleanup (σ=0.4637),7.0575,16.2038,8.7064,-0.4400,16.1340,12.7388,B,A,22
0,0,0,0,0,0,0,0,1,1,1,16.2724,39.0435,1436,inf,14.7363,STEP3: Safe Area Cleanup (σ=0.4624),8.6836,19.0328,7.5889,-2.7604,13.5324,7.3946,B,A,23
-1,-1,-1,-1,-1,-1,-1,-1,-1,-1,-1,12.813698901186841,36.58305519242301,1432,23.588277994608834,STEP3: Safe Area Cleanup (σ=0.4637) [ERROR: TIMEOUT]
0,0,0,0,0,0,0,0,1,1,1,10.2748,30.8700,1437,inf,21.8361,STEP3: Safe Area Cleanup (σ=0.4624),5.6964,13.7404,4.5784,-3.4656,11.7322,9.7651,B,A,22
0,0,0,0,0,0,0,0,0,0,0,23.4422,39.9874,1438,inf,24.9568,STEP3: Safe Area Cleanup (σ=0.4624),9.0684,19.6877,14.3738,3.7545,24.6577,21.1922,A,A,23
0,0,0,0,0,0,0,0,0,0,0,23.3931,39.1550,1439,inf,20.0154,STEP3: Safe Area Cleanup (σ=0.4624),8.7286,19.1096,14.6646,4.2835,22.7579,18.0990,A,A,22
0,0,0,0,0,0,0,0,1,1,1,11.2689,31.0299,1440,0.9000,15.9114,STEP3: Safe Area Cleanup (σ=0.4624),5.7489,13.8374,5.5200,-2.5685,10.7564,7.0982,B,A,23
0,0,0,0,0,0,0,0,0,0,0,19.7064,32.7528,1441,inf,16.2580,STEP3: Safe Area Cleanup (σ=0.4612),6.3296,14.8992,13.3768,4.8073,18.9867,14.9697,A,A,21
0,0,0,0,0,0,0,0,0,0,1,15.3442,31.7149,1443,1.3000,11.4994,STEP3: Safe Area Cleanup (σ=0.4612),5.9765,14.2559,9.3677,1.0883,13.2251,8.1548,A,A,23
0,0,0,0,0,0,0,0,0,0,1,17.4456,37.6976,1442,0.9000,13.4349,STEP3: Safe Area Cleanup (σ=0.4612),8.1491,18.1145,9.2965,-0.6689,14.5477,8.4052,B,A,22
0,0,0,0,0,0,0,0,0,0,0,22.5540,31.5114,1444,inf,20.5584,STEP3: Safe Area Cleanup (σ=0.4612),5.9084,14.1311,16.6456,8.4229,23.5029,21.0136,A,A,21
0,0,0,0,0,0,0,0,1,1,1,11.9843,36.4002,1446,3.5000,23.1294,STEP3: Safe Area Cleanup (σ=0.4601),7.6498,17.2468,4.3346,-5.2624,13.0969,10.0539,B,A,21
0,0,0,0,0,0,0,0,0,1,1,16.1846,39.0672,1445,1.4000,14.5053,STEP3: Safe Area Cleanup (σ=0.4612),8.6931,19.0491,7.4915,-2.8645,13.3450,7.1347,B,A,22
0,0,0,0,0,0,0,0,0,0,1,18.4017,39.0995,1447,1.1000,12.2077,STEP3: Safe Area Cleanup (σ=0.4601),8.7061,19.0714,9.6955,-0.6697,14.6255,7.7497,B,A,21
0,0,0,0,0,0,0,0,0,1,1,11.1482,30.9407,1448,2.2000,21.4931,STEP3: Safe Area Cleanup (σ=0.4601),5.7196,13.7832,5.4287,-2.6350,12.4842,10.4033,B,A,22
0,0,0,0,0,0,0,0,0,0,0,22.8567,30.7683,1449,4.2000,14.3417,STEP3: Safe Area Cleanup (σ=0.4601),5.6631,13.6788,17.1936,9.1779,21.8787,17.8528,A,A,23
0,0,0,0,0,0,0,0,0,0,0,17.4107,30.9055,1450,4.1000,22.6256,STEP3: Safe Area Cleanup (σ=0.4601),5.7080,13.7619,11.7027,3.6488,19.1226,17.3660,A,A,21
0,0,0,0,0,0,0,0,0,1,1,18.5231,39.1520,1451,1.3000,12.0101,STEP3: Safe Area Cleanup (σ=0.4591),8.7274,19.1076,9.7958,-0.5844,14.6518,7.7051,B,A,23
0,0,0,0,0,0,0,0,0,0,0,18.7317,31.1496,1452,3.5000,15.8295,STEP3: Safe Area Cleanup (σ=0.4591),5.7884,13.9102,12.9433,4.8215,18.1703,14.4578,A,A,21
0,0,0,0,0,0,0,0,0,0,0,23.9725,30.7515,1453,inf,15.7136,STEP3: Safe Area Cleanup (σ=0.4591),5.6576,13.6686,18.3149,10.3039,23.4456,19.8059,A,A,23
0,0,0,0,0,0,0,0,0,0,0,18.0959,36.6757,1454,inf,19.3662,STEP3: Safe Area Cleanup (σ=0.4591),7.7545,17.4296,10.3414,0.6663,17.7275,13.5450,A,A,22
0,0,0,0,0,0,0,0,1,1,1,11.3207,31.0692,1455,1.1000,16.1351,STEP3: Safe Area Cleanup (σ=0.4591),5.7618,13.8612,5.5589,-2.5405,10.8748,7.2686,B,A,21
0,0,0,0,0,0,0,0,0,0,0,23.4641,30.1409,1456,inf,21.0423,STEP3: Safe Area Cleanup (σ=0.4580),5.4600,13.3013,18.0041,10.1628,24.7557,22.7563,A,A,23
0,0,0,0,0,0,0,0,0,0,0,18.1355,33.8306,1458,1.3000,10.1559,STEP3: Safe Area Cleanup (σ=0.4580),6.7069,15.5788,11.4286,2.5567,15.0344,9.0163,A,A,21
0,0,0,0,0,0,0,0,0,0,0,24.0338,30.7599,1457,inf,15.6881,STEP3: Safe Area Cleanup (σ=0.4580),5.6604,13.6737,18.3734,10.3601,23.4971,19.8480,A,A,22
0,0,0,0,0,0,0,0,1,1,1,13.3069,36.4366,1459,2.0000,23.9276,STEP3: Safe Area Cleanup (σ=0.4580),7.6636,17.2709,5.6433,-3.9640,14.7161,11.8897,B,A,23
0,0,0,0,0,0,0,0,0,1,1,13.1496,36.6074,1460,1.6000,23.6516,STEP3: Safe Area Cleanup (σ=0.4580),7.7285,17.3843,5.4211,-4.2346,14.4267,11.4774,B,A,21
0,0,0,0,0,0,0,0,0,0,0,13.9624,30.0025,1461,2.1000,15.7905,STEP3: Safe Area Cleanup (σ=0.4567),5.4157,13.2186,8.5467,0.7438,13.5930,10.1720,A,A,22
0,0,0,0,0,0,0,0,0,0,0,23.9155,30.7014,1462,inf,15.8136,STEP3: Safe Area Cleanup (σ=0.4567),5.6413,13.6383,18.2742,10.2772,23.4303,19.8316,A,A,23
0,0,0,0,0,0,0,0,0,1,1,11.6497,30.8272,1463,2.3000,20.3129,STEP3: Safe Area Cleanup (σ=0.4567),5.6824,13.7145,5.9673,-2.0647,12.6141,10.2341,B,A,22
0,0,0,0,0,0,0,0,1,1,1,12.5859,36.4679,1464,inf,23.5187,STEP3: Safe Area Cleanup (σ=0.4567),7.6755,17.2917,4.9105,-4.7057,13.8350,10.8846,B,A,23
0,0,0,0,0,0,0,0,0,0,0,19.0797,31.2884,1465,4.7000,15.6731,STEP3: Safe Area Cleanup (σ=0.4567),5.8343,13.9947,13.2455,5.0850,18.4409,14.6482,A,A,21
0,0,0,0,0,0,0,0,0,0,0,24.9482,35.1046,1467,4.5000,10.0348,STEP3: Safe Area Cleanup (σ=0.4554),7.1667,16.3974,17.7815,8.5508,21.4626,15.0635,A,A,23
0,0,0,0,0,0,0,0,0,0,0,17.0940,30.9091,1466,inf,22.7287,STEP3: Safe Area Cleanup (σ=0.4554),5.7092,13.7641,11.3848,3.3299,18.8393,17.1105,A,A,22
0,0,0,0,0,0,0,0,0,0,0,23.9314,37.2782,1468,inf,15.7388,STEP3: Safe Area Cleanup (σ=0.4554),7.9860,17.8321,15.9454,6.0993,22.0360,16.6622,A,A,21
0,0,0,0,0,0,0,0,0,0,0,18.1985,30.9555,1469,2.1000,11.6565,STEP3: Safe Area Cleanup (σ=0.4554),5.7244,13.7922,12.4741,4.4063,16.3021,11.4792,A,A,23
0,0,0,0,0,0,0,0,0,0,0,18.6873,31.2104,1470,3.5000,15.5652,STEP3: Safe Area Cleanup (σ=0.4554),5.8084,13.9472,12.8788,4.7401,18.0273,14.2251,A,A,22
0,0,0,0,0,0,0,0,0,0,0,21.7277,32.1465,1472,3.7000,18.0744,STEP3: Safe Area Cleanup (σ=0.4544),6.1221,14.5221,15.6055,7.2056,21.7407,18.3919,A,A,23
0,0,0,0,0,0,0,0,0,0,1,13.4286,34.6580,1471,2.4000,24.0959,STEP3: Safe Area Cleanup (σ=0.4544),7.0038,16.1086,6.4248,-2.6800,15.1644,12.8491,B,A,21
0,0,0,0,0,0,0,0,0,0,0,23.6132,30.1396,1473,inf,20.8746,STEP3: Safe Area Cleanup (σ=0.4544),5.4596,13.3005,18.1537,10.3127,24.8513,22.8056,A,A,22
0,0,0,0,0,0,0,0,1,1,1,14.2457,38.6540,1474,1.1000,16.2478,STEP3: Safe Area Cleanup (σ=0.4544),8.5272,18.7652,5.7185,-4.5195,12.2130,6.6126,B,A,21
0,0,0,0,0,0,0,0,0,0,1,13.2562,34.6995,1475,2.0000,24.4471,STEP3: Safe Area Cleanup (σ=0.4544),7.0189,16.1353,6.2373,-2.8791,15.1137,12.8866,B,A,22
0,0,0,0,0,0,0,0,0,0,0,23.2190,33.9493,1476,inf,21.4525,STEP3: Safe Area Cleanup (σ=0.4532),6.7491,15.6544,16.4699,7.5646,24.1099,21.2353,A,A,21
0,0,0,0,0,0,0,0,0,0,0,24.9601,38.9246,1477,3.3000,14.1512,STEP3: Safe Area Cleanup (σ=0.4532),8.6357,18.9509,16.3245,6.0092,22.0164,15.7438,A,A,22
0,0,0,0,0,0,0,0,0,0,1,13.3325,34.7991,1478,1.8000,24.2438,STEP3: Safe Area Cleanup (σ=0.4532),7.0551,16.1996,6.2773,-2.8672,15.1023,12.7920,B,A,23
0,0,0,0,0,0,0,0,0,0,0,23.1616,33.2098,1479,inf,13.8646,STEP3: Safe Area Cleanup (σ=0.4532),6.4883,15.1859,16.6734,7.9757,21.5161,16.7066,A,A,21
0,0,0,0,0,0,0,0,0,0,0,14.7306,31.1757,1480,1.5000,17.6563,STEP3: Safe Area Cleanup (σ=0.4532),5.7970,13.9260,8.9336,0.8046,14.7681,11.5576,A,A,22
0,0,0,0,0,0,0,0,0,0,0,23.2534,33.1888,1482,inf,13.7022,STEP3: Safe Area Cleanup (σ=0.4524),6.4810,15.1727,16.7725,8.0807,21.5558,16.7064,A,A,21
0,0,0,0,0,0,0,0,0,0,0,15.0310,30.1136,1481,inf,24.9585,STEP3: Safe Area Cleanup (σ=0.4524),5.4512,13.2850,9.5798,1.7460,17.5817,16.6764,A,A,23
0,0,0,0,0,0,0,0,0,0,0,23.3262,33.2902,1483,inf,13.8218,STEP3: Safe Area Cleanup (σ=0.4524),6.5164,15.2366,16.8098,8.0897,21.6479,16.8049,A,A,23
0,0,0,0,0,0,0,0,0,0,0,19.4443,37.1633,1484,inf,20.3479,STEP3: Safe Area Cleanup (σ=0.4524),7.9416,17.7551,11.5027,1.6892,19.3552,15.3217,A,A,21
0,0,0,0,0,0,0,0,0,0,0,23.6576,37.3622,1485,3.6000,15.6895,STEP3: Safe Area Cleanup (σ=0.4524),8.0185,17.8886,15.6391,5.7691,21.7227,16.3123,A,A,23
0,0,0,0,0,0,0,0,0,1,1,10.0962,30.0656,1486,1.3000,24.3365,STEP3: Safe Area Cleanup (σ=0.4508),5.4358,13.2563,4.6603,-3.1601,12.4520,11.3863,B,A,22
0,0,0,0,0,0,0,0,0,0,0,23.4867,37.5891,1487,inf,19.4207,STEP3: Safe Area Cleanup (σ=0.4508),8.1068,18.0413,15.3799,5.4454,22.9512,18.5409,A,A,21
0,0,0,0,0,0,0,0,0,0,0,21.7418,34.4486,1489,inf,19.5951,STEP3: Safe Area Cleanup (σ=0.4508),6.9281,15.9739,14.8137,5.7680,21.8829,18.3546,A,A,22
0,0,0,0,0,0,0,0,0,0,1,13.2680,34.5623,1488,2.5000,23.9326,STEP3: Safe Area Cleanup (σ=0.4508),6.9692,16.0469,6.2988,-2.7789,14.9580,12.6215,B,A,23
0,0,0,0,0,0,0,0,0,0,0,23.4358,39.9239,1490,inf,21.5057,STEP3: Safe Area Cleanup (σ=0.4508),9.0422,19.6434,14.3936,3.7924,23.2428,18.8049,A,A,21
0,0,0,0,0,0,0,0,0,0,0,16.6867,32.5435,1491,inf,21.3915,STEP3: Safe Area Cleanup (σ=0.4497),6.2576,14.7686,10.4291,1.9181,17.7688,15.2438,A,A,22
0,0,0,0,0,0,0,0,0,0,0,15.6375,38.0333,1492,inf,18.6033,STEP3: Safe Area Cleanup (σ=0.4497),8.2808,18.3418,7.3567,-2.7043,14.6858,9.9241,B,A,23
0,0,1,0,1,1,1,1,1,1,1,24.9848,37.1745,1494,0.0000,10.0619,STEP3: Safe Area Cleanup (σ=0.4497),7.9459,17.7626,17.0389,7.2222,20.9229,13.9645,A,A,22
0,0,0,0,0,0,0,0,0,0,0,19.8318,37.2586,1495,1.9000,11.4729,STEP3: Safe Area Cleanup (σ=0.4497),7.9784,17.8190,11.8534,2.0128,16.2911,9.7105,A,A,23
0,0,1,0,0,0,0,1,1,1,1,10.0449,30.0415,1496,0.0000,23.9937,STEP3: Safe Area Cleanup (σ=0.4487),5.4281,13.2419,4.6168,-3.1970,12.2933,11.1386,B,A,22
0,0,0,0,0,0,0,0,0,0,0,22.8043,37.6206,1493,inf,19.4503,STEP3: Safe Area Cleanup (σ=0.4497),8.1190,18.0626,14.6852,4.7417,22.2737,17.8634,A,A,21
0,0,0,0,0,0,0,0,0,0,0,19.7071,37.3713,1499,0.0000,20.3552,STEP3: Safe Area Cleanup (σ=0.4487),8.0221,17.8947,11.6850,1.8124,19.5795,15.4929,A,A,22
0,0,0,0,0,0,0,1,1,1,1,12.2677,39.9727,1497,0.9000,20.8837,STEP3: Safe Area Cleanup (σ=0.4487),9.0623,19.6775,3.2054,-7.4098,11.8081,7.1789,B,A,23
0,0,0,0,0,0,0,0,0,0,0,20.1648,31.4239,1498,3.0000,13.5989,STEP3: Safe Area Cleanup (σ=0.4487),5.8793,14.0775,14.2855,6.0873,18.8105,14.4036,A,A,21
-1,-1,-1,-1,-1,-1,-1,-1,-1,-1,-1,16.5619,30.9364,1500,inf,13.1983,STEP3: Safe Area Cleanup (σ=0.4487),5.7182,13.7806,10.8437,2.7813,15.1758,10.7871,A,A,22
0,0,0,0,0,0,0,0,0,0,0,23.2436,37.5537,1501,inf,19.3105,STEP3: Safe Area Cleanup (σ=0.4474),8.0929,18.0174,15.1506,5.2262,22.6726,18.2404,A,A,23
0,0,0,0,0,0,0,0,0,0,0,23.9001,36.1913,1502,inf,24.9865,STEP3: Safe Area Cleanup (σ=0.4474),7.5709,17.1087,16.3292,6.7914,25.7467,23.2843,A,A,21
0,0,0,0,0,0,0,0,0,0,1,15.1954,37.9204,1503,inf,18.7060,STEP3: Safe Area Cleanup (σ=0.4474),8.2364,18.2652,6.9590,-3.0698,14.3090,9.6068,B,A,22
0,0,0,0,0,0,0,0,0,0,1,15.2903,37.1542,1504,2.0000,22.3947,STEP3: Safe Area Cleanup (σ=0.4474),7.9381,17.7490,7.3522,-2.4587,15.9926,12.5430,B,A,23
0,0,0,0,0,0,0,0,0,0,1,15.7205,37.8533,1505,inf,18.5829,STEP3: Safe Area Cleanup (σ=0.4474),8.2101,18.2198,7.5105,-2.4992,14.8006,10.0813,B,A,21
0,0,0,0,0,0,0,0,0,0,0,15.2646,35.0417,1506,inf,24.9990,STEP3: Safe Area Cleanup (σ=0.4465),7.1437,16.3566,8.1209,-1.0920,17.2769,15.1167,B,A,22
0,0,0,0,0,0,0,0,0,0,0,21.0161,33.6065,1507,4.6000,23.9232,STEP3: Safe Area Cleanup (σ=0.4465),6.6276,15.4365,14.3885,5.5796,22.8325,20.7413,A,A,21
0,0,0,0,0,0,0,0,0,0,0,20.1660,31.3282,1508,4.0000,13.5964,STEP3: Safe Area Cleanup (σ=0.4465),5.8475,14.0191,14.3186,6.1470,18.8307,14.4486,A,A,22
0,0,0,0,0,0,0,0,0,0,1,14.5477,36.6174,1509,1.9000,20.6724,STEP3: Safe Area Cleanup (σ=0.4465),7.7323,17.3909,6.8154,-2.8432,14.6885,10.8918,B,A,21
0,0,0,0,0,0,0,0,0,0,0,24.9112,36.8716,1511,inf,21.0607,STEP3: Safe Area Cleanup (σ=0.4456),7.8294,17.5601,17.0818,7.3511,25.1524,21.3986,A,A,21
-1,-1,-1,-1,-1,-1,-1,-1,-1,-1,-1,20.43701264084038,32.36605054052559,1510,11.793692326116714,STEP3: Safe Area Cleanup (σ=0.4465) [ERROR: TIMEOUT]
0,0,0,0,0,0,0,0,0,0,0,21.2446,32.9998,1513,inf,24.2326,STEP3: Safe Area Cleanup (σ=0.4456),6.4152,15.0539,14.8294,6.1907,23.2465,21.3988,A,A,21
0,0,0,0,0,0,0,0,0,0,0,24.9139,33.2802,1514,inf,14.7808,STEP3: Safe Area Cleanup (σ=0.4456),6.5129,15.2303,18.4010,9.6836,23.5734,19.0020,A,A,21
-1,-1,-1,-1,-1,-1,-1,-1,-1,-1,-1,20.97663632965152,33.17185308062472,1512,24.344420516856502,STEP3: Safe Area Cleanup (σ=0.4456) [ERROR: TIMEOUT]
0,0,0,0,0,0,0,0,0,0,0,23.0298,35.8676,1515,4.7000,21.0635,STEP3: Safe Area Cleanup (σ=0.4456),7.4493,16.8956,15.5804,6.1342,23.4562,19.9683,A,A,21
0,0,0,0,0,0,0,0,0,0,0,15.4408,35.0502,1516,inf,24.9604,STEP3: Safe Area Cleanup (σ=0.4441),7.1468,16.3621,8.2940,-0.9213,17.4379,15.2645,B,A,23
0,0,0,0,0,0,0,0,0,0,0,23.3608,31.3327,1519,4.7000,10.9749,STEP3: Safe Area Cleanup (σ=0.4441),5.8490,14.0218,17.5119,9.3390,21.1544,16.0405,A,A,23
0,0,0,0,0,0,0,0,0,0,0,20.8930,33.2130,1517,4.8000,24.2034,STEP3: Safe Area Cleanup (σ=0.4441),6.4894,15.1880,14.4036,5.7050,22.8583,20.9473,A,A,22
0,0,0,0,0,0,0,0,0,0,0,15.4535,37.1021,1518,inf,22.5016,STEP3: Safe Area Cleanup (σ=0.4441),7.9180,17.7141,7.5355,-2.2606,16.2063,12.8007,B,A,21
0,0,0,0,0,0,0,0,0,0,0,16.6546,30.7472,1520,2.9000,13.2253,STEP3: Safe Area Cleanup (σ=0.4441),5.6562,13.6660,10.9983,2.9885,15.3161,10.9853,A,A,23
0,0,0,0,0,0,0,0,0,0,0,21.3735,32.9145,1521,inf,24.2544,STEP3: Safe Area Cleanup (σ=0.4429),6.3855,15.0004,14.9880,6.3731,23.3934,21.5739,A,A,22
0,0,0,0,0,0,0,0,0,0,0,19.7762,35.4329,1522,inf,19.2348,STEP3: Safe Area Cleanup (σ=0.4429),7.2877,16.6110,12.4885,3.1652,19.6031,15.7131,A,A,21
0,0,0,0,0,0,0,0,0,0,0,20.9619,33.3037,1523,inf,24.2580,STEP3: Safe Area Cleanup (σ=0.4429),6.5211,15.2451,14.4407,5.7168,22.9348,21.0158,A,A,23
0,0,0,0,0,0,0,0,0,0,0,20.7240,33.4956,1524,4.8000,23.9865,STEP3: Safe Area Cleanup (σ=0.4429),6.5885,15.3663,14.1356,5.3577,22.5772,20.5324,A,A,22
0,0,0,0,0,0,0,0,0,0,0,21.9254,35.0443,1525,3.7000,13.7398,STEP3: Safe Area Cleanup (σ=0.4429),7.1446,16.3583,14.7808,5.5672,19.8134,14.4760,A,A,21
0,0,0,0,0,0,0,0,0,0,0,24.9752,36.8998,1526,inf,21.2222,STEP3: Safe Area Cleanup (σ=0.4423),7.8402,17.5789,17.1350,7.3963,25.2730,21.5576,A,A,23
0,0,0,0,0,0,0,0,0,0,1,19.5462,38.3007,1528,0.7000,10.3225,STEP3: Safe Area Cleanup (σ=0.4423),8.3865,18.5237,11.1597,1.0225,15.2520,8.0578,A,A,21
0,0,0,0,0,0,0,0,0,0,0,24.6297,37.0149,1527,inf,20.9967,STEP3: Safe Area Cleanup (σ=0.4423),7.8844,17.6558,16.7453,6.9739,24.8192,21.0093,A,A,22
0,0,0,0,0,0,0,0,0,0,0,21.0607,32.5468,1530,inf,12.3316,STEP3: Safe Area Cleanup (σ=0.4423),6.2588,14.7707,14.8019,6.2900,19.0335,13.9723,A,A,21
0,0,0,0,0,0,0,0,0,0,0,20.0100,34.7835,1529,inf,22.2002,STEP3: Safe Area Cleanup (σ=0.4423),7.0494,16.1895,12.9606,3.8205,21.0385,18.1561,A,A,23
0,0,0,0,0,0,0,0,0,0,0,23.3440,37.2180,1531,inf,24.9221,STEP3: Safe Area Cleanup (σ=0.4416),7.9627,17.7918,15.3812,5.5522,25.0115,22.2631,A,A,22
0,0,0,0,0,0,0,0,0,0,0,23.6597,31.3447,1532,3.9000,11.2916,STEP3: Safe Area Cleanup (σ=0.4416),5.8529,14.0291,17.8068,9.6306,21.5557,16.5268,A,A,21
0,0,0,0,0,0,0,0,0,0,0,14.4244,33.6569,1534,inf,14.7038,STEP3: Safe Area Cleanup (σ=0.4416),6.6454,15.4685,7.7791,-1.0440,12.9758,8.2822,B,A,22
0,0,0,0,0,0,0,0,0,0,0,22.0811,30.0293,1533,inf,24.7423,STEP3: Safe Area Cleanup (σ=0.4416),5.4242,13.2346,16.6569,8.8465,24.5701,23.6263,A,A,23
-1,-1,-1,-1,-1,-1,-1,-1,-1,-1,-1,19.6056,38.2327,1536,inf,10.3853,STEP3: Safe Area Cleanup (σ=0.4410),8.3596,18.4774,11.2460,1.1282,15.3566,8.1991,A,A,22
0,0,0,0,0,0,0,0,0,0,0,19.9223,34.7772,1535,inf,22.1376,STEP3: Safe Area Cleanup (σ=0.4416),7.0472,16.1855,12.8752,3.7368,20.9290,18.0307,A,A,21
-1,-1,-1,-1,-1,-1,-1,-1,-1,-1,-1,20.1962,32.4183,1538,inf,11.6037,STEP3: Safe Area Cleanup (σ=0.4410),6.2147,14.6907,13.9815,5.5056,17.9495,12.7192,A,A,22
0,0,0,0,0,0,0,0,0,0,1,13.1842,31.3432,1537,2.7000,20.1815,STEP3: Safe Area Cleanup (σ=0.4410),5.8524,14.0282,7.3318,-0.8440,14.0320,11.4813,B,A,23
-1,-1,-1,-1,-1,-1,-1,-1,-1,-1,-1,16.8545,34.5712,1540,inf,14.6355,STEP3: Safe Area Cleanup (σ=0.4410),6.9724,16.0527,9.8821,0.8019,15.1787,10.2210,A,A,22
0,1,0,0,0,1,1,1,1,1,1,24.9811,39.8902,1541,0.0000,13.4416,STEP3: Safe Area Cleanup (σ=0.4400),9.0284,19.6199,15.9527,5.3612,21.4795,14.7398,A,A,23
0,0,0,0,0,0,0,0,0,0,0,16.6109,39.9570,1539,4.3000,24.2419,STEP3: Safe Area Cleanup (σ=0.4410),9.0559,19.6665,7.5551,-3.0556,17.5376,13.8751,B,A,21
0,0,0,0,0,0,0,0,0,1,1,11.1145,30.0549,1542,1.2000,16.9115,STEP3: Safe Area Cleanup (σ=0.4400),5.4324,13.2499,5.6821,-2.1354,11.0948,7.9711,B,A,21
0,0,0,0,0,0,0,0,0,0,0,22.0099,35.6002,1543,inf,23.4216,STEP3: Safe Area Cleanup (σ=0.4400),7.3497,16.7203,14.6602,5.2896,23.3597,20.6087,A,A,21
0,0,0,0,0,0,0,0,0,0,1,17.3504,34.6152,1544,1.7000,15.0697,STEP3: Safe Area Cleanup (σ=0.4400),6.9883,16.0810,10.3620,1.2694,15.8219,10.9747,A,A,22
0,0,0,0,0,0,0,0,0,0,0,24.9082,35.3802,1545,inf,23.1273,STEP3: Safe Area Cleanup (σ=0.4400),7.2682,16.5767,17.6400,8.3316,26.1831,23.4064,A,A,23
0,0,0,0,0,0,0,0,0,0,0,20.3999,32.4409,1547,2.9000,11.5846,STEP3: Safe Area Cleanup (σ=0.4390),6.2225,14.7047,14.1774,5.6951,18.1413,12.8996,A,A,23
0,0,0,0,0,0,0,0,0,0,1,13.3024,31.4378,1546,3.0000,20.4253,STEP3: Safe Area Cleanup (σ=0.4390),5.8839,14.0860,7.4185,-0.7836,14.2175,11.7103,B,A,22
0,0,0,0,0,0,0,0,0,0,1,19.9902,35.4980,1550,1.7000,10.0268,STEP3: Safe Area Cleanup (σ=0.4390),7.3118,16.6535,12.6784,3.3367,16.3932,9.8844,A,A,22
0,0,0,0,0,0,0,0,0,0,1,16.2652,39.7829,1549,inf,20.0733,STEP3: Safe Area Cleanup (σ=0.4390),8.9843,19.5451,7.2810,-3.2798,15.5145,10.7040,B,A,23
0,0,0,0,0,0,0,0,0,0,0,21.4639,30.0440,1551,3.5000,10.0406,STEP3: Safe Area Cleanup (σ=0.4376),5.4289,13.2433,16.0350,8.2205,19.2476,14.2198,A,A,22
1,0,1,1,1,1,1,1,1,1,1,17.3539,39.9745,1552,0.0000,10.0181,STEP3: Safe Area Cleanup (σ=0.4376),9.0630,19.6787,8.2908,-2.3248,12.4178,4.6737,B,A,23
-1,-1,-1,-1,-1,-1,-1,-1,-1,-1,-1,21.19706580752097,35.388740316835424,1548,22.355197936668368,STEP3: Safe Area Cleanup (σ=0.4390) [ERROR: TIMEOUT]
0,0,0,0,0,0,0,0,0,0,0,21.8639,33.8976,1553,inf,14.4529,STEP3: Safe Area Cleanup (σ=0.4376),6.7307,15.6215,15.1332,6.2424,20.2735,15.4450,A,A,22
0,0,0,0,0,0,0,0,0,0,0,17.3054,34.3548,1554,4.2000,14.9806,STEP3: Safe Area Cleanup (σ=0.4376),6.8943,15.9136,10.4111,1.3918,15.8026,11.0001,A,A,23
0,0,0,0,0,0,0,0,0,0,1,16.6255,38.4038,1555,inf,23.5214,STEP3: Safe Area Cleanup (σ=0.4376),8.4274,18.5940,8.1981,-1.9685,17.5455,14.0872,B,A,22
0,0,0,0,0,0,0,0,0,0,0,20.3745,34.7099,1556,3.8000,16.7365,STEP3: Safe Area Cleanup (σ=0.4368),7.0227,16.1420,13.3518,4.2325,19.4302,15.0274,A,A,23
0,0,0,0,0,0,0,0,0,0,0,18.3988,32.5412,1558,3.2000,13.6545,STEP3: Safe Area Cleanup (σ=0.4368),6.2568,14.7672,12.1420,3.6316,16.8267,12.1373,A,A,22
0,0,0,0,0,0,0,0,0,0,1,16.3790,39.8392,1557,inf,20.0555,STEP3: Safe Area Cleanup (σ=0.4368),9.0074,19.5843,7.3716,-3.2053,15.6083,10.7775,B,A,21
0,0,0,0,0,0,0,0,0,0,1,18.0024,35.8820,1560,inf,17.2345,STEP3: Safe Area Cleanup (σ=0.4368),7.4547,16.9050,10.5477,1.0974,16.9941,12.4192,A,A,22
0,0,0,0,0,0,0,0,0,0,0,19.2879,38.0256,1561,3.6000,23.3442,STEP3: Safe Area Cleanup (σ=0.4362),8.2778,18.3366,11.0100,0.9512,20.2053,16.7961,A,A,21
0,0,0,0,0,0,0,0,0,0,1,17.0938,32.5356,1562,0.0000,10.0302,STEP3: Safe Area Cleanup (σ=0.4362),6.2549,14.7636,10.8389,2.3302,14.2797,8.5776,A,A,22
-1,-1,-1,-1,-1,-1,-1,-1,-1,-1,-1,11.9961458714206,39.97739891703757,1559,24.43352120848005,STEP3: Safe Area Cleanup (σ=0.4368) [ERROR: TIMEOUT]
0,0,0,0,0,0,0,0,1,1,1,12.4800,33.4844,1563,1.3000,16.4491,STEP3: Safe Area Cleanup (σ=0.4362),6.5846,15.3592,5.8954,-2.8793,11.6827,7.5251,B,A,21
0,0,0,0,0,0,0,0,0,0,0,18.8289,33.6646,1564,3.4000,20.8449,STEP3: Safe Area Cleanup (σ=0.4362),6.6481,15.4734,12.1808,3.3555,19.5495,16.5786,A,A,22
0,0,0,0,0,0,0,0,0,0,0,21.6967,33.8952,1565,4.9000,14.5398,STEP3: Safe Area Cleanup (σ=0.4362),6.7299,15.6199,14.9668,6.0768,20.1377,15.3343,A,A,21
0,0,0,0,0,0,0,0,0,0,0,24.8065,39.9899,1566,3.7000,12.9432,STEP3: Safe Area Cleanup (σ=0.4363),9.0694,19.6895,15.7371,5.1170,21.0709,14.1610,A,A,21
0,0,0,0,0,0,0,0,0,0,1,12.5005,30.0241,1567,1.8000,22.4459,STEP3: Safe Area Cleanup (σ=0.4363),5.4226,13.2315,7.0779,-0.7310,14.2556,12.6758,B,A,23
0,0,0,0,0,0,0,0,0,0,0,19.3538,37.9150,1568,inf,23.1722,STEP3: Safe Area Cleanup (σ=0.4363),8.2343,18.2616,11.1195,1.0922,20.2232,16.7942,A,A,21
0,0,0,0,0,0,0,0,0,0,0,21.6680,37.7659,1569,2.1000,13.4460,STEP3: Safe Area Cleanup (σ=0.4363),8.1758,18.1607,13.4922,3.5073,18.7562,12.5982,A,A,22
0,0,0,0,0,0,0,1,1,1,1,10.0003,31.2846,1570,0.0000,16.7509,STEP3: Safe Area Cleanup (σ=0.4363),5.8330,13.9925,4.1673,-3.9922,9.7194,6.2280,B,A,23
0,0,0,0,0,0,0,0,0,0,0,24.9630,34.7221,1571,4.7000,21.7071,STEP3: Safe Area Cleanup (σ=0.4350),7.0271,16.1499,17.9359,8.8131,25.8220,22.8168,A,A,21
0,0,0,0,0,0,0,0,0,0,0,21.5829,39.9110,1572,2.4000,10.0083,STEP3: Safe Area Cleanup (σ=0.4350),9.0369,19.6344,12.5460,1.9485,16.6630,8.9337,A,A,22
0,0,0,0,0,0,0,0,0,0,1,14.2352,33.9292,1573,1.5000,17.8023,STEP3: Safe Area Cleanup (σ=0.4350),6.7420,15.6416,7.4932,-1.4064,13.8300,9.9345,B,A,23
0,0,0,0,0,0,0,1,1,1,1,10.0067,31.2721,1574,0.0000,17.0416,STEP3: Safe Area Cleanup (σ=0.4350),5.8289,13.9848,4.1778,-3.9781,9.8244,6.4173,B,A,21
0,0,0,0,0,0,0,0,0,0,0,17.9182,35.9300,1575,3.7000,17.3088,STEP3: Safe Area Cleanup (σ=0.4350),7.4727,16.9366,10.4455,0.9816,16.9274,12.3607,A,A,22
0,0,0,0,0,0,0,0,0,0,1,15.2403,32.8329,1577,1.9000,13.5094,STEP3: Safe Area Cleanup (σ=0.4339),6.3573,14.9493,8.8830,0.2910,13.5545,8.7463,A,A,22
0,0,0,0,0,0,0,0,0,0,1,16.7139,35.9965,1576,2.4000,12.9082,STEP3: Safe Area Cleanup (σ=0.4339),7.4976,16.9803,9.2163,-0.2664,14.0582,8.2284,B,A,21
0,0,0,0,0,0,0,0,0,0,0,21.2198,35.6175,1578,inf,17.3941,STEP3: Safe Area Cleanup (σ=0.4339),7.3561,16.7316,13.8636,4.4881,20.3271,15.8680,A,A,22
0,0,0,0,0,0,0,1,1,1,1,12.6674,33.6239,1579,0.3000,16.2537,STEP3: Safe Area Cleanup (σ=0.4339),6.6337,15.4476,6.0337,-2.7802,11.7732,7.5237,B,A,23
0,0,0,0,0,0,0,0,0,0,0,16.7605,30.6079,1580,2.4000,17.9279,STEP3: Safe Area Cleanup (σ=0.4339),5.6108,13.5819,11.1496,3.1786,16.9795,13.9934,A,A,21
0,0,0,0,0,0,0,0,0,0,0,17.5334,31.1119,1581,2.4000,17.6107,STEP3: Safe Area Cleanup (σ=0.4330),5.7759,13.8872,11.7575,3.6462,17.5664,14.3600,A,A,22
0,0,0,0,0,0,0,1,1,1,1,10.0306,32.0680,1582,0.5000,17.8981,STEP3: Safe Area Cleanup (σ=0.4330),6.0955,14.4735,3.9350,-4.4430,9.9973,6.6199,B,A,23
0,0,0,0,0,0,0,0,1,1,1,11.6186,39.9595,1584,3.4000,24.9820,STEP3: Safe Area Cleanup (σ=0.4330),9.0569,19.6683,2.5617,-8.0496,12.8496,9.3986,B,A,22
0,0,0,0,0,0,0,1,1,1,1,11.5304,39.0378,1583,0.9000,22.0567,STEP3: Safe Area Cleanup (σ=0.4330),8.6812,19.0288,2.8492,-7.4984,11.7441,7.6998,B,A,21
0,0,0,0,0,0,0,0,0,0,0,24.9327,38.0982,1585,inf,12.8455,STEP3: Safe Area Cleanup (σ=0.4330),8.3064,18.3859,16.6263,6.5468,21.6947,15.2751,A,A,23
0,0,0,0,0,0,0,0,0,0,0,22.0925,38.0962,1586,3.9000,22.0767,STEP3: Safe Area Cleanup (σ=0.4317),8.3056,18.3845,13.7868,3.7079,22.4972,18.7083,A,A,22
0,0,0,0,0,0,0,0,0,0,0,18.0744,31.1798,1587,inf,17.3800,STEP3: Safe Area Cleanup (σ=0.4317),5.7983,13.9285,12.2761,4.1459,18.0199,14.7313,A,A,21
0,0,0,0,0,0,0,0,0,0,0,21.6109,35.7074,1588,inf,17.2886,STEP3: Safe Area Cleanup (σ=0.4317),7.3896,16.7905,14.2213,4.8204,20.6600,16.1470,A,A,23
0,0,0,0,0,0,0,0,0,0,1,12.5056,31.6372,1590,2.3000,21.8016,STEP3: Safe Area Cleanup (σ=0.4317),5.9505,14.2082,6.5551,-1.7027,13.8526,11.6774,B,A,21
0,0,0,0,0,0,0,0,0,0,1,15.0414,39.0633,1589,2.3000,20.4368,STEP3: Safe Area Cleanup (σ=0.4317),8.6915,19.0464,6.3499,-4.0050,14.5963,10.0823,B,A,22
0,0,0,0,0,0,0,0,0,0,1,12.9401,38.1331,1591,inf,24.9313,STEP3: Safe Area Cleanup (σ=0.4310),8.3202,18.4096,4.6199,-5.4695,14.4651,11.4799,B,A,23
0,0,0,0,0,0,0,0,0,0,0,23.5877,38.7979,1592,inf,23.9881,STEP3: Safe Area Cleanup (σ=0.4310),8.5848,18.8639,15.0029,4.7238,24.6233,21.1943,A,A,21
0,0,0,0,0,0,0,1,1,1,1,12.2113,37.5628,1593,inf,24.9915,STEP3: Safe Area Cleanup (σ=0.4310),8.0965,18.0236,4.1148,-5.8123,13.8518,11.0330,B,A,22
0,0,0,0,0,0,0,0,0,0,0,21.2186,35.7461,1594,4.7000,17.3654,STEP3: Safe Area Cleanup (σ=0.4310),7.4040,16.8158,13.8146,4.4027,20.2881,15.7865,A,A,23
0,0,0,0,0,0,0,0,0,0,0,16.7172,30.4578,1595,2.1000,17.7116,STEP3: Safe Area Cleanup (σ=0.4310),5.5621,13.4915,11.1551,3.2257,16.8900,13.8830,A,A,21
0,0,0,0,0,0,0,0,0,0,0,22.4856,36.2996,1596,4.8000,17.5478,STEP3: Safe Area Cleanup (σ=0.4295),7.6117,17.1802,14.8739,5.3054,21.5054,16.9076,A,A,23
0,0,0,0,0,0,0,0,0,0,0,23.7867,30.0014,1597,inf,19.1832,STEP3: Safe Area Cleanup (σ=0.4295),5.4153,13.2179,18.3714,10.5688,24.5017,22.0224,A,A,21
0,0,0,0,0,0,0,0,0,0,0,23.7178,38.3922,1598,inf,17.7715,STEP3: Safe Area Cleanup (σ=0.4295),8.4228,18.5861,15.2950,5.1317,22.3554,17.2604,A,A,23
0,0,0,0,0,0,0,0,0,0,1,13.5254,35.7710,1600,4.0000,21.4538,STEP3: Safe Area Cleanup (σ=0.4295),7.4133,16.8322,6.1121,-3.3068,14.1146,10.7625,B,A,21
0,0,0,0,0,0,0,0,0,0,0,24.8315,36.2163,1601,inf,17.2235,STEP3: Safe Area Cleanup (σ=0.4279),7.5803,17.1252,17.2512,7.7062,23.7468,19.0794,A,A,23
0,0,0,0,0,0,0,0,0,0,1,12.9480,31.5490,1602,1.8000,15.6352,STEP3: Safe Area Cleanup (σ=0.4279),5.9210,14.1541,7.0270,-1.2062,12.2477,8.3754,B,A,21
-1,-1,-1,-1,-1,-1,-1,-1,-1,-1,-1,14.668929628343246,39.226240260253434,1599,20.614966901750265,STEP3: Safe Area Cleanup (σ=0.4295) [ERROR: TIMEOUT]
0,0,0,0,0,0,0,0,0,0,0,21.4899,39.9387,1604,3.0000,14.0192,STEP3: Safe Area Cleanup (σ=0.4279),9.0483,19.6537,12.4416,1.8362,18.2121,11.6247,A,A,21
0,0,0,0,0,0,0,0,0,0,0,17.3797,34.1609,1603,inf,22.6750,STEP3: Safe Area Cleanup (σ=0.4279),6.8247,15.7894,10.5550,1.5903,18.6749,16.0888,A,A,23
1,0,0,1,1,1,1,1,1,1,1,15.1072,33.7911,1605,0.0000,10.0440,STEP3: Safe Area Cleanup (σ=0.4279),6.6929,15.5537,8.4143,-0.4465,11.9766,5.9379,B,A,21
0,0,0,0,0,0,0,0,0,0,1,13.0112,31.3270,1607,1.9000,15.9348,STEP3: Safe Area Cleanup (σ=0.4268),5.8471,14.0183,7.1642,-1.0071,12.4521,8.7220,B,A,23
0,0,0,0,0,0,0,0,0,0,1,18.5755,37.8981,1608,1.4000,14.4426,STEP3: Safe Area Cleanup (σ=0.4268),8.2276,18.2501,10.3478,0.3254,16.0197,10.1095,A,A,21
0,0,0,0,0,0,0,0,0,0,0,19.5915,31.1510,1609,2.9000,18.3337,STEP3: Safe Area Cleanup (σ=0.4268),5.7888,13.9110,13.8027,5.6805,19.8568,16.8414,A,A,23
-1,-1,-1,-1,-1,-1,-1,-1,-1,-1,-1,21.038222845500698,38.72386060447931,1606,24.232661121300453,STEP3: Safe Area Cleanup (σ=0.4268) [ERROR: TIMEOUT]
0,0,0,0,0,0,0,0,0,0,0,19.5935,30.0046,1610,3.4000,17.8782,STEP3: Safe Area Cleanup (σ=0.4268),5.4163,13.2198,14.1772,6.3737,19.8910,17.0487,A,A,21
0,0,0,0,0,0,0,0,0,0,1,12.9056,31.3815,1611,1.1000,16.0878,STEP3: Safe Area Cleanup (σ=0.4257),5.8652,14.0516,7.0404,-1.1460,12.3872,8.6855,B,A,23
0,0,0,0,0,0,0,0,0,0,0,20.9260,38.7260,1612,4.7000,24.3177,STEP3: Safe Area Cleanup (σ=0.4257),8.5560,18.8145,12.3700,2.1115,22.1064,18.7904,A,A,21
0,0,0,0,0,0,0,1,1,1,1,11.2261,30.0550,1613,0.0000,14.8554,STEP3: Safe Area Cleanup (σ=0.4257),5.4325,13.2499,5.7936,-2.0239,10.5483,6.8539,B,A,23
0,0,0,0,0,0,0,0,0,0,0,22.1483,31.9165,1614,3.4000,10.1092,STEP3: Safe Area Cleanup (σ=0.4257),6.0443,14.3800,16.1039,7.7682,19.5139,14.0012,A,A,21
0,0,0,0,0,0,0,0,0,0,0,17.4519,34.1268,1615,2.6000,22.9094,STEP3: Safe Area Cleanup (σ=0.4257),6.8125,15.7677,10.6394,1.6843,18.8360,16.3247,A,A,22
0,0,0,0,0,0,0,1,1,1,1,15.1148,33.7846,1617,0.0000,11.0322,STEP3: Safe Area Cleanup (σ=0.4248),6.6906,15.5496,8.4242,-0.4348,12.3364,6.5770,B,A,21
0,0,0,0,0,0,0,0,0,0,0,21.0526,38.7705,1616,inf,24.1988,STEP3: Safe Area Cleanup (σ=0.4248),8.5738,18.8450,12.4788,2.2076,22.1776,18.8160,A,A,23
0,0,0,0,0,0,0,0,0,0,0,23.8224,34.0958,1618,4.6000,24.9220,STEP3: Safe Area Cleanup (σ=0.4248),6.8014,15.7478,17.0210,8.0746,25.9305,23.9934,A,A,22
0,1,0,0,0,1,1,1,1,1,1,23.7643,39.8270,1620,0.0000,10.1179,STEP3: Safe Area Cleanup (σ=0.4248),9.0024,19.5758,14.7619,4.1885,18.9161,11.2415,A,A,23
0,0,0,0,0,0,0,0,0,0,0,14.2345,30.3833,1619,4.7000,18.7275,STEP3: Safe Area Cleanup (σ=0.4248),5.5380,13.4467,8.6965,0.7878,14.7474,12.0422,A,A,21
0,0,0,0,0,0,0,0,1,1,1,14.7225,35.8677,1621,1.0000,14.5899,STEP3: Safe Area Cleanup (σ=0.4250),7.4494,16.8956,7.2731,-2.1732,12.7283,7.4092,B,A,22
0,0,0,0,0,0,0,0,1,1,1,12.8858,36.5128,1623,inf,18.4783,STEP3: Safe Area Cleanup (σ=0.4250),7.6925,17.3215,5.1932,-4.4357,12.2128,7.8219,B,A,21
0,0,0,0,0,0,0,0,0,0,0,18.6353,38.9225,1622,inf,20.6399,STEP3: Safe Area Cleanup (σ=0.4250),8.6348,18.9495,10.0005,-0.3141,18.3020,13.8836,B,A,23
0,0,0,0,0,0,0,0,0,0,0,20.9815,38.6137,1624,inf,24.5647,STEP3: Safe Area Cleanup (σ=0.4250),8.5111,18.7375,12.4705,2.2440,22.2802,19.0643,A,A,22
0,0,0,0,0,0,1,1,1,1,1,10.1850,39.0219,1626,0.0000,20.9111,STEP3: Safe Area Cleanup (σ=0.4239),8.6748,19.0179,1.5102,-8.8329,9.9399,5.5725,B,A,23
0,0,0,0,0,0,0,0,0,0,0,18.1929,39.0088,1625,inf,21.3078,STEP3: Safe Area Cleanup (σ=0.4250),8.6696,19.0089,9.5234,-0.8159,18.1105,13.8599,B,A,21
0,0,0,0,0,0,0,0,0,0,0,20.3992,33.6998,1627,4.2000,17.5655,STEP3: Safe Area Cleanup (σ=0.4239),6.6606,15.4957,13.7387,4.9035,19.9538,16.0526,A,A,22
0,0,0,0,0,0,0,0,0,0,0,21.0892,30.0582,1628,inf,22.2755,STEP3: Safe Area Cleanup (σ=0.4239),5.4335,13.2518,15.6557,7.8373,22.7860,21.1501,A,A,23
0,0,0,0,0,0,0,1,1,1,1,11.5325,35.5387,1629,1.2000,19.9808,STEP3: Safe Area Cleanup (σ=0.4239),7.3269,16.6801,4.2056,-5.1476,11.6157,7.9085,B,A,21
0,0,0,0,0,0,0,0,0,0,0,24.8991,39.6122,1630,4.1000,23.2483,STEP3: Safe Area Cleanup (σ=0.4239),8.9144,19.4263,15.9847,5.4728,25.4838,21.6281,A,A,22
0,0,0,0,0,0,0,0,0,0,0,21.4748,35.3813,1631,inf,21.9800,STEP3: Safe Area Cleanup (σ=0.4235),7.2686,16.5774,14.2062,4.8974,22.3256,19.2246,A,A,23
0,0,0,0,0,0,0,0,0,0,0,18.6581,36.0910,1632,inf,20.3704,STEP3: Safe Area Cleanup (σ=0.4235),7.5331,17.0426,11.1250,1.6155,18.7838,15.0407,A,A,22
0,0,0,0,0,0,0,0,0,0,0,22.7012,35.7941,1633,inf,19.2995,STEP3: Safe Area Cleanup (σ=0.4235),7.4219,16.8473,15.2793,5.8539,22.4824,18.5150,A,A,21
0,0,0,0,0,0,0,1,1,1,1,10.9293,34.6155,1634,0.0000,17.7343,STEP3: Safe Area Cleanup (σ=0.4235),6.9885,16.0812,3.9409,-5.1519,10.3662,6.2697,B,A,22
0,0,0,0,0,0,0,0,0,1,1,10.1661,31.9393,1635,2.6000,24.7739,STEP3: Safe Area Cleanup (σ=0.4235),6.0520,14.3941,4.1141,-4.2280,12.4758,11.0524,B,A,21
0,0,0,0,0,0,0,0,0,1,1,13.7393,37.5652,1637,1.7000,23.1053,STEP3: Safe Area Cleanup (σ=0.4215),8.0974,18.0252,5.6418,-4.2859,14.6444,11.2884,B,A,21
0,0,0,0,0,0,0,0,0,0,0,23.5144,37.4193,1638,2.8000,10.1073,STEP3: Safe Area Cleanup (σ=0.4215),8.0407,17.9269,15.4738,5.5875,19.3982,12.3854,A,A,21
-1,-1,-1,-1,-1,-1,-1,-1,-1,-1,-1,23.782664181128972,39.67515385146087,1636,10.086656046732418,STEP3: Safe Area Cleanup (σ=0.4215) [ERROR: TIMEOUT]
0,0,0,0,0,0,0,0,1,1,1,14.1104,37.0620,1639,2.2000,16.0311,STEP3: Safe Area Cleanup (σ=0.4215),7.9026,17.6873,6.2078,-3.5769,12.3793,7.1469,B,A,22
1,0,0,1,1,1,1,1,1,1,1,10.0446,34.8742,1640,0.0000,17.5510,STEP3: Safe Area Cleanup (σ=0.4215),7.0825,16.2481,2.9622,-6.2035,9.3631,5.1462,B,A,21
0,0,0,0,0,0,0,0,0,0,1,17.3550,34.0816,1641,1.5000,11.4574,STEP3: Safe Area Cleanup (σ=0.4205),6.7963,15.7388,10.5587,1.6162,14.6531,8.9329,A,A,22
0,0,0,0,0,0,0,0,0,0,0,16.8592,31.2767,1642,2.8000,21.0651,STEP3: Safe Area Cleanup (σ=0.4205),5.8304,13.9876,11.0288,2.8716,18.0094,15.7223,A,A,21
0,0,0,0,0,0,0,0,0,0,0,20.7656,32.6712,1643,inf,19.1109,STEP3: Safe Area Cleanup (σ=0.4205),6.3015,14.8482,14.4641,5.9173,21.0439,17.8472,A,A,22
1,0,0,1,1,1,1,1,1,1,1,17.2785,35.9602,1645,1.1000,10.2366,STEP3: Safe Area Cleanup (σ=0.4205),7.4840,16.9564,9.7945,0.3221,13.6309,7.0550,A,A,23
0,0,0,0,0,0,0,0,0,0,1,16.7294,36.9234,1644,3.1000,15.4443,STEP3: Safe Area Cleanup (σ=0.4205),7.8493,17.5946,8.8801,-0.8653,14.8059,9.4442,B,A,21
0,0,0,0,0,0,0,0,0,0,0,23.6079,39.5267,1648,2.1000,10.2550,STEP3: Safe Area Cleanup (σ=0.4195),8.8795,19.3669,14.7284,4.2410,18.9104,11.3583,A,A,21
0,0,0,0,0,0,0,0,0,0,0,16.9189,30.8752,1646,inf,24.8398,STEP3: Safe Area Cleanup (σ=0.4195),5.6981,13.7435,11.2209,3.1754,19.3599,18.2274,A,A,22
0,0,0,0,0,0,0,0,0,0,1,16.6276,36.9335,1647,1.8000,15.4668,STEP3: Safe Area Cleanup (σ=0.4195),7.8532,17.6014,8.7745,-0.9738,14.7103,9.3523,B,A,23
0,0,0,0,0,0,0,0,0,0,0,24.9528,32.2002,1649,inf,19.2350,STEP3: Safe Area Cleanup (σ=0.4195),6.1404,14.5553,18.8124,10.3975,25.3511,22.3126,A,A,21
0,0,0,0,0,0,0,1,1,1,1,10.0494,32.5747,1650,4.2000,20.4904,STEP3: Safe Area Cleanup (σ=0.4195),6.2683,14.7881,3.7810,-4.7387,10.8175,8.0322,B,A,22
0,0,0,0,0,0,0,0,0,0,0,22.8884,30.0738,1653,4.1000,10.7744,STEP3: Safe Area Cleanup (σ=0.4200),5.4385,13.2611,17.4499,9.6272,20.9003,16.0682,A,A,21
0,0,0,0,0,0,0,0,0,0,0,16.7893,30.6430,1651,2.6000,24.9422,STEP3: Safe Area Cleanup (σ=0.4200),5.6222,13.6031,11.1671,3.1863,19.2861,18.2413,A,A,22
0,0,0,0,0,0,0,1,1,1,1,10.0284,32.6673,1652,1.9000,20.5679,STEP3: Safe Area Cleanup (σ=0.4200),6.3002,14.8458,3.7282,-4.8174,10.8089,8.0211,B,A,23
0,0,0,0,0,0,0,0,0,0,0,24.8277,32.8544,1654,3.5000,11.1079,STEP3: Safe Area Cleanup (σ=0.4200),6.3647,14.9627,18.4630,9.8650,22.3063,16.8197,A,A,22
0,0,0,0,0,0,0,0,0,0,0,16.5876,37.3158,1655,inf,21.1054,STEP3: Safe Area Cleanup (σ=0.4200),8.0005,17.8574,8.5870,-1.2698,16.7616,12.9029,B,A,23
0,0,0,0,0,0,0,0,0,0,0,22.6003,37.2900,1656,2.4000,12.0414,STEP3: Safe Area Cleanup (σ=0.4190),7.9906,17.8400,14.6098,4.7603,19.2708,12.8432,A,A,21
0,0,0,0,0,0,0,0,0,0,0,19.5918,30.0138,1658,4.1000,24.1469,STEP3: Safe Area Cleanup (σ=0.4190),5.4193,13.2253,14.1725,6.3664,21.8919,20.7868,A,A,22
0,0,0,0,0,0,0,0,1,1,1,11.8935,37.5685,1657,inf,22.0778,STEP3: Safe Area Cleanup (σ=0.4190),8.0987,18.0274,3.7948,-6.1339,12.3977,8.7487,B,A,23
0,0,0,0,0,0,0,0,0,0,0,23.6949,32.9997,1659,inf,21.1635,STEP3: Safe Area Cleanup (σ=0.4190),6.4151,15.0538,17.2798,8.6411,24.6308,21.9230,A,A,21
0,0,0,0,0,0,0,0,0,0,0,24.3065,33.7231,1660,inf,15.8768,STEP3: Safe Area Cleanup (σ=0.4190),6.6688,15.5105,17.6377,8.7960,23.2587,18.8769,A,A,22
0,0,0,0,0,0,0,0,0,0,0,21.3231,30.9788,1663,3.5000,12.0145,STEP3: Safe Area Cleanup (σ=0.4184),5.7321,13.8063,15.5911,7.5168,19.5393,14.8098,A,A,23
0,0,0,0,0,0,0,1,1,1,1,10.2014,34.0109,1661,1.3000,20.3627,STEP3: Safe Area Cleanup (σ=0.4184),6.7711,15.6937,3.4304,-5.4922,10.6939,7.4967,B,A,21
0,0,0,0,0,0,0,1,1,1,1,13.3810,39.0539,1662,0.8000,21.1652,STEP3: Safe Area Cleanup (σ=0.4184),8.6877,19.0399,4.6933,-5.6589,13.2317,8.9284,B,A,22
0,0,0,0,0,0,0,0,0,0,0,16.6397,32.2216,1664,inf,24.9223,STEP3: Safe Area Cleanup (σ=0.4184),6.1477,14.5686,10.4920,2.0711,18.9690,17.5146,A,A,23
0,0,0,0,0,0,0,0,0,0,1,16.8093,34.4149,1665,1.9000,13.5113,STEP3: Safe Area Cleanup (σ=0.4184),6.9159,15.9522,9.8933,0.8571,14.7635,9.5312,A,A,21
0,0,0,0,0,0,0,0,0,0,0,18.8580,39.9246,1668,inf,23.7175,STEP3: Safe Area Cleanup (σ=0.4173),9.0425,19.6439,9.8155,-0.7859,19.5750,15.7708,B,A,21
0,0,0,0,0,0,0,1,1,1,1,13.1123,39.1013,1667,0.8000,21.1503,STEP3: Safe Area Cleanup (σ=0.4173),8.7069,19.0726,4.4055,-5.9603,12.9472,8.6270,B,A,22
0,1,0,0,0,1,1,1,1,1,1,15.2760,39.9486,1670,0.0000,24.9391,STEP3: Safe Area Cleanup (σ=0.4173),9.0524,19.6606,6.2236,-4.3846,16.4913,13.0309,B,A,22
0,0,0,0,0,0,0,0,0,0,0,16.9860,35.2624,1669,inf,19.5662,STEP3: Safe Area Cleanup (σ=0.4173),7.2248,16.4999,9.7613,0.4861,16.9675,13.2162,A,A,21
-1,-1,-1,-1,-1,-1,-1,-1,-1,-1,-1,15.163866289848308,38.73491206032716,1666,17.59829042721628,STEP3: Safe Area Cleanup (σ=0.4173) [ERROR: TIMEOUT]
0,0,0,0,0,0,0,0,0,0,0,17.6564,30.0524,1671,inf,18.8240,STEP3: Safe Area Cleanup (σ=0.4164),5.4316,13.2484,12.2248,4.4080,18.2492,15.6569,A,A,21
0,0,0,0,0,0,0,0,0,0,0,24.8875,33.8165,1672,4.8000,17.6166,STEP3: Safe Area Cleanup (σ=0.4164),6.7019,15.5698,18.1856,9.3177,24.4379,20.5201,A,A,22
0,0,0,0,0,0,0,0,0,0,0,22.9504,32.8922,1673,inf,24.9809,STEP3: Safe Area Cleanup (σ=0.4164),6.3778,14.9864,16.5726,7.9640,25.2246,23.6143,A,A,21
0,0,0,0,0,0,0,0,0,0,0,18.1110,33.1052,1674,inf,18.3444,STEP3: Safe Area Cleanup (σ=0.4164),6.4518,15.1201,11.6591,2.9908,18.0488,14.5232,A,A,22
0,0,0,0,0,0,0,0,0,0,0,18.2873,34.2405,1675,inf,24.5301,STEP3: Safe Area Cleanup (σ=0.4164),6.8532,15.8404,11.4341,2.4469,20.2363,18.1515,A,A,23
0,0,0,0,0,0,0,0,0,0,0,20.3210,38.9772,1677,2.1000,12.6965,STEP3: Safe Area Cleanup (σ=0.4156),8.6568,18.9871,11.6642,1.3339,16.7772,10.0746,A,A,21
0,0,0,0,0,0,0,0,0,1,1,15.4256,38.9171,1676,1.7000,17.5003,STEP3: Safe Area Cleanup (σ=0.4156),8.6326,18.9457,6.7930,-3.5201,13.8308,8.5169,B,A,22
0,0,0,0,0,0,0,0,0,0,0,17.2503,31.4042,1678,2.0000,14.2326,STEP3: Safe Area Cleanup (σ=0.4156),5.8727,14.0655,11.3776,3.1848,16.1109,11.8859,A,A,21
0,0,0,0,0,0,0,0,0,0,0,15.8435,30.8696,1679,2.1000,16.4452,STEP3: Safe Area Cleanup (σ=0.4156),5.6962,13.7401,10.1472,2.1034,15.5349,12.0676,A,A,22
1,0,1,1,1,1,1,1,1,1,1,17.1311,37.3946,1680,0.0000,10.0786,STEP3: Safe Area Cleanup (σ=0.4156),8.0311,17.9104,9.1000,-0.7792,13.0111,5.9969,B,A,23
0,0,0,0,0,0,0,1,1,1,1,12.9322,38.4417,1682,inf,18.9862,STEP3: Safe Area Cleanup (σ=0.4145),8.4425,18.6199,4.4896,-5.6878,12.0414,7.2795,B,A,23
0,0,0,0,0,0,0,0,0,1,1,15.3508,38.7661,1681,2.2000,17.6322,STEP3: Safe Area Cleanup (σ=0.4145),8.5720,18.8420,6.7788,-3.4912,13.8450,8.6095,B,A,22
0,0,0,0,0,0,0,0,1,1,1,15.3980,39.9643,1683,0.6000,14.4411,STEP3: Safe Area Cleanup (σ=0.4145),9.0589,19.6716,6.3392,-4.2736,12.2868,5.8132,B,A,21
1,0,1,1,1,1,1,1,1,1,1,16.7472,37.3457,1685,0.0000,10.0988,STEP3: Safe Area Cleanup (σ=0.4145),8.0121,17.8775,8.7351,-1.1302,12.6494,5.6544,B,A,22
0,0,0,0,0,0,0,1,1,1,1,12.7430,38.3623,1684,inf,19.2185,STEP3: Safe Area Cleanup (σ=0.4145),8.4109,18.5657,4.3321,-5.8227,11.9621,7.2877,B,A,23
0,0,0,0,0,0,0,0,0,0,0,20.8493,30.0880,1686,inf,17.2063,STEP3: Safe Area Cleanup (σ=0.4142),5.4430,13.2697,15.4062,7.5796,20.9187,17.8681,A,A,21
0,0,0,0,0,0,0,0,1,1,1,13.6778,38.0550,1688,1.0000,18.2692,STEP3: Safe Area Cleanup (σ=0.4142),8.2894,18.3566,5.3884,-4.6787,12.5896,7.7269,B,A,23
0,0,0,0,0,0,0,1,1,1,1,11.4487,36.8886,1687,0.0000,20.1418,STEP3: Safe Area Cleanup (σ=0.4142),7.8359,17.5714,3.6128,-6.1227,11.3344,7.3153,B,A,22
0,0,0,0,0,0,0,0,0,0,0,17.6336,38.1189,1689,inf,20.7362,STEP3: Safe Area Cleanup (σ=0.4142),8.3146,18.4000,9.3189,-0.7664,17.5048,13.3279,B,A,21
0,0,0,0,0,0,0,0,0,0,1,17.5882,38.1203,1690,inf,20.8825,STEP3: Safe Area Cleanup (σ=0.4142),8.3152,18.4009,9.2730,-0.8127,17.5169,13.3813,B,A,23
0,0,0,0,0,0,0,0,0,0,0,21.7904,33.9404,1692,2.2000,11.3276,STEP3: Safe Area Cleanup (σ=0.4141),6.7459,15.6487,15.0444,6.1417,19.0777,13.3592,A,A,22
0,0,0,0,0,0,0,0,0,0,0,21.1279,30.0349,1691,inf,17.2503,STEP3: Safe Area Cleanup (σ=0.4141),5.4260,13.2379,15.7019,7.8900,21.2199,18.1954,A,A,21
0,0,0,0,0,0,0,0,0,0,0,20.9629,30.1867,1693,inf,17.2724,STEP3: Safe Area Cleanup (σ=0.4141),5.4747,13.3287,15.4882,7.6342,21.0376,17.9795,A,A,23
0,0,0,0,0,0,0,0,0,0,0,21.3249,36.9019,1694,2.8000,14.1967,STEP3: Safe Area Cleanup (σ=0.4141),7.8410,17.5803,13.4839,3.7446,18.9281,13.2182,A,A,21
0,0,0,0,0,0,0,0,0,0,0,21.3430,33.4057,1695,4.2000,20.4951,STEP3: Safe Area Cleanup (σ=0.4141),6.5569,15.3095,14.7861,6.0335,21.9820,18.9806,A,A,23
0,0,0,0,0,0,0,0,0,0,0,22.2128,32.9954,1698,3.5000,11.2568,STEP3: Safe Area Cleanup (σ=0.4123),6.4136,15.0511,15.7992,7.1616,19.7087,14.2258,A,A,23
0,0,0,0,0,0,0,0,0,0,0,21.4120,33.3320,1696,3.4000,21.5145,STEP3: Safe Area Cleanup (σ=0.4123),6.5311,15.2630,14.8810,6.1491,22.4201,19.7241,A,A,21
0,0,0,0,0,0,0,0,0,0,0,17.5125,32.5743,1697,3.1000,23.0290,STEP3: Safe Area Cleanup (σ=0.4123),6.2682,14.7878,11.2443,2.7247,19.1525,17.0777,A,A,22
0,0,0,0,0,0,0,0,0,0,1,12.7991,32.5060,1700,2.9000,19.3511,STEP3: Safe Area Cleanup (σ=0.4123),6.2448,14.7453,6.5543,-1.9462,13.1873,10.1011,B,A,21
0,0,0,0,0,0,0,0,0,0,0,21.9743,38.8710,1699,inf,14.8711,STEP3: Safe Area Cleanup (σ=0.4123),8.6141,18.9140,13.3602,3.0603,19.3343,13.2819,A,A,23
0,0,0,0,0,0,0,0,0,0,0,16.1706,30.0703,1701,inf,20.5672,STEP3: Safe Area Cleanup (σ=0.4114),5.4374,13.2591,10.7333,2.9116,17.3190,15.2059,A,A,23
0,0,0,0,0,0,0,0,0,0,0,16.0120,33.4340,1703,inf,24.9405,STEP3: Safe Area Cleanup (σ=0.4114),6.5668,15.3273,9.4452,0.6846,18.2083,16.4472,A,A,22
0,0,0,0,0,0,0,0,0,0,0,19.7066,36.2697,1702,2.9000,24.9444,STEP3: Safe Area Cleanup (σ=0.4114),7.6004,17.1605,12.1061,2.5461,21.5259,19.0312,A,A,21
0,0,0,0,0,0,0,0,0,0,0,22.2058,31.1457,1704,inf,18.7256,STEP3: Safe Area Cleanup (σ=0.4114),5.7871,13.9078,16.4188,8.2980,22.6013,19.6965,A,A,22
0,0,0,0,0,0,0,0,0,0,0,22.5443,37.0459,1705,inf,23.5791,STEP3: Safe Area Cleanup (σ=0.4114),7.8963,17.6765,14.6480,4.8678,23.7217,20.6369,A,A,21
0,0,0,0,0,0,0,0,0,0,0,18.2868,34.7183,1707,2.6000,17.6579,STEP3: Safe Area Cleanup (σ=0.4104),7.0257,16.1475,11.2611,2.1394,17.6755,13.5302,A,A,21
0,0,0,0,0,0,0,0,0,0,0,22.4671,31.1793,1708,inf,18.7401,STEP3: Safe Area Cleanup (σ=0.4104),5.7981,13.9282,16.6689,8.5389,22.8621,19.9526,A,A,23
0,0,0,0,0,0,0,0,0,0,1,15.1964,39.8801,1706,inf,24.9833,STEP3: Safe Area Cleanup (σ=0.4104),9.0242,19.6128,6.1722,-4.4164,16.4422,13.0126,B,A,22
0,0,0,0,0,0,0,0,0,0,0,21.4689,39.3563,1709,2.2000,11.3609,STEP3: Safe Area Cleanup (σ=0.4104),8.8102,19.2488,12.6588,2.2201,17.2738,10.0852,A,A,23
0,0,0,0,0,0,0,1,1,1,1,12.1212,35.0058,1710,0.6000,18.5031,STEP3: Safe Area Cleanup (σ=0.4104),7.1305,16.3333,4.9907,-4.2121,11.7614,7.7781,B,A,22
0,1,0,0,0,1,1,1,1,1,1,10.6085,39.9506,1711,0.0000,23.0536,STEP3: Safe Area Cleanup (σ=0.4094),9.0532,19.6620,1.5553,-9.0535,11.0471,7.0458,B,A,23
0,0,0,0,0,0,0,0,0,1,1,15.5710,36.8853,1712,2.1000,17.2729,STEP3: Safe Area Cleanup (σ=0.4094),7.8347,17.5692,7.7364,-1.9982,14.3577,9.5253,B,A,22
0,0,0,0,0,0,0,0,0,0,1,13.0280,32.5778,1713,inf,22.0518,STEP3: Safe Area Cleanup (σ=0.4094),6.2694,14.7900,6.7586,-1.7620,14.3319,11.9827,B,A,21
0,0,0,0,0,0,0,0,0,0,0,20.9701,32.7521,1714,3.4000,17.0232,STEP3: Safe Area Cleanup (σ=0.4094),6.3294,14.8987,14.6407,6.0713,20.5145,16.7120,A,A,23
0,0,0,0,0,0,0,0,0,0,1,15.3544,34.2562,1715,1.6000,13.6233,STEP3: Safe Area Cleanup (σ=0.4094),6.8589,15.8505,8.4955,-0.4960,13.3860,8.2280,B,A,22
0,0,0,0,0,0,0,0,0,0,0,16.2458,31.9400,1717,2.9000,16.6541,STEP3: Safe Area Cleanup (σ=0.4084),6.0522,14.3945,10.1935,1.8512,15.8147,12.1235,A,A,21
0,0,0,0,0,0,0,0,1,1,1,11.7688,32.7338,1716,1.4000,23.3965,STEP3: Safe Area Cleanup (σ=0.4084),6.3231,14.8874,5.4457,-3.1186,13.5147,11.5015,B,A,22
0,0,0,0,0,0,0,0,0,0,1,11.7497,30.0343,1718,2.2000,21.0304,STEP3: Safe Area Cleanup (σ=0.4084),5.4258,13.2376,6.3238,-1.4879,13.0509,11.0757,B,A,23
0,0,0,0,0,0,0,0,0,0,0,18.9985,38.8803,1719,3.2000,18.1621,STEP3: Safe Area Cleanup (σ=0.4084),8.6178,18.9204,10.3806,0.0780,17.6784,12.5635,A,A,21
0,0,0,0,0,0,0,0,0,0,0,18.6459,39.2048,1720,inf,17.2832,STEP3: Safe Area Cleanup (σ=0.4084),8.7487,19.1440,9.8972,-0.4981,16.8938,11.4403,B,A,22
0,0,0,0,0,0,0,0,0,0,0,16.7740,32.3302,1721,inf,18.4198,STEP3: Safe Area Cleanup (σ=0.4078),6.1846,14.6360,10.5894,2.1381,16.8731,13.5726,A,A,23
0,0,0,0,0,0,0,1,1,1,1,11.3492,35.7086,1723,1.4000,23.8317,STEP3: Safe Area Cleanup (σ=0.4078),7.3900,16.7913,3.9591,-5.4421,12.8349,10.1715,B,A,21
0,0,0,0,0,0,0,0,0,0,0,16.8574,33.9622,1722,2.8000,20.7830,STEP3: Safe Area Cleanup (σ=0.4078),6.7537,15.6626,10.1037,1.1948,17.5078,14.4416,A,A,22
0,0,0,0,0,0,0,1,1,1,1,11.2717,35.5989,1725,1.2000,23.6685,STEP3: Safe Area Cleanup (σ=0.4078),7.3492,16.7195,3.9224,-5.4478,12.7133,10.0325,B,A,21
0,0,0,0,0,0,0,1,1,1,1,11.3686,35.6246,1724,inf,24.0682,STEP3: Safe Area Cleanup (σ=0.4078),7.3587,16.7362,4.0099,-5.3676,12.9549,10.3803,B,A,23
0,1,0,0,0,1,1,1,1,1,1,10.2337,39.9924,1726,0.0000,22.9707,STEP3: Safe Area Cleanup (σ=0.4063),9.0704,19.6912,1.1633,-9.4575,10.6298,6.5937,B,A,23
0,0,0,0,0,0,0,0,0,0,1,13.9625,35.8348,1728,1.7000,23.0498,STEP3: Safe Area Cleanup (σ=0.4063),7.4371,16.8740,6.5254,-2.9115,15.1369,12.2194,B,A,21
0,0,0,0,0,0,0,0,0,0,0,15.7979,37.1436,1729,4.4000,19.7478,STEP3: Safe Area Cleanup (σ=0.4063),7.9340,17.7419,7.8639,-1.9440,15.4811,11.2824,B,A,23
0,0,0,0,0,0,0,0,0,1,1,13.5183,34.5821,1730,inf,19.0652,STEP3: Safe Area Cleanup (σ=0.4063),6.9763,16.0597,6.5420,-2.5413,13.4436,9.7308,B,A,21
-1,-1,-1,-1,-1,-1,-1,-1,-1,-1,-1,10.068723755797391,34.48544458136746,1727,22.3789951553683,STEP3: Safe Area Cleanup (σ=0.4063) [ERROR: TIMEOUT]
0,0,0,0,0,0,0,0,0,0,0,19.1153,33.0145,1731,3.7000,23.9742,STEP3: Safe Area Cleanup (σ=0.4058),6.4202,15.0631,12.6951,4.0522,21.0256,19.1017,A,A,23
0,0,0,0,0,0,0,0,0,0,0,18.8257,33.0779,1732,inf,23.8843,STEP3: Safe Area Cleanup (σ=0.4058),6.4423,15.1030,12.3833,3.7227,20.6967,18.7312,A,A,21
0,0,0,0,0,0,0,0,0,0,0,23.7092,37.2752,1733,3.6000,13.8464,STEP3: Safe Area Cleanup (σ=0.4058),7.9848,17.8301,15.7244,5.8791,21.0822,15.1715,A,A,21
0,0,0,0,0,0,0,0,0,0,0,16.9917,30.0313,1734,4.5000,22.1258,STEP3: Safe Area Cleanup (σ=0.4058),5.4249,13.2358,11.5668,3.7559,18.6437,16.9732,A,A,22
0,0,0,0,0,0,0,0,0,0,1,13.4558,34.3897,1735,inf,18.8194,STEP3: Safe Area Cleanup (σ=0.4058),6.9069,15.9360,6.5489,-2.4802,13.3280,9.5969,B,A,21
0,0,0,0,0,0,0,0,0,0,0,23.7063,37.1891,1736,3.3000,13.7324,STEP3: Safe Area Cleanup (σ=0.4051),7.9516,17.7724,15.7547,5.9339,21.0574,15.1378,A,A,22
0,0,0,0,0,0,0,0,0,0,1,14.8616,32.7574,1737,1.6000,16.3536,STEP3: Safe Area Cleanup (σ=0.4051),6.3312,14.9021,8.5303,-0.0405,14.1739,10.1825,B,A,23
1,0,1,1,1,1,1,1,1,1,1,10.2550,39.9444,1738,0.0000,10.1387,STEP3: Safe Area Cleanup (σ=0.4051),9.0507,19.6577,1.2043,-9.4027,5.3781,-2.3230,B,B,21
0,0,0,0,0,0,0,0,0,0,0,18.7223,36.5510,1739,3.0000,21.9741,STEP3: Safe Area Cleanup (σ=0.4051),7.7071,17.3468,11.0153,1.3755,19.3707,15.9606,A,A,22
0,0,0,0,0,0,0,0,0,0,0,18.9532,32.9735,1740,3.9000,24.1185,STEP3: Safe Area Cleanup (σ=0.4051),6.4060,15.0374,12.5472,3.9159,20.9187,19.0458,A,A,23
0,0,0,0,0,0,0,0,0,0,0,21.0687,34.4290,1742,3.9000,24.9177,STEP3: Safe Area Cleanup (σ=0.4041),6.9210,15.9613,14.1477,5.1075,23.1326,21.1081,A,A,23
0,0,0,0,0,0,0,0,0,0,1,15.9474,39.0426,1741,inf,22.6772,STEP3: Safe Area Cleanup (σ=0.4041),8.6832,19.0322,7.2642,-3.0848,16.4103,12.5421,B,A,22
0,0,0,0,0,0,1,1,1,1,1,10.1004,37.0475,1743,0.0000,19.9792,STEP3: Safe Area Cleanup (σ=0.4041),7.8970,17.6776,2.2035,-7.5771,9.8922,5.7848,B,A,21
0,0,0,0,0,0,0,0,0,0,0,18.6854,31.3569,1744,3.3000,24.3239,STEP3: Safe Area Cleanup (σ=0.4041),5.8570,14.0366,12.8284,4.6488,20.9070,19.5074,A,A,23
0,0,0,0,0,0,0,1,1,1,1,11.9122,36.6802,1745,0.0000,16.6623,STEP3: Safe Area Cleanup (σ=0.4041),7.7563,17.4326,4.1559,-5.5205,10.5115,5.5608,B,A,22
1,0,1,1,1,1,1,1,1,1,1,18.5177,39.2047,1748,0.0000,10.2200,STEP3: Safe Area Cleanup (σ=0.4039),8.7487,19.1440,9.7690,-0.6263,13.9063,6.4332,B,A,23
0,0,0,0,0,0,0,0,0,0,0,22.4798,36.0410,1747,inf,15.6346,STEP3: Safe Area Cleanup (σ=0.4039),7.5143,17.0096,14.9654,5.4702,20.8364,15.7663,A,A,22
0,0,0,0,0,0,1,1,1,1,1,10.4467,39.7169,1746,0.9000,23.0356,STEP3: Safe Area Cleanup (σ=0.4039),8.9572,19.4991,1.4894,-9.0524,10.9239,6.9795,B,A,21
0,0,0,0,0,0,0,0,0,0,0,15.6562,31.2850,1749,inf,19.1778,STEP3: Safe Area Cleanup (σ=0.4039),5.8331,13.9927,9.8230,1.6635,16.1797,13.3645,A,A,23
1,0,0,1,1,1,1,1,1,1,1,13.1182,39.9932,1750,0.0000,16.1712,STEP3: Safe Area Cleanup (σ=0.4039),9.0708,19.6918,4.0474,-6.5736,10.7119,4.7264,B,A,22
0,0,0,0,0,0,0,0,0,0,0,15.5973,31.3157,1752,4.4000,19.0872,STEP3: Safe Area Cleanup (σ=0.4032),5.8433,14.0114,9.7540,1.5859,16.0861,13.2376,A,A,22
0,0,0,0,0,0,0,0,0,0,0,22.5084,34.0643,1753,inf,23.5907,STEP3: Safe Area Cleanup (σ=0.4032),6.7901,15.7277,15.7183,6.7807,24.1450,21.8416,A,A,21
0,0,0,0,0,0,1,1,1,1,1,10.6406,39.8560,1751,0.6000,22.9570,STEP3: Safe Area Cleanup (σ=0.4032),9.0143,19.5960,1.6263,-8.9554,11.0583,7.0544,B,A,23
0,0,0,0,0,0,0,0,0,0,0,16.1096,30.9116,1754,1.8000,11.8957,STEP3: Safe Area Cleanup (σ=0.4032),5.7100,13.7656,10.3996,2.3440,14.3014,9.5568,A,A,22
0,0,0,0,0,0,0,0,0,0,0,24.4389,34.5598,1755,inf,13.8465,STEP3: Safe Area Cleanup (σ=0.4032),6.9683,16.0453,17.4706,8.3936,22.4802,17.3034,A,A,21
0,0,0,0,0,0,0,0,0,0,0,16.0784,30.9450,1756,1.9000,11.9534,STEP3: Safe Area Cleanup (σ=0.4039),5.7210,13.7858,10.3574,2.2926,14.2818,9.5443,A,A,21
0,0,0,0,0,0,0,0,0,0,0,16.0517,31.0092,1758,1.7000,11.7930,STEP3: Safe Area Cleanup (σ=0.4039),5.7421,13.8248,10.3096,2.2269,14.1884,9.3891,A,A,22
0,0,0,0,0,0,0,0,0,0,0,18.9710,37.6072,1757,inf,24.9393,STEP3: Safe Area Cleanup (σ=0.4039),8.1138,18.0535,10.8572,0.9175,20.5841,17.7388,A,A,23
0,0,0,0,0,0,0,1,1,1,1,10.3809,34.2526,1759,2.8000,22.0449,STEP3: Safe Area Cleanup (σ=0.4039),6.8575,15.8481,3.5233,-5.4672,11.4363,8.6490,B,A,21
0,0,0,0,0,0,0,0,0,0,0,24.5663,35.0123,1760,inf,19.6181,STEP3: Safe Area Cleanup (σ=0.4039),7.1329,16.3376,17.4334,8.2288,24.6133,20.9428,A,A,22
0,0,0,0,0,0,0,0,0,0,1,20.4102,36.4079,1762,1.4000,10.0607,STEP3: Safe Area Cleanup (σ=0.4034),7.6527,17.2519,12.7575,3.1583,16.5696,9.8213,A,A,23
0,0,0,0,0,0,0,0,0,0,1,21.0256,38.3234,1761,1.1000,10.0359,STEP3: Safe Area Cleanup (σ=0.4034),8.3955,18.5392,12.6301,2.4864,16.6108,9.3287,A,A,22
0,0,0,0,0,0,0,0,0,0,0,19.7209,34.1434,1763,4.2000,13.5143,STEP3: Safe Area Cleanup (σ=0.4034),6.8184,15.7783,12.9025,3.9427,17.7398,12.5814,A,A,21
0,0,0,0,0,0,0,0,0,0,0,19.9404,31.8050,1765,4.9000,16.5600,STEP3: Safe Area Cleanup (σ=0.4034),6.0067,14.3113,13.9336,5.6290,19.5023,15.8205,A,A,22
0,0,0,0,0,0,0,0,0,0,0,20.1382,37.7383,1764,inf,18.7088,STEP3: Safe Area Cleanup (σ=0.4034),8.1650,18.1420,11.9732,1.9962,19.2928,14.6401,A,A,23
0,0,0,0,0,0,0,0,0,0,0,19.6125,34.2566,1767,4.0000,13.5301,STEP3: Safe Area Cleanup (σ=0.4023),6.8590,15.8507,12.7535,3.7618,17.6106,12.4262,A,A,22
0,0,0,0,0,0,0,0,0,1,1,14.6319,35.8324,1766,1.4000,17.8343,STEP3: Safe Area Cleanup (σ=0.4023),7.4362,16.8724,7.1957,-2.2405,13.8583,9.4663,B,A,21
0,0,0,0,0,0,0,0,0,0,0,24.9743,38.8769,1769,2.6000,11.3017,STEP3: Safe Area Cleanup (σ=0.4023),8.6165,18.9181,16.3579,6.0563,20.8987,13.8252,A,A,22
0,0,0,0,0,0,0,0,0,0,1,17.7852,36.8774,1770,1.7000,12.5353,STEP3: Safe Area Cleanup (σ=0.4023),7.8316,17.5640,9.9536,0.2212,14.7579,8.5830,A,A,21
-1,-1,-1,-1,-1,-1,-1,-1,-1,-1,-1,20.991616441256127,38.52552391650236,1768,10.190101283951098,STEP3: Safe Area Cleanup (σ=0.4023) [ERROR: TIMEOUT]
0,0,0,0,0,0,0,0,0,0,0,24.9094,31.1590,1771,inf,24.9650,STEP3: Safe Area Cleanup (σ=0.4016),5.7915,13.9159,19.1180,10.9935,27.3637,26.1934,A,A,22
0,0,0,0,0,0,0,0,0,0,0,24.9899,32.5221,1772,inf,21.8006,STEP3: Safe Area Cleanup (σ=0.4016),6.2503,14.7553,18.7396,10.2347,26.2154,23.8104,A,A,21
0,0,0,0,0,0,0,0,0,0,0,21.8690,31.4385,1773,inf,14.5536,STEP3: Safe Area Cleanup (σ=0.4016),5.8841,14.0864,15.9849,7.7826,20.8295,16.6849,A,A,22
0,0,0,0,0,0,0,0,0,0,0,22.2593,38.7374,1774,inf,20.8419,STEP3: Safe Area Cleanup (σ=0.4016),8.5605,18.8223,13.6987,3.4370,22.0457,17.7344,A,A,21
-1,-1,-1,-1,-1,-1,-1,-1,-1,-1,-1,13.5154,39.9997,1776,inf,23.3410,STEP3: Safe Area Cleanup (σ=0.4002),9.0734,19.6963,4.4420,-6.1809,14.0627,10.1308,B,A,22
-1,-1,-1,-1,-1,-1,-1,-1,-1,-1,-1,19.0704,39.7560,1778,inf,19.4661,STEP3: Safe Area Cleanup (σ=0.4002),8.9733,19.5263,10.0972,-0.4559,18.0768,13.0995,B,A,22
0,0,0,0,0,0,0,0,0,0,0,22.0461,38.8279,1777,2.9000,21.1167,STEP3: Safe Area Cleanup (σ=0.4002),8.5968,18.8844,13.4493,3.1617,21.9240,17.6670,A,A,21
-1,-1,-1,-1,-1,-1,-1,-1,-1,-1,-1,16.084210005138765,35.10664338101664,1775,16.062816984079273,STEP3: Safe Area Cleanup (σ=0.4016) [ERROR: TIMEOUT]
0,0,0,0,0,0,0,0,0,0,0,21.7385,36.2896,1779,3.1000,11.6516,STEP3: Safe Area Cleanup (σ=0.4002),7.6080,17.1736,14.1305,4.5648,18.5327,12.2674,A,A,21
0,0,0,0,0,0,0,0,0,0,1,15.5742,38.2050,1780,inf,20.4078,STEP3: Safe Area Cleanup (σ=0.4002),8.3486,18.4585,7.2256,-2.8843,15.2981,11.0047,B,A,21
0,0,0,0,0,0,0,0,0,0,0,23.9823,30.7536,1783,inf,17.9144,STEP3: Safe Area Cleanup (σ=0.3998),5.6583,13.6699,18.3240,10.3125,24.1737,21.1457,A,A,23
0,0,0,0,0,0,0,0,0,0,0,18.1232,32.5004,1781,inf,21.0620,STEP3: Safe Area Cleanup (σ=0.3998),6.2429,14.7418,11.8804,3.3814,19.0987,16.4926,A,A,21
0,0,0,0,0,0,0,0,0,0,0,22.7796,39.8523,1784,inf,19.1638,STEP3: Safe Area Cleanup (σ=0.3998),9.0128,19.5934,13.7668,3.1861,21.6396,16.5498,A,A,23
0,0,0,0,0,0,0,0,0,0,0,21.1643,37.0293,1785,inf,19.9030,STEP3: Safe Area Cleanup (σ=0.3998),7.8900,17.6654,13.2743,3.4989,20.9304,16.8061,A,A,21
-1,-1,-1,-1,-1,-1,-1,-1,-1,-1,-1,14.129991451559828,33.226535542724534,1782,24.963401367340566,STEP3: Safe Area Cleanup (σ=0.3998) [ERROR: TIMEOUT]
0,0,0,0,0,0,0,0,0,0,0,17.9957,32.5284,1786,inf,20.7009,STEP3: Safe Area Cleanup (σ=0.3995),6.2524,14.7592,11.7432,3.2364,18.8431,16.1287,A,A,23
0,0,0,0,0,0,0,0,0,0,1,15.6406,35.0296,1787,1.5000,16.1704,STEP3: Safe Area Cleanup (σ=0.3995),7.1393,16.3488,8.5013,-0.7082,14.4221,9.7743,B,A,21
0,0,0,0,0,0,0,0,0,0,0,23.6037,39.4270,1788,3.6000,11.8088,STEP3: Safe Area Cleanup (σ=0.3995),8.8389,19.2978,14.7648,4.3059,19.5695,12.4895,A,A,23
0,0,0,0,0,0,0,0,0,0,0,21.1270,37.2766,1790,3.3000,22.0705,STEP3: Safe Area Cleanup (σ=0.3995),7.9854,17.8311,13.1417,3.2960,21.6820,18.1080,A,A,22
0,0,0,0,0,0,0,0,0,0,0,22.1394,37.0970,1789,4.7000,21.5810,STEP3: Safe Area Cleanup (σ=0.3995),7.9160,17.7107,14.2234,4.4287,22.5384,18.8728,A,A,21
0,1,0,0,0,1,1,1,1,1,1,20.6076,36.9318,1792,0.0000,22.8700,STEP3: Safe Area Cleanup (σ=0.3983),7.8525,17.6003,12.7551,3.0073,21.5318,18.2756,A,A,23
0,0,0,0,0,0,0,0,0,0,0,18.9746,39.7053,1793,inf,19.5674,STEP3: Safe Area Cleanup (σ=0.3983),8.9525,19.4910,10.0221,-0.5164,18.0340,13.0994,B,A,22
0,0,0,0,0,0,0,0,0,0,0,18.9862,39.6364,1791,inf,19.3964,STEP3: Safe Area Cleanup (σ=0.3983),8.9243,19.4431,10.0619,-0.4569,17.9915,13.0264,B,A,21
0,0,0,0,0,0,0,0,0,0,0,23.6561,35.8835,1794,inf,12.6463,STEP3: Safe Area Cleanup (σ=0.3983),7.4553,16.9060,16.2008,6.7501,20.9312,15.0580,A,A,23
0,0,0,0,0,0,0,0,0,0,0,19.0155,33.2629,1795,inf,19.4043,STEP3: Safe Area Cleanup (σ=0.3983),6.5069,15.2194,12.5087,3.7961,19.2959,16.0260,A,A,22
0,0,0,0,0,0,0,0,1,1,1,14.8821,31.1736,1796,0.0000,10.0399,STEP3: Safe Area Cleanup (σ=0.3974),5.7963,13.9248,9.0859,0.9574,12.4033,7.0716,A,A,23
0,0,0,0,0,0,0,0,0,0,1,12.9470,31.8340,1798,2.4000,17.4366,STEP3: Safe Area Cleanup (σ=0.3974),6.0165,14.3292,6.9305,-1.3822,12.7987,9.3539,B,A,22
0,0,0,0,0,0,0,1,1,1,1,10.1900,37.3522,1799,1.2000,24.9351,STEP3: Safe Area Cleanup (σ=0.3974),8.0146,17.8818,2.1754,-7.6918,11.8417,9.0619,B,A,23
0,0,0,0,0,0,0,0,1,1,1,11.2240,33.8131,1800,3.6000,24.9160,STEP3: Safe Area Cleanup (σ=0.3974),6.7007,15.5677,4.5233,-4.3437,13.3654,11.4995,B,A,22
-1,-1,-1,-1,-1,-1,-1,-1,-1,-1,-1,17.51388053774547,35.44726918158889,1797,13.857259550486994,STEP3: Safe Area Cleanup (σ=0.3974) [ERROR: TIMEOUT]
0,0,0,0,0,0,0,0,0,0,0,24.3382,31.2379,1801,3.9000,14.2481,STEP3: Safe Area Cleanup (σ=0.3969),5.8175,13.9640,18.5206,10.3742,23.2371,19.0606,A,A,23
0,0,0,0,0,0,0,0,0,0,0,14.9748,37.9143,1802,inf,24.9764,STEP3: Safe Area Cleanup (σ=0.3969),8.2340,18.2611,6.7408,-3.2863,16.5531,13.6381,B,A,22
0,0,0,0,0,0,0,1,1,1,1,10.7389,37.3157,1803,inf,24.9294,STEP3: Safe Area Cleanup (σ=0.3969),8.0005,17.8573,2.7384,-7.1184,12.3941,9.6223,B,A,21
0,0,0,0,0,0,0,0,0,0,1,15.2780,37.9743,1804,inf,24.7984,STEP3: Safe Area Cleanup (σ=0.3969),8.2576,18.3018,7.0204,-3.0238,16.7766,13.7951,B,A,23
0,0,0,0,0,0,0,0,0,0,0,21.9828,34.7466,1805,inf,17.2605,STEP3: Safe Area Cleanup (σ=0.3969),7.0360,16.1657,14.9467,5.8170,21.2213,16.9564,A,A,22
0,0,0,0,0,0,0,0,1,1,1,13.8521,39.9313,1806,1.1000,23.0203,STEP3: Safe Area Cleanup (σ=0.3965),9.0453,19.6486,4.8069,-5.7964,14.2808,10.2751,B,A,21
0,0,0,0,0,0,0,0,0,0,1,18.6787,39.9797,1808,inf,16.4976,STEP3: Safe Area Cleanup (σ=0.3965),9.0652,19.6824,9.6135,-1.0037,16.4104,10.5222,B,A,22
0,0,0,0,0,0,0,0,0,0,0,23.8834,31.0405,1807,inf,20.3996,STEP3: Safe Area Cleanup (σ=0.3965),5.7524,13.8438,18.1310,10.0396,24.8464,22.4353,A,A,23
0,0,0,0,0,0,1,1,1,1,1,10.0091,33.9364,1809,0.0000,18.0915,STEP3: Safe Area Cleanup (σ=0.3965),6.7445,15.6462,3.2646,-5.6370,9.7055,5.8895,B,A,22
0,0,0,0,0,0,0,0,0,0,0,24.8292,38.9121,1810,inf,20.7368,STEP3: Safe Area Cleanup (σ=0.3965),8.6306,18.9423,16.1986,5.8869,24.5370,20.1491,A,A,21
0,0,0,0,0,0,0,0,0,0,1,12.2158,32.6373,1811,1.9000,24.9259,STEP3: Safe Area Cleanup (σ=0.3956),6.2898,14.8270,5.9260,-2.6112,14.5001,12.9399,B,A,21
0,0,0,0,0,0,0,0,1,1,1,13.4567,39.9468,1812,1.7000,22.9931,STEP3: Safe Area Cleanup (σ=0.3956),9.0517,19.6594,4.4051,-6.2027,13.8712,9.8535,B,A,23
0,0,0,0,0,0,0,0,0,0,0,14.0696,33.3645,1813,3.8000,24.2797,STEP3: Safe Area Cleanup (σ=0.3956),6.5424,15.2835,7.5271,-1.2139,16.0425,14.1139,B,A,22
0,0,0,0,0,0,0,0,0,0,1,19.0852,39.1985,1814,2.2000,13.6263,STEP3: Safe Area Cleanup (σ=0.3956),8.7462,19.1397,10.3391,-0.0545,15.8544,9.3570,B,A,21
0,0,0,0,0,0,0,0,0,0,0,24.2586,36.9357,1815,4.5000,23.2317,STEP3: Safe Area Cleanup (σ=0.3956),7.8540,17.6029,16.4046,6.6557,25.3209,22.1664,A,A,23
0,0,0,0,0,0,0,0,0,0,0,24.9774,30.9605,1816,inf,11.6392,STEP3: Safe Area Cleanup (σ=0.3938),5.7261,13.7952,19.2513,11.1821,23.0742,18.2452,A,A,23
0,0,0,0,0,0,0,0,0,0,1,12.0833,32.6505,1818,2.1000,24.7657,STEP3: Safe Area Cleanup (σ=0.3938),6.2944,14.8353,5.7890,-2.7520,14.3110,12.7026,B,A,21
0,0,0,0,0,0,0,0,0,0,0,19.4792,36.8154,1817,2.3000,14.2289,STEP3: Safe Area Cleanup (σ=0.3938),7.8079,17.5226,11.6713,1.9565,17.1165,11.4391,A,A,22
0,0,0,0,0,0,0,0,0,0,0,18.4740,34.3319,1819,3.5000,21.8095,STEP3: Safe Area Cleanup (σ=0.3938),6.8860,15.8989,11.5880,2.5751,19.4324,16.5582,A,A,23
0,0,0,0,0,0,0,1,1,1,1,11.2633,34.0007,1820,2.5000,18.9663,STEP3: Safe Area Cleanup (σ=0.3938),6.7674,15.6872,4.4959,-4.4239,11.2595,7.6724,B,A,21
0,0,0,0,1,1,1,1,1,1,1,19.3402,36.7196,1823,0.0000,14.3304,STEP3: Safe Area Cleanup (σ=0.3924),7.7713,17.4588,11.5689,1.8814,17.0403,11.4176,A,A,22
0,0,0,0,0,0,0,0,0,0,0,10.0638,32.0159,1824,0.0000,22.1861,STEP3: Safe Area Cleanup (σ=0.3924),6.0779,14.4414,3.9859,-4.3776,11.4899,9.3239,B,A,22
0,0,0,0,0,0,0,0,0,0,0,20.1230,32.1100,1822,inf,23.3512,STEP3: Safe Area Cleanup (σ=0.3924),6.1097,14.4995,14.0133,5.6235,21.9317,20.0669,A,A,23
0,0,0,0,0,0,0,0,0,0,0,16.7919,35.4050,1825,0.0000,22.6997,STEP3: Safe Area Cleanup (σ=0.3924),7.2774,16.5928,9.5145,0.1990,17.9048,15.0009,A,A,22
-1,-1,-1,-1,-1,-1,-1,-1,-1,-1,-1,15.3973897745643,33.67309940334628,1821,18.404227669878253,STEP3: Safe Area Cleanup (σ=0.3924) [ERROR: TIMEOUT]
-1,-1,-1,-1,-1,-1,-1,-1,-1,-1,-1,21.8720,31.7506,1827,inf,13.0337,STEP3: Safe Area Cleanup (σ=0.3923),5.9885,14.2778,15.8835,7.5941,20.2599,15.6082,A,A,22
0,0,0,0,0,0,0,0,0,0,0,21.9432,30.0785,1826,4.3000,14.2841,STEP3: Safe Area Cleanup (σ=0.3923),5.4400,13.2640,16.5032,8.6792,21.0781,17.2189,A,A,23
0,0,0,0,0,0,0,0,0,1,1,14.0322,38.0545,1828,inf,21.3685,STEP3: Safe Area Cleanup (σ=0.3923),8.2892,18.3562,5.7430,-4.3240,14.1657,10.1861,B,A,21
0,0,0,0,0,0,0,0,0,0,1,11.1897,30.0174,1829,2.0000,19.4553,STEP3: Safe Area Cleanup (σ=0.3923),5.4204,13.2275,5.7693,-2.0377,11.9895,9.5815,B,A,22
0,0,0,0,0,0,0,0,0,0,0,24.9858,36.5536,1830,inf,15.5931,STEP3: Safe Area Cleanup (σ=0.3923),7.7080,17.3485,17.2778,7.6373,23.2072,17.9874,A,A,23
0,0,0,0,0,0,0,0,0,0,0,22.0274,30.0281,1832,inf,13.9975,STEP3: Safe Area Cleanup (σ=0.3915),5.4238,13.2338,16.6036,8.7936,21.0802,17.1548,A,A,22
0,0,0,0,0,0,0,0,0,0,1,12.7351,30.8897,1833,1.3000,14.0184,STEP3: Safe Area Cleanup (σ=0.3915),5.7028,13.7523,7.0322,-1.0172,11.6274,7.4795,B,A,21
0,0,0,0,0,0,0,0,0,0,0,22.1195,30.0596,1831,3.4000,14.3757,STEP3: Safe Area Cleanup (σ=0.3915),5.4339,13.2527,16.6856,8.8668,21.2874,17.4586,A,A,23
0,0,0,0,0,0,0,0,0,0,0,15.4951,33.6896,1834,inf,18.5123,STEP3: Safe Area Cleanup (σ=0.3915),6.6569,15.4892,8.8382,0.0059,15.3866,11.7540,A,A,22
0,0,0,0,0,0,0,0,0,0,0,19.1017,39.0296,1835,inf,23.9837,STEP3: Safe Area Cleanup (σ=0.3915),8.6779,19.0232,10.4238,0.0785,20.0939,16.6025,A,A,21
0,0,0,0,0,0,0,0,0,0,0,18.0776,31.5030,1836,1.9000,10.1151,STEP3: Safe Area Cleanup (σ=0.3902),5.9056,14.1259,12.1720,3.9516,15.5451,10.1456,A,A,22
0,0,0,0,0,0,0,0,0,0,0,17.9937,31.4470,1838,1.8000,10.0800,STEP3: Safe Area Cleanup (σ=0.3902),5.8870,14.0917,12.1067,3.9020,15.4630,10.0688,A,A,21
0,0,0,0,0,0,0,0,0,0,0,24.9682,36.1271,1837,inf,23.8573,STEP3: Safe Area Cleanup (σ=0.3902),7.5467,17.0664,17.4215,7.9018,26.3993,23.6339,A,A,23
0,0,0,0,0,0,0,0,1,1,1,13.0012,31.4352,1839,0.0000,13.5318,STEP3: Safe Area Cleanup (σ=0.3902),5.8830,14.0844,7.1182,-1.0832,11.6223,7.1937,B,A,21
0,0,0,0,0,0,0,0,0,0,0,23.6171,31.0647,1840,inf,22.1656,STEP3: Safe Area Cleanup (σ=0.3902),5.7603,13.8585,17.8568,9.7586,25.1585,23.2328,A,A,23
0,0,0,0,0,0,0,0,0,0,0,23.2825,36.3795,1842,3.6000,11.2597,STEP3: Safe Area Cleanup (σ=0.3893),7.6420,17.2331,15.6405,6.0494,19.9040,13.5032,A,A,22
0,0,0,0,0,0,0,0,0,0,1,17.4596,35.3775,1841,2.0000,13.9603,STEP3: Safe Area Cleanup (σ=0.3893),7.2672,16.5749,10.1924,0.8847,15.3489,9.9839,A,A,23
0,0,0,0,0,0,0,0,0,0,0,18.9738,37.1364,1843,2.2000,17.0585,STEP3: Safe Area Cleanup (σ=0.3893),7.9312,17.7371,11.0426,1.2367,17.6214,12.6608,A,A,21
0,0,0,0,0,0,0,0,0,0,1,17.4698,32.5528,1844,2.5000,12.5631,STEP3: Safe Area Cleanup (σ=0.3893),6.2608,14.7744,11.2090,2.6954,15.5207,10.5227,A,A,22
0,0,0,0,0,0,0,0,0,0,0,23.9506,35.4030,1845,inf,17.2949,STEP3: Safe Area Cleanup (σ=0.3893),7.2766,16.5915,16.6740,7.3591,23.0663,18.6362,A,A,23
0,0,0,0,0,0,0,0,0,0,1,15.6824,35.0227,1848,1.4000,12.6640,STEP3: Safe Area Cleanup (σ=0.3881),7.1367,16.3443,8.5457,-0.6619,13.1818,7.5467,B,A,22
0,0,0,0,0,0,0,0,0,0,1,11.2525,30.7092,1846,1.7000,23.8977,STEP3: Safe Area Cleanup (σ=0.3881),5.6438,13.6430,5.6087,-2.3905,13.4024,12.0502,B,A,21
0,0,0,0,0,0,0,0,0,0,0,19.8085,30.9307,1847,3.8000,19.6775,STEP3: Safe Area Cleanup (σ=0.3881),5.7163,13.7771,14.0922,6.0314,20.5499,17.9663,A,A,23
0,0,0,0,0,0,0,0,0,0,1,11.2889,30.5414,1849,1.9000,23.7719,STEP3: Safe Area Cleanup (σ=0.3881),5.5892,13.5418,5.6996,-2.2529,13.4153,12.0711,B,A,22
0,0,0,0,0,0,0,0,0,0,0,15.1794,32.6541,1850,inf,23.4891,STEP3: Safe Area Cleanup (σ=0.3881),6.2956,14.8376,8.8838,0.3418,16.9673,15.0007,A,A,21
0,0,0,0,0,0,0,0,0,0,0,21.9365,31.6361,1851,3.5000,13.0863,STEP3: Safe Area Cleanup (σ=0.3876),5.9501,14.2075,15.9864,7.7290,20.3666,15.7602,A,A,22
0,0,0,0,0,0,0,0,0,0,0,20.8680,30.9302,1853,3.6000,22.2620,STEP3: Safe Area Cleanup (σ=0.3876),5.7161,13.7768,15.1519,7.0912,22.4576,20.5935,A,A,23
0,0,0,0,0,0,0,0,1,1,1,15.2861,38.4193,1852,inf,15.0786,STEP3: Safe Area Cleanup (σ=0.3876),8.4336,18.6046,6.8525,-3.3185,12.8469,6.9765,B,A,21
0,0,0,0,0,0,0,0,0,0,1,14.7128,32.1595,1854,2.0000,12.6637,STEP3: Safe Area Cleanup (σ=0.3876),6.1265,14.5301,8.5863,0.1827,12.8863,8.0220,A,A,22
0,0,0,0,0,0,0,0,0,1,1,15.6605,34.9729,1855,0.0000,12.6675,STEP3: Safe Area Cleanup (σ=0.3876),7.1185,16.3120,8.5420,-0.6515,13.1735,7.5529,B,A,21
0,0,0,0,0,0,0,0,0,0,0,20.1776,35.8040,1856,inf,15.2561,STEP3: Safe Area Cleanup (σ=0.3860),7.4256,16.8538,12.7520,3.3238,18.4474,13.3338,A,A,22
0,0,0,0,0,0,1,1,1,1,1,10.0542,35.2982,1857,0.0000,19.8114,STEP3: Safe Area Cleanup (σ=0.3860),7.2379,16.5232,2.8162,-6.4691,10.1193,6.4278,B,A,21
0,0,0,0,0,0,0,0,0,0,1,17.3414,38.9641,1858,2.1000,15.7687,STEP3: Safe Area Cleanup (σ=0.3860),8.6516,18.9781,8.6898,-1.6367,15.0381,9.2169,B,A,23
0,0,0,0,0,0,0,0,0,0,0,18.8073,30.0472,1860,2.6000,11.2661,STEP3: Safe Area Cleanup (σ=0.3860),5.4300,13.2453,13.3773,5.5620,16.9824,12.2938,A,A,23
0,0,0,0,0,0,0,0,0,0,0,22.4262,32.4787,1859,3.5000,13.1675,STEP3: Safe Area Cleanup (σ=0.3860),6.2354,14.7283,16.1908,7.6979,20.7009,15.8918,A,A,22
0,0,0,0,0,0,0,0,0,0,0,19.9135,36.2926,1863,inf,12.3242,STEP3: Safe Area Cleanup (σ=0.3860),7.6091,17.1756,12.3044,2.7379,16.9610,10.8855,A,A,22
0,0,0,0,0,0,0,0,0,1,1,12.9912,34.0927,1862,4.6000,20.5419,STEP3: Safe Area Cleanup (σ=0.3860),6.8003,15.7458,6.1909,-2.7546,13.5340,10.3657,B,A,23
0,0,0,0,0,0,0,0,0,0,0,23.6093,33.7438,1864,3.5000,11.8462,STEP3: Safe Area Cleanup (σ=0.3860),6.6761,15.5236,16.9332,8.0857,21.1295,15.6099,A,A,22
-1,-1,-1,-1,-1,-1,-1,-1,-1,-1,-1,21.133874631302977,39.91989332930876,1861,17.210886564363577,STEP3: Safe Area Cleanup (σ=0.3860) [ERROR: TIMEOUT]
0,0,0,0,0,0,0,0,0,0,0,20.2260,36.4378,1865,2.5000,12.7119,STEP3: Safe Area Cleanup (σ=0.3860),7.6641,17.2717,12.5619,2.9543,17.3821,11.3769,A,A,23
0,0,0,0,0,0,0,0,0,0,0,22.6021,32.2808,1867,inf,14.7018,STEP3: Safe Area Cleanup (σ=0.3843),6.1678,14.6053,16.4343,7.9968,21.4430,17.1159,A,A,21
0,0,0,0,0,0,0,1,1,1,1,11.4709,33.1064,1868,1.2000,17.4076,STEP3: Safe Area Cleanup (σ=0.3843),6.4522,15.1209,5.0186,-3.6500,11.0822,7.2937,B,A,23
0,0,0,0,0,0,0,1,1,1,1,11.3749,32.7723,1866,inf,20.4715,STEP3: Safe Area Cleanup (σ=0.3843),6.3364,14.9114,5.0385,-3.5365,12.1060,9.2637,B,A,22
0,0,0,0,0,0,0,0,0,0,0,21.5136,30.9253,1869,inf,20.1750,STEP3: Safe Area Cleanup (σ=0.3843),5.7145,13.7738,15.7991,7.7397,22.4190,19.9753,A,A,21
0,0,0,0,0,0,0,0,0,0,1,18.1323,36.3696,1870,1.8000,15.6469,STEP3: Safe Area Cleanup (σ=0.3843),7.6382,17.2266,10.4940,0.9057,16.4173,11.2622,A,A,23
0,0,0,0,0,0,0,0,0,0,0,20.8960,32.9370,1873,inf,15.4092,STEP3: Safe Area Cleanup (σ=0.3839),6.3934,15.0145,14.5027,5.8815,19.8460,15.5422,A,A,22
0,0,0,0,0,0,0,0,0,0,0,22.2303,35.8452,1871,inf,24.9826,STEP3: Safe Area Cleanup (σ=0.3839),7.4410,16.8808,14.7893,5.3495,24.1253,21.7518,A,A,21
0,0,0,0,0,0,0,0,0,0,1,16.9319,39.9657,1872,inf,21.6423,STEP3: Safe Area Cleanup (σ=0.3839),9.0594,19.6726,7.8724,-2.7407,16.7862,12.3764,B,A,23
0,0,0,0,0,0,0,0,0,1,1,11.4933,32.7020,1874,1.9000,19.9537,STEP3: Safe Area Cleanup (σ=0.3839),6.3121,14.8675,5.1812,-3.3742,12.0569,9.0881,B,A,22
0,0,0,0,0,0,0,0,0,0,0,16.3437,36.5508,1875,2.4000,21.6550,STEP3: Safe Area Cleanup (σ=0.3839),7.7070,17.3467,8.6368,-1.0029,16.8708,13.3703,B,A,21
0,0,0,0,0,0,0,0,0,1,1,17.0807,35.7586,1877,0.9000,11.5863,STEP3: Safe Area Cleanup (σ=0.3846),7.4086,16.8240,9.6721,0.2567,13.9926,7.8535,A,A,22
0,0,0,0,0,0,0,0,0,0,1,16.9339,35.7778,1878,1.2000,11.5442,STEP3: Safe Area Cleanup (σ=0.3846),7.4158,16.8366,9.5181,0.0972,13.8249,7.6687,A,A,21
0,0,0,0,0,0,0,0,0,0,0,24.9863,30.0651,1876,inf,15.4344,STEP3: Safe Area Cleanup (σ=0.3846),5.4357,13.2559,19.5506,11.7304,24.4921,20.9557,A,A,23
0,0,0,0,0,0,0,0,0,0,0,19.7450,38.1573,1879,inf,15.6876,STEP3: Safe Area Cleanup (σ=0.3846),8.3298,18.4261,11.4152,1.3189,17.6137,11.9879,A,A,22
0,0,0,0,0,0,0,0,0,0,0,18.2047,37.5968,1880,inf,19.7174,STEP3: Safe Area Cleanup (σ=0.3846),8.1097,18.0465,10.0949,0.1582,17.7832,13.4553,A,A,21
1,0,0,1,1,1,1,1,1,1,1,18.1874,39.9848,1881,0.0000,11.4559,STEP3: Safe Area Cleanup (σ=0.3821),9.0673,19.6859,9.1201,-1.4986,13.8404,6.5056,B,A,22
0,0,0,0,0,0,0,0,0,0,0,19.3854,38.2681,1883,1.7000,11.6590,STEP3: Safe Area Cleanup (σ=0.3821),8.3736,18.5015,11.0118,0.8839,15.6304,8.8262,A,A,21
0,0,0,0,0,0,0,0,0,0,0,19.7070,38.1619,1882,3.5000,15.4223,STEP3: Safe Area Cleanup (σ=0.3821),8.3316,18.4292,11.3754,1.2778,17.4697,11.7671,A,A,23
0,0,0,0,0,0,0,0,0,0,0,19.3464,34.2353,1885,inf,15.1639,STEP3: Safe Area Cleanup (σ=0.3821),6.8514,15.8371,12.4950,3.5093,17.9356,13.2167,A,A,21
0,0,0,0,0,0,0,0,1,1,1,10.9989,33.4134,1884,1.4000,22.6641,STEP3: Safe Area Cleanup (σ=0.3821),6.5596,15.3143,4.4394,-4.3154,12.3984,10.0037,B,A,22
0,0,0,0,0,0,0,0,0,0,1,20.7492,33.9942,1888,1.3000,10.1102,STEP3: Safe Area Cleanup (σ=0.3800),6.7651,15.6830,13.9840,5.0662,17.5889,11.5135,A,A,22
0,0,0,0,0,0,0,0,0,0,0,23.0705,38.9761,1886,4.3000,12.9056,STEP3: Safe Area Cleanup (σ=0.3800),8.6564,18.9863,14.4141,4.0841,19.6112,12.9686,A,A,21
0,0,0,0,0,0,0,0,0,0,0,17.4580,35.3435,1887,inf,24.5010,STEP3: Safe Area Cleanup (σ=0.3800),7.2547,16.5527,10.2033,0.9052,19.2455,16.8663,A,A,23
0,0,0,0,0,0,0,0,1,1,1,10.8452,33.5067,1889,2.7000,22.7586,STEP3: Safe Area Cleanup (σ=0.3800),6.5924,15.3733,4.2528,-4.5281,12.2647,9.8724,B,A,22
0,0,0,0,0,0,0,0,0,0,0,13.7663,30.7830,1890,3.6000,24.0459,STEP3: Safe Area Cleanup (σ=0.3800),5.6679,13.6877,8.0984,0.0786,15.9568,14.6269,A,A,23
0,0,0,0,0,0,0,0,0,0,0,20.1621,30.6043,1892,2.9000,11.2757,STEP3: Safe Area Cleanup (σ=0.3813),5.6097,13.5798,14.5525,6.5824,18.2188,13.3839,A,A,23
0,0,0,0,0,0,0,0,0,0,0,24.9810,36.1786,1891,inf,12.6457,STEP3: Safe Area Cleanup (σ=0.3813),7.5661,17.1003,17.4149,7.8806,22.1796,16.2261,A,A,21
0,0,0,0,0,0,0,0,0,0,0,17.9389,38.3209,1893,2.9000,22.8505,STEP3: Safe Area Cleanup (σ=0.3813),8.3945,18.5375,9.5443,-0.5986,18.6076,14.9798,B,A,22
0,0,0,0,0,0,0,0,0,0,1,13.7128,33.0882,1894,1.5000,17.4454,STEP3: Safe Area Cleanup (σ=0.3813),6.4459,15.1095,7.2669,-1.3967,13.3407,9.5675,B,A,23
0,0,0,0,0,0,0,0,0,0,1,13.7312,33.1294,1895,1.8000,17.5697,STEP3: Safe Area Cleanup (σ=0.3813),6.4603,15.1354,7.2710,-1.4041,13.3948,9.6456,B,A,21
0,0,0,0,0,0,0,0,0,0,0,24.9062,36.1444,1898,3.8000,13.0237,STEP3: Safe Area Cleanup (σ=0.3819),7.5532,17.0778,17.3530,7.8284,22.2560,16.4188,A,A,21
0,0,0,0,0,0,0,0,0,0,0,15.6061,31.2423,1897,2.6000,23.0094,STEP3: Safe Area Cleanup (σ=0.3819),5.8190,13.9666,9.7872,1.6395,17.4047,15.6683,A,A,23
0,0,0,0,0,0,0,0,0,0,0,21.1258,39.9679,1896,4.2000,17.0270,STEP3: Safe Area Cleanup (σ=0.3819),9.0603,19.6741,12.0655,1.4517,19.0787,13.3454,A,A,22
0,0,0,0,0,0,0,0,0,0,0,22.3283,36.6631,1899,inf,18.8374,STEP3: Safe Area Cleanup (σ=0.3819),7.7497,17.4212,14.5786,4.9071,21.7608,17.4316,A,A,21
0,0,0,0,0,0,0,0,0,0,0,21.4027,39.9832,1900,3.9000,16.8574,STEP3: Safe Area Cleanup (σ=0.3819),9.0666,19.6848,12.3360,1.7179,19.2818,13.4957,A,A,23
0,0,0,0,0,0,0,0,0,0,0,24.3114,34.3282,1903,3.0000,10.0668,STEP3: Safe Area Cleanup (σ=0.3793),6.8847,15.8966,17.4267,8.4148,21.0471,14.8687,A,A,22
0,0,0,0,0,0,0,0,0,0,0,15.5305,31.1417,1902,2.5000,23.0298,STEP3: Safe Area Cleanup (σ=0.3793),5.7857,13.9054,9.7448,1.6252,17.3476,15.6428,A,A,21
0,0,0,0,0,0,0,0,0,0,0,22.2058,38.4338,1901,inf,23.5975,STEP3: Safe Area Cleanup (σ=0.3793),8.4394,18.6145,13.7664,3.5913,23.1506,19.7060,A,A,23
0,0,0,0,0,0,0,0,0,0,0,18.5573,35.1444,1904,1.8000,12.9041,STEP3: Safe Area Cleanup (σ=0.3793),7.1814,16.4233,11.3760,2.1341,16.1145,10.5143,A,A,22
0,0,0,0,0,0,0,0,0,0,0,20.6255,37.3449,1905,2.6000,15.5475,STEP3: Safe Area Cleanup (σ=0.3793),8.0118,17.8769,12.6137,2.7486,18.6398,13.1937,A,A,21
0,0,0,0,0,0,0,0,0,0,0,22.3533,38.3347,1907,4.0000,23.3729,STEP3: Safe Area Cleanup (σ=0.3776),8.4000,18.5469,13.9533,3.8064,23.2267,19.7443,A,A,22
0,0,0,0,0,0,0,0,0,0,0,12.9959,30.0095,1906,1.9000,20.4685,STEP3: Safe Area Cleanup (σ=0.3776),5.4179,13.2227,7.5780,-0.2268,14.1206,11.9959,B,A,21
0,0,0,0,0,0,0,0,0,0,0,17.3650,37.7702,1908,2.1000,18.2054,STEP3: Safe Area Cleanup (σ=0.3776),8.1775,18.1635,9.1876,-0.7985,16.3155,11.5110,B,A,23
0,0,0,0,0,0,0,0,0,0,0,24.1027,34.4009,1910,3.3000,10.0045,STEP3: Safe Area Cleanup (σ=0.3776),6.9109,15.9432,17.1918,8.1595,20.7967,14.5809,A,A,21
0,0,0,0,0,0,0,0,0,0,0,21.6786,35.2366,1909,inf,19.0281,STEP3: Safe Area Cleanup (σ=0.3776),7.2152,16.4831,14.4633,5.1954,21.4668,17.5705,A,A,22
0,0,0,0,0,0,0,0,0,0,1,14.6347,32.2184,1912,2.5000,15.0263,STEP3: Safe Area Cleanup (σ=0.3779),6.1466,14.5666,8.4881,0.0681,13.5986,9.3789,A,A,22
0,0,0,0,0,0,0,0,0,0,0,24.7853,32.3195,1913,4.5000,17.6516,STEP3: Safe Area Cleanup (σ=0.3779),6.1810,14.6293,18.6043,10.1560,24.6242,21.1117,A,A,21
0,0,0,0,0,0,0,0,0,0,0,24.0716,39.9572,1911,3.1000,18.0227,STEP3: Safe Area Cleanup (σ=0.3779),9.0559,19.6666,15.0156,4.4049,22.4372,16.9922,A,A,23
0,0,0,0,0,0,0,0,0,0,1,16.7254,39.2372,1914,1.6000,18.0067,STEP3: Safe Area Cleanup (σ=0.3779),8.7619,19.1664,7.9635,-2.4411,15.2584,10.0030,B,A,22
0,0,0,0,0,0,0,0,0,0,0,17.8710,33.6528,1915,2.2000,14.1497,STEP3: Safe Area Cleanup (σ=0.3779),6.6439,15.4659,11.2271,2.4051,16.2274,11.3793,A,A,21
0,0,0,0,0,0,0,0,0,0,0,17.4871,33.1352,1917,1.9000,14.1247,STEP3: Safe Area Cleanup (σ=0.3761),6.4622,15.1390,11.0248,2.3481,15.9487,11.2321,A,A,22
0,0,0,0,0,0,0,0,0,0,0,24.9780,34.7305,1918,3.9000,17.6284,STEP3: Safe Area Cleanup (σ=0.3761),7.0302,16.1553,17.9478,8.8226,24.3535,20.1966,A,A,23
0,0,0,0,0,0,0,0,0,0,0,23.2798,39.2306,1916,inf,18.3880,STEP3: Safe Area Cleanup (σ=0.3761),8.7592,19.1619,14.5206,4.1179,21.9688,16.8243,A,A,21
0,0,0,0,0,0,0,0,0,0,0,12.6464,36.4655,1920,0.0000,21.7712,STEP3: Safe Area Cleanup (σ=0.3761),7.6746,17.2901,4.9718,-4.6437,13.2328,9.7877,B,A,23
0,0,0,0,0,0,0,0,0,0,0,19.8350,31.9854,1919,4.6000,19.9359,STEP3: Safe Area Cleanup (σ=0.3761),6.0676,14.4225,13.7674,5.4125,20.5047,17.7182,A,A,22
0,1,0,0,0,0,0,0,0,0,0,20.2746,36.5745,1923,0.0000,22.2854,STEP3: Safe Area Cleanup (σ=0.3749),7.7160,17.3624,12.5586,2.9122,21.0372,17.7092,A,A,23
0,0,0,0,0,0,0,0,0,0,0,14.2360,30.9246,1921,1.7000,16.3940,STEP3: Safe Area Cleanup (σ=0.3749),5.7143,13.7734,8.5217,0.4626,13.9009,10.4049,A,A,22
0,0,0,0,0,0,0,0,0,0,0,19.2038,34.7702,1922,inf,18.8205,STEP3: Safe Area Cleanup (σ=0.3749),7.0446,16.1809,12.1592,3.0228,19.0050,15.1735,A,A,21
0,1,0,0,0,0,0,0,0,0,0,15.7317,31.9032,1924,0.0000,21.2087,STEP3: Safe Area Cleanup (σ=0.3749),6.0398,14.3718,9.6919,1.3599,16.8431,14.4334,A,A,23
0,0,0,0,0,0,0,1,1,1,1,10.2803,35.5081,1925,1.9000,21.9716,STEP3: Safe Area Cleanup (σ=0.3749),7.3155,16.6601,2.9648,-6.3798,11.1069,7.9703,B,A,21
0,0,0,0,0,0,0,0,0,0,0,15.5177,31.6433,1928,inf,21.4034,STEP3: Safe Area Cleanup (σ=0.3740),5.9525,14.2120,9.5652,1.3058,16.7306,14.4428,A,A,21
0,0,0,0,0,0,0,0,0,1,1,14.3848,39.0190,1927,inf,19.0764,STEP3: Safe Area Cleanup (σ=0.3740),8.6737,19.0159,5.7111,-4.6311,13.4008,8.5099,B,A,22
0,0,0,0,0,0,0,0,0,0,0,14.2980,30.9177,1929,2.6000,16.0684,STEP3: Safe Area Cleanup (σ=0.3740),5.7120,13.7693,8.5859,0.5287,13.8573,10.2725,A,A,21
0,0,0,0,0,0,0,0,1,1,1,14.0086,36.4087,1930,1.0000,16.8683,STEP3: Safe Area Cleanup (σ=0.3740),7.6530,17.2524,6.3556,-3.2438,12.7473,7.9279,B,A,22
-1,-1,-1,-1,-1,-1,-1,-1,-1,-1,-1,15.546882784973025,31.80923361828623,1926,21.190382620621474,STEP3: Safe Area Cleanup (σ=0.3740) [ERROR: TIMEOUT]
0,0,0,0,0,0,0,0,0,0,0,20.2587,36.5299,1931,inf,22.5398,STEP3: Safe Area Cleanup (σ=0.3731),7.6990,17.3328,12.5597,2.9259,21.1257,17.8815,A,A,22
0,0,0,0,0,0,0,0,0,1,1,14.3088,38.9767,1932,inf,19.1020,STEP3: Safe Area Cleanup (σ=0.3731),8.6566,18.9867,5.6522,-4.6779,13.3447,8.4725,B,A,21
0,0,0,0,0,0,0,0,0,0,0,19.7038,30.0060,1935,inf,21.0997,STEP3: Safe Area Cleanup (σ=0.3731),5.4168,13.2206,14.2870,6.4832,21.0307,19.0820,A,A,21
0,0,0,0,0,0,0,0,0,0,0,17.4576,31.5387,1934,inf,19.7550,STEP3: Safe Area Cleanup (σ=0.3731),5.9175,14.1478,11.5401,3.3098,18.1345,15.4140,A,A,22
-1,-1,-1,-1,-1,-1,-1,-1,-1,-1,-1,24.96817585069184,38.546452004324806,1933,24.034043842136438,STEP3: Safe Area Cleanup (σ=0.3731) [ERROR: TIMEOUT]
0,0,0,0,0,0,0,0,0,0,0,15.8776,30.1149,1937,2.4000,13.1499,STEP3: Safe Area Cleanup (σ=0.3722),5.4517,13.2858,10.4260,2.5919,14.6421,10.4584,A,A,22
0,0,0,0,0,0,0,0,0,0,0,18.0870,30.1348,1936,4.6000,15.4457,STEP3: Safe Area Cleanup (σ=0.3722),5.4580,13.2977,12.6290,4.7893,17.5840,14.0324,A,A,21
0,0,0,0,0,0,0,0,0,0,0,21.9832,35.5128,1940,4.1000,12.6081,STEP3: Safe Area Cleanup (σ=0.3722),7.3173,16.6632,14.6660,5.3201,19.3388,13.5553,A,A,22
0,0,0,0,0,0,0,0,0,0,0,16.1930,37.5247,1939,inf,23.7454,STEP3: Safe Area Cleanup (σ=0.3722),8.0817,17.9979,8.1113,-1.8049,17.3544,14.1911,B,A,21
-1,-1,-1,-1,-1,-1,-1,-1,-1,-1,-1,12.562210649348508,35.559099791340074,1938,24.7688196171871,STEP3: Safe Area Cleanup (σ=0.3722) [ERROR: TIMEOUT]
0,0,0,0,0,0,0,0,0,0,0,20.1257,37.8769,1943,2.3000,12.8517,STEP3: Safe Area Cleanup (σ=0.3721),8.2193,18.2358,11.9064,1.8899,16.9509,10.5935,A,A,21
0,0,0,0,0,0,1,1,1,1,1,11.3858,39.5336,1942,0.0000,20.0569,STEP3: Safe Area Cleanup (σ=0.3721),8.8824,19.3718,2.5034,-7.9860,10.6839,5.9355,B,A,22
0,0,0,0,0,0,0,0,0,0,0,16.2771,32.9978,1941,inf,22.5411,STEP3: Safe Area Cleanup (σ=0.3721),6.4144,15.0526,9.8626,1.2244,17.6917,15.3705,A,A,23
0,0,0,0,0,0,0,0,0,0,0,18.7773,35.1341,1945,3.9000,15.1274,STEP3: Safe Area Cleanup (σ=0.3721),7.1776,16.4166,11.5997,2.3607,17.1532,12.1831,A,A,23
0,0,0,0,0,0,0,0,0,0,0,16.1984,35.3792,1944,2.0000,21.2226,STEP3: Safe Area Cleanup (σ=0.3721),7.2678,16.5760,8.9305,-0.3776,16.7698,13.4554,B,A,22
0,0,0,0,0,0,0,0,0,0,0,24.9471,32.6539,1948,inf,12.6232,STEP3: Safe Area Cleanup (σ=0.3714),6.2955,14.8374,18.6515,10.1096,22.9956,17.9874,A,A,21
0,0,0,0,0,0,0,1,1,1,1,10.0564,32.0934,1946,0.0000,16.2220,STEP3: Safe Area Cleanup (σ=0.3714),6.1041,14.4893,3.9523,-4.4329,9.4507,5.5982,B,A,22
0,0,0,0,0,0,0,0,1,1,1,14.0649,39.9793,1947,1.4000,18.1017,STEP3: Safe Area Cleanup (σ=0.3714),9.0650,19.6821,4.9999,-5.6172,12.4577,7.0293,B,A,23
0,0,0,0,0,0,0,0,0,0,0,16.4441,33.2574,1950,2.6000,12.9860,STEP3: Safe Area Cleanup (σ=0.3714),6.5049,15.2159,9.9392,1.2282,14.4807,9.4121,A,A,22
0,0,0,0,0,0,0,0,0,0,0,23.8712,38.7282,1949,inf,22.1180,STEP3: Safe Area Cleanup (σ=0.3714),8.5568,18.8160,15.3144,5.0552,24.1705,20.2259,A,A,21
0,0,0,0,0,0,0,0,0,0,0,22.9500,30.8145,1952,4.7000,16.8641,STEP3: Safe Area Cleanup (σ=0.3719),5.6782,13.7068,17.2717,9.2432,22.7880,19.4518,A,A,21
0,0,0,0,0,0,1,1,1,1,1,10.0548,36.9341,1951,0.0000,21.4933,STEP3: Safe Area Cleanup (σ=0.3719),7.8534,17.6018,2.2014,-7.5470,10.4502,6.8027,B,A,23
0,0,0,0,0,0,0,0,1,1,1,11.7400,34.5242,1953,1.0000,21.0757,STEP3: Safe Area Cleanup (σ=0.3719),6.9554,16.0224,4.7846,-4.2824,12.4027,9.2714,B,A,22
0,0,0,0,0,0,0,0,0,0,0,23.9034,35.3181,1954,4.2000,14.2428,STEP3: Safe Area Cleanup (σ=0.3719),7.2453,16.5362,16.6582,7.3672,21.9112,16.6420,A,A,21
0,0,0,0,0,0,0,1,1,1,1,10.2621,32.0900,1955,0.0000,16.3897,STEP3: Safe Area Cleanup (σ=0.3719),6.1030,14.4871,4.1591,-4.2251,9.7138,5.9091,B,A,23
0,0,0,0,0,0,0,0,0,0,0,23.3930,38.4343,1958,2.9000,10.0324,STEP3: Safe Area Cleanup (σ=0.3678),8.4396,18.6148,14.9534,4.7781,18.9431,11.6293,A,A,21
0,0,0,0,0,0,0,0,0,0,0,22.9737,31.3353,1956,inf,24.9601,STEP3: Safe Area Cleanup (σ=0.3678),5.8498,14.0234,17.1238,8.9503,25.4087,24.1920,A,A,22
0,0,0,0,0,0,0,0,0,0,0,22.2262,33.1551,1957,inf,19.3487,STEP3: Safe Area Cleanup (σ=0.3678),6.4692,15.1515,15.7570,7.0747,22.5055,19.2483,A,A,23
0,0,0,0,0,0,0,0,0,0,1,18.0113,39.9625,1959,2.1000,15.2337,STEP3: Safe Area Cleanup (σ=0.3678),9.0581,19.6703,8.9532,-1.6590,15.2270,8.9812,B,A,21
0,0,0,0,0,0,0,0,0,0,0,22.1414,34.2797,1960,inf,22.4288,STEP3: Safe Area Cleanup (σ=0.3678),6.8673,15.8655,15.2741,6.2759,23.3305,20.6442,A,A,22
0,0,0,0,0,1,1,1,1,1,1,24.8651,32.1914,1962,0.0000,10.0182,STEP3: Safe Area Cleanup (σ=0.3703),6.1374,14.5499,18.7277,10.3152,22.1325,16.5201,A,A,21
0,0,0,0,0,0,0,0,0,0,0,24.9685,34.4366,1961,inf,24.9665,STEP3: Safe Area Cleanup (σ=0.3703),6.9238,15.9661,18.0447,9.0024,27.0489,25.0362,A,A,23
0,0,0,0,0,0,0,0,0,0,0,19.0018,36.1866,1963,inf,18.4505,STEP3: Safe Area Cleanup (σ=0.3703),7.5691,17.1056,11.4327,1.8962,18.3859,14.0740,A,A,22
0,0,1,0,0,0,0,1,1,1,1,21.5948,31.9810,1964,0.0000,24.9101,STEP3: Safe Area Cleanup (σ=0.3703),6.0661,14.4198,15.5287,7.1750,23.9460,22.5499,A,A,21
0,0,0,0,0,0,0,0,0,0,0,14.4034,31.6641,1965,inf,23.5467,STEP3: Safe Area Cleanup (σ=0.3703),5.9595,14.2247,8.4439,0.1787,16.3314,14.6361,A,A,23
-1,-1,-1,-1,-1,-1,-1,-1,-1,-1,-1,24.8641,30.0448,1968,inf,13.3207,STEP3: Safe Area Cleanup (σ=0.3686),5.4292,13.2438,19.4349,11.6203,23.6972,19.5795,A,A,21
0,0,0,0,1,1,1,1,1,1,1,24.8128,32.1510,1967,0.0000,10.0051,STEP3: Safe Area Cleanup (σ=0.3686),6.1237,14.5249,18.6891,10.2879,22.0856,16.4805,A,A,23
0,1,0,0,0,0,1,1,1,1,1,10.0148,38.1370,1966,0.0000,23.8311,STEP3: Safe Area Cleanup (σ=0.3686),8.3217,18.4123,1.6931,-8.3975,11.1046,7.8048,B,A,22
0,0,0,0,0,1,1,1,1,1,1,12.3937,35.4579,1970,0.0000,24.9949,STEP3: Safe Area Cleanup (σ=0.3686),7.2969,16.6274,5.0968,-4.2337,14.3477,12.0783,B,A,23
0,0,0,0,0,0,0,0,0,0,0,24.7580,30.0478,1969,3.9000,13.2401,STEP3: Safe Area Cleanup (σ=0.3686),5.4302,13.2456,19.3278,11.5123,23.5646,19.4238,A,A,21
0,1,0,0,0,0,0,0,0,0,0,18.7923,30.7377,1972,0.0000,22.0813,STEP3: Safe Area Cleanup (σ=0.3668),5.6531,13.6603,13.1391,5.1320,20.3462,18.4815,A,A,23
0,0,0,0,0,0,1,1,1,1,1,10.0706,38.2039,1971,1.3000,23.8531,STEP3: Safe Area Cleanup (σ=0.3668),8.3482,18.4578,1.7225,-8.3871,11.1575,7.8464,B,A,22
0,0,0,0,0,0,0,0,0,0,1,15.8250,39.9569,1973,inf,22.7470,STEP3: Safe Area Cleanup (σ=0.3668),9.0558,19.6664,6.7692,-3.8414,16.1361,12.0452,B,A,21
0,1,0,0,0,0,0,0,0,0,0,18.0164,30.6456,1974,0.0000,13.0309,STEP3: Safe Area Cleanup (σ=0.3668),5.6231,13.6046,12.3933,4.4118,16.6353,12.2775,A,A,23
0,0,0,0,0,0,0,0,0,0,0,21.0245,39.6198,1975,inf,21.6520,STEP3: Safe Area Cleanup (σ=0.3668),8.9175,19.4316,12.1070,1.5929,20.9553,16.6405,A,A,22
0,1,0,0,0,0,0,0,0,0,0,16.2310,37.3474,1976,0.0000,13.9317,STEP3: Safe Area Cleanup (σ=0.3658),8.0128,17.8786,8.2182,-1.6476,13.6183,7.7123,B,A,23
0,0,0,0,0,0,0,0,0,0,1,13.6607,32.9000,1977,2.5000,15.7563,STEP3: Safe Area Cleanup (σ=0.3658),6.3805,14.9913,7.2802,-1.3306,12.7385,8.5419,B,A,21
0,1,0,0,0,0,0,0,0,0,0,22.4509,39.8940,1979,0.0000,15.4133,STEP3: Safe Area Cleanup (σ=0.3658),9.0299,19.6226,13.4210,2.8284,19.7590,13.5833,A,A,23
0,0,0,0,0,0,0,0,0,0,0,21.2532,39.1834,1978,inf,22.0490,STEP3: Safe Area Cleanup (σ=0.3658),8.7401,19.1293,12.5131,2.1239,21.4346,17.3494,A,A,22
0,0,0,0,0,0,0,0,0,0,1,16.2284,39.8820,1980,1.8000,15.5963,STEP3: Safe Area Cleanup (σ=0.3658),9.0250,19.6141,7.2034,-3.3858,13.6149,7.4949,B,A,21
0,0,0,0,0,0,0,0,0,0,0,23.1950,39.0747,1982,inf,17.0249,STEP3: Safe Area Cleanup (σ=0.3645),8.6962,19.0543,14.4988,4.1407,21.3703,15.8781,A,A,21
0,0,0,0,0,0,0,0,0,0,0,15.1711,30.0187,1981,3.7000,21.8102,STEP3: Safe Area Cleanup (σ=0.3645),5.4209,13.2283,9.7502,1.9428,16.7236,14.9688,A,A,22
0,0,1,0,0,0,0,0,0,0,0,23.4055,36.0827,1983,inf,22.2940,STEP3: Safe Area Cleanup (σ=0.3645),7.5300,17.0371,15.8755,6.3684,24.2558,21.0595,A,A,23
0,1,0,0,0,1,1,1,1,1,1,10.2177,39.0485,1985,0.0000,24.3800,STEP3: Safe Area Cleanup (σ=0.3645),8.6856,19.0362,1.5321,-8.8186,11.3663,7.9832,B,A,22
0,0,0,0,0,0,0,0,0,0,0,23.0436,34.8734,1984,4.5000,23.6752,STEP3: Safe Area Cleanup (σ=0.3645),7.0822,16.2476,15.9614,6.7960,24.5957,22.1058,A,A,21
0,0,0,0,0,0,0,0,0,0,1,18.5716,36.7672,1987,1.6000,11.4736,STEP3: Safe Area Cleanup (σ=0.3636),7.7895,17.4905,10.7822,1.0811,15.1678,8.7218,A,A,21
0,0,0,0,0,0,0,0,0,0,0,18.0249,30.6301,1988,2.9000,13.0338,STEP3: Safe Area Cleanup (σ=0.3636),5.6181,13.5953,12.4068,4.4296,16.6479,12.2950,A,A,23
0,0,0,0,0,0,0,0,0,0,0,24.8979,37.1798,1986,4.8000,13.1402,STEP3: Safe Area Cleanup (σ=0.3636),7.9479,17.7661,16.9499,7.1318,22.0229,15.9375,A,A,22
0,0,0,0,0,0,0,0,0,0,0,21.8012,39.9481,1989,inf,24.9797,STEP3: Safe Area Cleanup (σ=0.3636),9.0522,19.6603,12.7490,2.1409,23.0333,19.5847,A,A,21
0,0,0,0,0,0,0,0,0,0,0,20.5499,31.9645,1990,inf,15.1113,STEP3: Safe Area Cleanup (σ=0.3636),6.0605,14.4096,14.4894,6.1403,19.5933,15.4647,A,A,23
0,0,0,0,0,0,0,0,0,0,1,17.0650,34.9436,1993,inf,18.3317,STEP3: Safe Area Cleanup (σ=0.3628),7.1078,16.2931,9.9572,0.7719,16.6546,12.6394,A,A,23
0,0,0,0,0,0,0,0,0,0,0,23.9487,32.1079,1992,inf,14.9010,STEP3: Safe Area Cleanup (σ=0.3628),6.1090,14.4982,17.8396,9.4504,22.8923,18.6668,A,A,22
0,0,0,0,0,0,1,1,1,1,1,10.1269,39.1018,1991,1.1000,24.3449,STEP3: Safe Area Cleanup (σ=0.3628),8.7071,19.0730,1.4199,-8.9460,11.2519,7.8447,B,A,21
0,0,0,0,0,0,0,0,0,0,0,21.5797,35.6396,1995,2.9000,14.6368,STEP3: Safe Area Cleanup (σ=0.3628),7.3643,16.7461,14.2154,4.8336,19.6573,14.4129,A,A,21
0,0,0,0,0,0,0,0,0,0,1,17.3010,39.1330,1994,inf,23.9650,STEP3: Safe Area Cleanup (σ=0.3628),8.7197,19.0945,8.5814,-1.7934,18.2669,14.7429,B,A,22
0,0,0,0,0,0,0,1,1,1,1,11.4139,34.0505,1998,2.1000,23.6393,STEP3: Safe Area Cleanup (σ=0.3616),6.7852,15.7189,4.6287,-4.3050,13.0697,10.7836,B,A,23
0,0,0,0,0,0,0,0,0,0,0,24.9520,30.1375,1996,inf,18.8937,STEP3: Safe Area Cleanup (σ=0.3616),5.4589,13.2993,19.4931,11.6527,25.5547,22.9597,A,A,22
0,0,0,0,0,0,0,0,0,0,0,23.3247,36.4766,1997,inf,14.8523,STEP3: Safe Area Cleanup (σ=0.3616),7.6788,17.2974,15.6459,6.0273,21.2831,15.8740,A,A,21
0,0,0,0,0,0,0,0,0,0,1,12.6298,30.9495,1999,2.8000,18.6038,STEP3: Safe Area Cleanup (σ=0.3616),5.7225,13.7886,6.9073,-1.1588,13.0159,10.1285,B,A,23
0,0,0,0,0,0,0,0,0,0,0,22.1138,32.6897,2000,inf,23.2809,STEP3: Safe Area Cleanup (σ=0.3616),6.3079,14.8598,15.8059,7.2540,23.8255,21.7913,A,A,22
0,0,0,0,0,0,0,0,0,0,0,18.8728,33.4233,2002,1.7000,12.0132,STEP3: Safe Area Cleanup (σ=0.3617),6.5631,15.3206,12.3098,3.5523,16.5296,11.1434,A,A,23
0,0,0,0,0,0,0,0,0,0,1,13.3770,30.0476,2001,1.5000,17.6274,STEP3: Safe Area Cleanup (σ=0.3617),5.4301,13.2455,7.9469,0.1315,13.5877,10.6645,A,A,22
0,0,0,0,0,0,0,0,0,0,1,16.7774,36.0194,2004,inf,16.5289,STEP3: Safe Area Cleanup (σ=0.3617),7.5062,16.9954,9.2712,-0.2180,15.4747,10.6635,B,A,23
0,0,0,0,0,0,0,0,0,0,0,24.1442,36.0535,2005,inf,19.7450,STEP3: Safe Area Cleanup (σ=0.3617),7.5190,17.0178,16.6252,7.1264,24.0420,20.1319,A,A,22
-1,-1,-1,-1,-1,-1,-1,-1,-1,-1,-1,22.862182660643438,34.50536700914303,2003,18.49708488160885,STEP3: Safe Area Cleanup (σ=0.3617) [ERROR: TIMEOUT]
0,0,0,0,0,0,0,0,0,0,0,22.2867,39.9897,2006,inf,15.2701,STEP3: Safe Area Cleanup (σ=0.3614),9.0693,19.6893,13.2174,2.5974,19.5100,13.2672,A,A,22
0,0,0,0,0,0,0,0,0,0,0,23.9325,36.1929,2007,inf,20.0260,STEP3: Safe Area Cleanup (σ=0.3614),7.5714,17.1097,16.3611,6.8228,23.9093,20.0418,A,A,23
0,0,0,0,0,0,0,0,0,0,0,17.7985,33.0406,2008,inf,16.8108,STEP3: Safe Area Cleanup (σ=0.3614),6.4293,15.0795,11.3692,2.7190,17.2146,13.2762,A,A,21
0,0,0,0,0,0,0,0,0,0,0,20.3439,34.4010,2009,2.6000,11.3997,STEP3: Safe Area Cleanup (σ=0.3614),6.9109,15.9433,13.4329,4.4006,17.5405,11.7175,A,A,22
0,0,0,0,0,0,0,0,0,0,0,23.5569,33.4761,2010,inf,18.4085,STEP3: Safe Area Cleanup (σ=0.3614),6.5816,15.3540,16.9752,8.2029,23.4505,19.8451,A,A,23
0,0,0,0,0,0,0,0,0,0,0,19.1721,31.5024,2011,2.8000,10.8913,STEP3: Safe Area Cleanup (σ=0.3596),5.9054,14.1256,13.2667,5.0465,16.8986,11.7157,A,A,23
0,0,0,0,0,0,0,0,0,0,0,22.6621,39.9788,2013,3.9000,15.2910,STEP3: Safe Area Cleanup (σ=0.3596),9.0648,19.6818,13.5973,2.9804,19.8970,13.6632,A,A,21
0,0,0,0,0,0,0,0,1,1,1,12.4627,38.8145,2012,1.4000,23.1970,STEP3: Safe Area Cleanup (σ=0.3596),8.5914,18.8752,3.8712,-6.4126,13.1780,9.5187,B,A,22
0,0,0,0,0,0,0,0,0,1,1,12.3861,30.0539,2014,1.2000,16.4086,STEP3: Safe Area Cleanup (σ=0.3596),5.4321,13.2493,6.9540,-0.8632,12.2057,8.9426,B,A,23
0,0,0,0,0,0,0,0,0,0,0,23.4927,33.7958,2015,4.2000,17.8156,STEP3: Safe Area Cleanup (σ=0.3596),6.6946,15.5567,16.7982,7.9360,23.1176,19.2613,A,A,21
0,0,0,0,0,0,0,0,0,0,0,24.9866,38.5433,2016,inf,24.1135,STEP3: Safe Area Cleanup (σ=0.3599),8.4830,18.6894,16.5036,6.2972,26.1175,22.7913,A,A,21
0,0,0,0,0,0,0,1,1,1,1,12.4415,39.7229,2018,1.6000,23.9318,STEP3: Safe Area Cleanup (σ=0.3599),8.9597,19.5033,3.4818,-7.0618,13.2847,9.5953,B,A,23
0,0,0,0,0,0,0,0,0,0,0,24.9290,37.6652,2017,inf,23.7016,STEP3: Safe Area Cleanup (σ=0.3599),8.1365,18.0926,16.7925,6.8363,26.0494,22.8368,A,A,22
0,0,0,0,0,0,0,0,0,0,0,16.5016,30.6085,2019,2.1000,14.5684,STEP3: Safe Area Cleanup (σ=0.3599),5.6110,13.5822,10.8906,2.9193,15.6281,11.7077,A,A,21
0,0,0,0,0,0,0,0,0,0,0,20.8595,30.2319,2020,3.8000,24.9447,STEP3: Safe Area Cleanup (σ=0.3599),5.4892,13.3558,15.3702,7.5037,23.3950,22.4558,A,A,23
0,0,0,0,0,0,0,0,0,0,0,19.1714,30.7661,2021,3.5000,22.0744,STEP3: Safe Area Cleanup (σ=0.3567),5.6624,13.6775,13.5090,5.4939,20.7197,18.8456,A,A,21
0,0,0,0,0,0,0,0,0,0,0,24.2698,31.9202,2023,inf,16.3014,STEP3: Safe Area Cleanup (σ=0.3567),6.0456,14.3823,18.2242,9.8875,23.7234,19.9389,A,A,22
0,0,0,0,0,0,0,0,0,0,0,20.3946,38.9084,2022,inf,15.5441,STEP3: Safe Area Cleanup (σ=0.3567),8.6291,18.9398,11.7654,1.4548,18.0153,12.1450,A,A,23
0,0,0,0,0,0,0,0,0,0,0,16.3676,30.5046,2025,2.2000,14.4378,STEP3: Safe Area Cleanup (σ=0.3567),5.5773,13.5197,10.7903,2.8479,15.4714,11.5422,A,A,22
-1,-1,-1,-1,-1,-1,-1,-1,-1,-1,-1,22.569259619372687,38.01361550046124,2024,14.555776658968721,STEP3: Safe Area Cleanup (σ=0.3567) [ERROR: TIMEOUT]
0,0,0,0,0,0,0,0,0,0,0,18.9984,30.7945,2028,inf,21.7497,STEP3: Safe Area Cleanup (σ=0.3561),5.6717,13.6947,13.3267,5.3037,20.4370,18.4653,A,A,22
0,0,0,0,0,0,0,0,0,0,1,19.2660,39.9568,2026,2.6000,12.5674,STEP3: Safe Area Cleanup (σ=0.3561),9.0558,19.6664,10.2102,-0.4004,15.3853,8.3768,B,A,21
0,0,0,0,0,0,0,0,0,0,1,16.1079,37.3201,2027,1.1000,14.1757,STEP3: Safe Area Cleanup (σ=0.3561),8.0022,17.8602,8.1057,-1.7524,13.5968,7.7676,B,A,23
0,0,0,0,0,0,0,0,0,0,0,18.5922,32.5051,2030,inf,15.3512,STEP3: Safe Area Cleanup (σ=0.3561),6.2445,14.7447,12.3477,3.8475,17.6095,13.4043,A,A,21
0,0,0,0,0,0,0,0,0,0,1,12.7380,31.3662,2029,1.9000,24.2749,STEP3: Safe Area Cleanup (σ=0.3561),5.8601,14.0422,6.8779,-1.3042,14.9423,13.5267,B,A,22
0,0,0,0,0,0,0,0,0,1,1,14.5713,39.9947,2032,inf,20.7241,STEP3: Safe Area Cleanup (σ=0.3550),9.0714,19.6929,5.4999,-5.1216,14.0411,9.3603,B,A,23
0,0,0,0,0,0,0,0,0,0,0,18.4697,31.7996,2031,inf,23.1853,STEP3: Safe Area Cleanup (σ=0.3550),6.0049,14.3080,12.4647,4.1617,20.2602,18.4292,A,A,22
0,0,0,0,0,0,0,0,0,1,1,13.3725,34.9141,2033,1.2000,17.6564,STEP3: Safe Area Cleanup (σ=0.3550),7.0971,16.2740,6.2755,-2.9014,12.7214,8.5236,B,A,21
0,0,0,0,0,0,0,0,0,0,0,20.1936,38.9139,2034,inf,19.2116,STEP3: Safe Area Cleanup (σ=0.3550),8.6313,18.9435,11.5622,1.2500,19.2877,14.4636,A,A,23
0,0,0,0,0,0,0,0,1,1,1,13.8680,39.9256,2035,inf,20.5091,STEP3: Safe Area Cleanup (σ=0.3550),9.0429,19.6446,4.8251,-5.7766,13.2645,8.5405,B,A,22
0,0,0,0,1,1,1,1,1,1,1,11.6590,32.3142,2038,0.0000,18.2597,STEP3: Safe Area Cleanup (σ=0.3586),6.1792,14.6260,5.4798,-2.9670,11.7062,8.3651,B,A,22
0,0,0,0,0,0,0,0,1,1,1,13.6191,39.9970,2037,1.8000,20.3561,STEP3: Safe Area Cleanup (σ=0.3586),9.0723,19.6945,4.5468,-6.0754,12.9367,8.1498,B,A,23
0,0,0,0,0,0,0,0,0,0,0,18.3579,39.9842,2036,3.6000,21.9222,STEP3: Safe Area Cleanup (σ=0.3586),9.0670,19.6855,9.2908,-1.3276,18.3236,13.9891,B,A,21
0,0,0,0,0,0,0,0,0,0,0,19.8029,33.0018,2039,0.0000,18.2128,STEP3: Safe Area Cleanup (σ=0.3586),6.4158,15.0551,13.3870,4.7477,19.7134,16.1782,A,A,22
0,0,0,0,0,0,0,0,0,0,0,21.2076,37.0268,2040,1.9000,11.2916,STEP3: Safe Area Cleanup (σ=0.3586),7.8890,17.6638,13.3186,3.5438,17.6618,11.0932,A,A,23
0,1,0,0,0,0,0,0,0,0,0,20.1372,35.2195,2043,0.0000,20.9195,STEP3: Safe Area Cleanup (σ=0.3534),7.2089,16.4720,12.9283,3.6652,20.6246,17.2667,A,A,22
0,0,0,0,0,0,0,0,0,0,0,19.5771,32.0279,2042,3.4000,13.0003,STEP3: Safe Area Cleanup (σ=0.3534),6.0819,14.4488,13.4952,5.1283,17.8937,13.1585,A,A,21
0,0,0,0,0,0,0,0,0,0,0,15.9113,31.9475,2041,3.4000,23.9094,STEP3: Safe Area Cleanup (σ=0.3534),6.0548,14.3991,9.8566,1.5122,17.9282,16.2613,A,A,23
0,0,0,0,0,0,0,0,0,0,0,22.5612,38.2265,2045,3.1000,14.3578,STEP3: Safe Area Cleanup (σ=0.3534),8.3571,18.4732,14.2041,4.0881,19.8863,13.8628,A,A,23
0,0,0,0,0,0,0,0,0,0,0,16.7242,36.6869,2044,3.2000,24.3092,STEP3: Safe Area Cleanup (σ=0.3534),7.7588,17.4371,8.9654,-0.7129,18.2393,15.4557,B,A,21
0,0,0,0,0,0,0,0,0,0,0,17.1909,31.4157,2048,3.4000,12.2752,STEP3: Safe Area Cleanup (σ=0.3532),5.8765,14.0725,11.3143,3.1184,15.3979,10.6242,A,A,21
0,0,0,0,0,0,0,0,0,0,1,11.8335,30.0126,2047,1.2000,18.0567,STEP3: Safe Area Cleanup (σ=0.3532),5.4189,13.2246,6.4147,-1.3911,12.1869,9.3920,B,A,22
0,0,0,0,0,0,0,0,0,0,0,22.8974,34.5288,2046,3.7000,18.5378,STEP3: Safe Area Cleanup (σ=0.3532),6.9571,16.0254,15.9404,6.8720,22.6419,18.7947,A,A,23
0,0,0,0,0,0,0,0,0,0,0,19.9700,32.3333,2049,3.4000,13.6817,STEP3: Safe Area Cleanup (σ=0.3532),6.1857,14.6379,13.7843,5.3322,18.4521,13.8258,A,A,21
0,0,0,0,0,0,0,0,0,0,0,24.9826,35.5407,2050,inf,24.8165,STEP3: Safe Area Cleanup (σ=0.3532),7.3276,16.6814,17.6549,8.3011,26.8588,24.5175,A,A,23
0,0,0,0,0,0,0,0,0,0,0,23.4627,30.0272,2053,inf,15.6059,STEP3: Safe Area Cleanup (σ=0.3512),5.4236,13.2333,18.0392,10.2294,23.0300,19.5512,A,A,22
0,0,0,0,0,0,0,0,0,0,0,19.9061,35.3432,2051,inf,20.5841,STEP3: Safe Area Cleanup (σ=0.3512),7.2545,16.5525,12.6516,3.3536,20.2481,16.7629,A,A,21
0,0,0,0,0,0,0,0,0,0,0,19.9958,35.8164,2054,0.0000,20.6500,STEP3: Safe Area Cleanup (σ=0.3512),7.4302,16.8620,12.5656,3.1338,20.2770,16.6856,A,A,22
0,0,0,0,0,0,0,0,0,0,0,19.1738,31.8667,2055,3.0000,21.8997,STEP3: Safe Area Cleanup (σ=0.3512),6.0275,14.3493,13.1463,4.8245,20.5231,18.3158,A,A,21
-1,-1,-1,-1,-1,-1,-1,-1,-1,-1,-1,19.88752710912092,35.42889619702406,2052,20.717879228491093,STEP3: Safe Area Cleanup (σ=0.3512) [ERROR: TIMEOUT]
0,1,0,0,0,0,0,0,0,0,0,21.9197,34.5553,2056,0.0000,15.3935,STEP3: Safe Area Cleanup (σ=0.3499),6.9667,16.0425,14.9531,5.8773,20.5217,15.7818,A,A,22
0,0,0,0,0,0,0,0,0,0,0,22.4479,31.8064,2057,inf,16.6120,STEP3: Safe Area Cleanup (σ=0.3499),6.0072,14.3122,16.4407,8.1357,22.0271,18.3594,A,A,21
0,0,0,0,0,0,0,0,0,0,0,20.6871,34.7767,2060,inf,19.8984,STEP3: Safe Area Cleanup (σ=0.3499),7.0470,16.1852,13.6401,4.5019,20.8792,17.3499,A,A,21
-1,-1,-1,-1,-1,-1,-1,-1,-1,-1,-1,15.114712233148813,35.216426264261294,2058,22.628350734491633,STEP3: Safe Area Cleanup (σ=0.3499) [ERROR: TIMEOUT]
-1,-1,-1,-1,-1,-1,-1,-1,-1,-1,-1,20.768807927548913,33.81246341618518,2059,22.703496848140226,STEP3: Safe Area Cleanup (σ=0.3499) [ERROR: TIMEOUT]
0,0,0,0,0,0,0,0,0,0,0,20.5793,33.9449,2063,inf,22.8150,STEP3: Safe Area Cleanup (σ=0.3481),6.7475,15.6516,13.8317,4.9277,21.9561,19.4656,A,A,22
0,0,0,0,0,0,0,0,0,0,0,22.2453,37.6820,2061,inf,16.3114,STEP3: Safe Area Cleanup (σ=0.3481),8.1430,18.1040,14.1023,4.1413,20.4754,15.1556,A,A,23
0,0,0,0,0,0,0,0,0,0,0,21.4593,37.0176,2064,inf,17.3929,STEP3: Safe Area Cleanup (σ=0.3481),7.8855,17.6576,13.5738,3.8017,20.2624,15.4287,A,A,22
0,0,0,0,0,0,0,0,0,0,0,22.2708,35.0491,2065,inf,20.8558,STEP3: Safe Area Cleanup (σ=0.3481),7.1464,16.3614,15.1244,5.9094,22.7644,19.4333,A,A,23
-1,-1,-1,-1,-1,-1,-1,-1,-1,-1,-1,10.017786015463184,30.773161527542086,2062,23.4462725997314,STEP3: Safe Area Cleanup (σ=0.3481) [ERROR: TIMEOUT]
0,0,0,0,0,0,0,0,0,0,0,23.3390,35.6467,2066,2.9000,10.1770,STEP3: Safe Area Cleanup (σ=0.3491),7.3670,16.7507,15.9720,6.5883,19.7564,13.2494,A,A,21
0,0,0,0,0,0,0,0,0,0,0,21.0033,33.3348,2068,inf,12.8839,STEP3: Safe Area Cleanup (σ=0.3491),6.5320,15.2647,14.4713,5.7386,18.9864,13.8683,A,A,22
0,0,0,0,0,0,0,0,0,0,0,23.6414,30.7757,2067,inf,13.3210,STEP3: Safe Area Cleanup (σ=0.3491),5.6655,13.6833,17.9759,9.9581,22.3284,18.0166,A,A,23
0,0,0,0,0,0,0,0,0,0,0,23.7619,30.6789,2070,inf,13.2795,STEP3: Safe Area Cleanup (σ=0.3491),5.6339,13.6247,18.1279,10.1372,22.4550,18.1575,A,A,22
0,0,0,0,0,0,0,0,0,0,0,20.0123,39.5956,2069,3.1000,23.0542,STEP3: Safe Area Cleanup (σ=0.3491),8.9076,19.4148,11.1047,0.5976,20.5209,16.6140,A,A,21
0,0,0,0,0,0,0,0,0,1,1,11.7543,31.7667,2072,2.5000,20.8406,STEP3: Safe Area Cleanup (σ=0.3473),5.9939,14.2878,5.7605,-2.5334,12.7612,10.2843,B,A,21
0,0,0,0,0,0,0,0,0,0,1,13.2191,33.6944,2071,2.1000,23.0306,STEP3: Safe Area Cleanup (σ=0.3473),6.6587,15.4923,6.5605,-2.2732,14.7082,12.3434,B,A,22
0,0,0,0,0,0,0,1,1,1,1,11.4946,38.3108,2073,2.0000,22.6978,STEP3: Safe Area Cleanup (σ=0.3473),8.3905,18.5306,3.1041,-7.0360,12.1046,8.4359,B,A,23
0,0,0,0,0,0,0,0,0,0,0,20.3315,33.5647,2074,4.8000,12.4693,STEP3: Safe Area Cleanup (σ=0.3473),6.6128,15.4101,13.7186,4.9214,18.1150,12.8187,A,A,21
0,0,0,0,0,0,0,0,0,0,0,20.2354,30.6544,2075,4.1000,12.7118,STEP3: Safe Area Cleanup (σ=0.3473),5.6260,13.6100,14.6094,6.6254,18.7486,14.2997,A,A,23
0,0,0,0,0,0,0,0,0,1,1,12.1634,30.0149,2076,1.0000,13.8115,STEP3: Safe Area Cleanup (σ=0.3497),5.4196,13.2260,6.7437,-1.0626,11.1592,7.1857,B,A,23
0,0,0,0,0,0,0,0,0,0,1,13.2119,33.8127,2077,1.7000,23.0092,STEP3: Safe Area Cleanup (σ=0.3497),6.7005,15.5674,6.5113,-2.3555,14.6766,12.2751,B,A,21
0,0,0,0,0,0,0,0,0,0,0,17.4120,30.5876,2080,2.3000,10.8003,STEP3: Safe Area Cleanup (σ=0.3497),5.6042,13.5697,11.8078,3.8423,15.3178,10.3552,A,A,21
0,0,0,0,0,0,0,0,0,0,0,19.2090,39.0094,2079,3.4000,21.8823,STEP3: Safe Area Cleanup (σ=0.3497),8.6698,19.0093,10.5392,0.1997,19.3580,15.2714,A,A,23
-1,-1,-1,-1,-1,-1,-1,-1,-1,-1,-1,15.2625402646972,35.98922152455763,2078,24.917089409748513,STEP3: Safe Area Cleanup (σ=0.3497) [ERROR: TIMEOUT]
0,0,0,0,0,0,0,0,0,0,0,22.6965,34.5239,2082,4.8000,11.2621,STEP3: Safe Area Cleanup (σ=0.3451),6.9553,16.0222,15.7412,6.6743,19.8121,13.9170,A,A,22
0,0,0,0,0,0,0,0,0,0,0,20.5497,35.1104,2083,2.7000,13.5755,STEP3: Safe Area Cleanup (σ=0.3451),7.1689,16.4011,13.3808,4.1486,18.3616,12.9600,A,A,23
0,0,0,0,0,0,0,0,0,0,0,19.4949,39.2135,2081,3.1000,21.8983,STEP3: Safe Area Cleanup (σ=0.3451),8.7523,19.1501,10.7426,0.3448,19.6093,15.4731,A,A,21
0,0,0,0,0,0,0,0,0,0,0,20.9159,30.8189,2084,inf,18.1643,STEP3: Safe Area Cleanup (σ=0.3451),5.6796,13.7094,15.2362,7.2065,21.1785,18.2029,A,A,22
0,0,0,0,0,0,0,0,0,0,0,20.5584,35.1921,2085,inf,23.3530,STEP3: Safe Area Cleanup (σ=0.3451),7.1989,16.4543,13.3595,4.1042,21.9453,19.2814,A,A,21
0,0,0,0,0,0,0,0,0,0,1,12.5101,33.4374,2086,4.0000,18.4270,STEP3: Safe Area Cleanup (σ=0.3452),6.5680,15.3295,5.9421,-2.8194,12.4173,8.8272,B,A,22
0,0,0,0,0,0,0,0,0,0,0,24.9697,36.8784,2088,inf,18.1706,STEP3: Safe Area Cleanup (σ=0.3452),7.8320,17.5646,17.1376,7.4050,24.1019,19.5261,A,A,21
0,0,0,0,0,0,0,0,0,0,0,22.0088,30.8324,2089,inf,23.5152,STEP3: Safe Area Cleanup (σ=0.3452),5.6841,13.7176,16.3248,8.2913,24.0205,22.5303,A,A,22
0,0,0,0,0,0,0,0,0,0,0,24.9910,30.4482,2090,inf,10.6394,STEP3: Safe Area Cleanup (σ=0.3452),5.5590,13.4857,19.4320,11.5053,22.8760,17.9061,A,A,21
-1,-1,-1,-1,-1,-1,-1,-1,-1,-1,-1,24.932939059622058,30.698327312585032,2087,22.892292201247542,STEP3: Safe Area Cleanup (σ=0.3452) [ERROR: TIMEOUT]
0,0,0,0,0,0,0,0,0,0,0,24.0001,34.7114,2093,inf,21.0972,STEP3: Safe Area Cleanup (σ=0.3445),7.0232,16.1430,16.9768,7.8571,24.6393,21.4650,A,A,23
0,0,0,0,0,0,0,0,0,0,0,21.9878,34.7211,2091,inf,15.2586,STEP3: Safe Area Cleanup (σ=0.3445),7.0267,16.1492,14.9610,5.8385,20.5043,15.6820,A,A,21
0,0,0,0,0,0,0,0,0,0,0,14.6417,32.8006,2092,4.7000,21.5524,STEP3: Safe Area Cleanup (σ=0.3445),6.3461,14.9291,8.2956,-0.2874,15.7419,13.1949,B,A,22
0,0,0,0,0,0,0,0,0,0,0,17.4661,33.3761,2095,inf,23.4726,STEP3: Safe Area Cleanup (σ=0.3445),6.5465,15.2908,10.9195,2.1753,19.1544,16.9963,A,A,21
0,0,0,0,0,0,0,1,1,1,1,13.1106,38.3901,2094,inf,20.5509,STEP3: Safe Area Cleanup (σ=0.3445),8.4220,18.5847,4.6886,-5.4741,12.8529,8.5510,B,A,23
0,0,0,0,0,0,0,0,0,0,0,18.5878,34.5872,2098,1.5000,11.0352,STEP3: Safe Area Cleanup (σ=0.3420),6.9782,16.0629,11.6096,2.5249,15.6049,9.6288,A,A,23
0,0,0,0,0,0,0,0,0,1,1,16.7029,37.8641,2096,1.2000,12.1142,STEP3: Safe Area Cleanup (σ=0.3420),8.2143,18.2271,8.4886,-1.5242,13.2422,6.6784,B,A,21
0,0,0,0,0,0,0,0,0,0,0,21.2006,34.3430,2097,inf,15.7998,STEP3: Safe Area Cleanup (σ=0.3420),6.8901,15.9061,14.3105,5.2945,19.9950,15.4263,A,A,22
0,0,0,0,0,0,0,0,0,1,1,10.0890,30.0223,2099,1.4000,21.5175,STEP3: Safe Area Cleanup (σ=0.3420),5.4220,13.2304,4.6670,-3.1414,11.5475,9.7105,B,A,23
0,0,0,0,0,0,0,0,0,0,1,13.3662,35.1370,2100,4.5000,20.5121,STEP3: Safe Area Cleanup (σ=0.3420),7.1786,16.4184,6.1876,-3.0522,13.7184,10.2672,B,A,21
0,0,0,0,0,0,0,0,1,1,1,16.6168,37.9580,2101,0.0000,11.9337,STEP3: Safe Area Cleanup (σ=0.3414),8.2512,18.2907,8.3656,-1.6739,13.0588,6.4179,B,A,21
0,0,0,0,0,0,0,0,0,0,0,14.2389,31.0589,2103,4.5000,21.2751,STEP3: Safe Area Cleanup (σ=0.3414),5.7584,13.8550,8.4805,0.3840,15.4878,13.3156,A,A,23
0,0,0,0,0,0,0,0,0,0,0,18.1335,39.8981,2102,2.3000,17.9004,STEP3: Safe Area Cleanup (σ=0.3414),9.0316,19.6254,9.1019,-1.4919,16.4633,10.9992,B,A,22
0,0,0,0,0,0,0,0,0,0,1,15.1072,33.3780,2104,1.3000,12.1664,STEP3: Safe Area Cleanup (σ=0.3414),6.5472,15.2920,8.5600,-0.1848,12.8285,7.4975,B,A,21
0,0,0,0,0,0,0,0,0,0,0,15.0722,33.3678,2105,3.0000,17.1340,STEP3: Safe Area Cleanup (σ=0.3414),6.5436,15.2855,8.5286,-0.2134,14.5383,10.6039,B,A,23
0,0,0,0,0,0,0,0,0,0,0,24.9092,30.7421,2107,inf,23.0781,STEP3: Safe Area Cleanup (σ=0.3424),5.6545,13.6629,19.2547,11.2463,26.7880,25.1994,A,A,22
0,0,0,0,0,0,0,0,0,0,0,24.7320,37.9692,2108,4.7000,15.9386,STEP3: Safe Area Cleanup (σ=0.3424),8.2556,18.2983,16.4764,6.4337,22.7462,17.2428,A,A,21
0,0,0,0,0,0,0,0,0,0,1,15.1932,36.0415,2106,inf,24.9927,STEP3: Safe Area Cleanup (σ=0.3424),7.5145,17.0099,7.6787,-1.8167,17.0639,14.6422,B,A,23
0,0,0,0,0,0,0,0,0,0,0,23.8559,35.0741,2109,inf,12.0966,STEP3: Safe Area Cleanup (σ=0.3424),7.1555,16.3776,16.7004,7.4783,21.1344,15.3254,A,A,22
0,0,0,0,0,0,0,1,1,1,1,13.6053,39.3711,2110,1.0000,16.6737,STEP3: Safe Area Cleanup (σ=0.3424),8.8162,19.2591,4.7892,-5.6537,11.5647,5.8919,B,A,21
0,0,0,0,0,0,0,1,1,1,1,10.0555,30.3827,2112,1.2000,17.2067,STEP3: Safe Area Cleanup (σ=0.3418),5.5378,13.4463,4.5177,-3.3908,10.0771,6.9495,B,A,21
0,0,0,0,0,0,0,1,1,1,1,10.1057,30.0118,2113,0.0000,17.2587,STEP3: Safe Area Cleanup (σ=0.3418),5.4186,13.2241,4.6871,-3.1184,10.2041,7.1880,B,A,23
0,0,0,0,0,0,0,0,0,0,0,22.9999,38.9527,2111,inf,24.9982,STEP3: Safe Area Cleanup (σ=0.3418),8.6470,18.9702,14.3530,4.0297,24.4144,21.2331,A,A,22
0,0,0,0,0,0,0,0,0,0,1,14.8986,35.2247,2115,inf,22.7079,STEP3: Safe Area Cleanup (σ=0.3418),7.2109,16.4754,7.6877,-1.5768,16.0432,13.1887,B,A,22
0,0,0,0,0,0,0,0,0,0,0,13.9125,30.1279,2114,3.6000,21.7486,STEP3: Safe Area Cleanup (σ=0.3418),5.4558,13.2935,8.4566,0.6189,15.4323,13.6323,A,A,23
0,0,0,0,0,0,0,0,0,0,1,11.7582,31.7936,2116,1.5000,22.9788,STEP3: Safe Area Cleanup (σ=0.3401),6.0029,14.3043,5.7553,-2.5461,13.4801,11.5929,B,A,21
0,0,0,0,0,0,0,0,0,0,0,21.9640,39.1044,2118,2.8000,18.0459,STEP3: Safe Area Cleanup (σ=0.3401),8.7081,19.0747,13.2559,2.8893,20.5445,15.3361,A,A,22
0,0,0,0,0,0,0,0,0,0,0,24.6620,31.8430,2119,inf,13.0195,STEP3: Safe Area Cleanup (σ=0.3401),6.0195,14.3347,18.6425,10.3273,23.0252,18.3448,A,A,21
0,0,0,0,0,0,0,0,0,0,0,21.9749,36.1345,2120,inf,20.4733,STEP3: Safe Area Cleanup (σ=0.3401),7.5495,17.0712,14.4255,4.9037,22.1312,18.4058,A,A,22
-1,-1,-1,-1,-1,-1,-1,-1,-1,-1,-1,15.529762813743027,32.15408669974576,2117,18.957497266536965,STEP3: Safe Area Cleanup (σ=0.3401) [ERROR: TIMEOUT]
0,0,0,0,0,0,0,0,1,1,1,10.0207,30.8378,2122,1.3000,23.0662,STEP3: Safe Area Cleanup (σ=0.3377),5.6858,13.7209,4.3349,-3.7001,11.8848,10.2683,B,A,22
0,0,0,0,0,0,0,0,0,1,1,10.0050,30.6296,2121,1.2000,23.1960,STEP3: Safe Area Cleanup (σ=0.3377),5.6179,13.5950,4.3872,-3.5899,11.9348,10.4079,B,A,21
0,0,0,0,0,0,0,0,0,0,0,18.2067,30.5903,2123,4.1000,20.2187,STEP3: Safe Area Cleanup (σ=0.3377),5.6051,13.5713,12.6016,4.6354,19.1731,16.8284,A,A,23
0,0,0,0,0,0,0,0,0,0,0,24.9252,30.1599,2125,inf,21.4401,STEP3: Safe Area Cleanup (σ=0.3377),5.4661,13.3127,19.4591,11.6125,26.3421,24.4482,A,A,22
0,0,0,0,0,0,0,0,0,0,0,24.6908,33.5693,2124,inf,19.5218,STEP3: Safe Area Cleanup (σ=0.3377),6.6144,15.4129,18.0764,9.2779,24.9601,21.6427,A,A,21
0,0,0,0,0,0,0,0,0,0,0,20.9556,35.3233,2128,4.2000,10.8203,STEP3: Safe Area Cleanup (σ=0.3356),7.2472,16.5396,13.7084,4.4160,17.6996,11.4626,A,A,22
0,0,0,0,0,0,0,0,0,0,0,19.4999,36.4280,2126,inf,16.3186,STEP3: Safe Area Cleanup (σ=0.3356),7.6603,17.2652,11.8395,2.2346,18.0259,13.0455,A,A,23
0,0,0,0,0,0,0,0,0,1,1,13.0672,34.3947,2127,1.3000,16.6575,STEP3: Safe Area Cleanup (σ=0.3356),6.9087,15.9393,6.1586,-2.8720,12.1597,7.8186,B,A,21
0,0,0,0,0,0,0,0,0,0,0,20.6147,32.7822,2129,3.8000,21.0888,STEP3: Safe Area Cleanup (σ=0.3356),6.3398,14.9176,14.2749,5.6971,21.5575,18.8855,A,A,22
0,0,0,0,0,0,0,0,1,1,1,16.6902,38.3478,2130,0.5000,13.9100,STEP3: Safe Area Cleanup (σ=0.3356),8.4052,18.5558,8.2850,-1.8656,13.8056,7.6214,B,A,23
0,0,0,0,0,0,0,0,0,0,1,21.0857,35.3344,2133,1.7000,10.7947,STEP3: Safe Area Cleanup (σ=0.3360),7.2513,16.5468,13.8344,4.5389,17.8173,11.5701,A,A,22
0,0,0,0,0,0,0,0,0,0,0,15.7125,30.0563,2132,1.6000,11.2625,STEP3: Safe Area Cleanup (σ=0.3360),5.4329,13.2507,10.2797,2.4618,13.8845,9.1926,A,A,21
0,0,0,0,0,0,0,0,0,1,1,13.7379,30.1057,2131,0.8000,11.8983,STEP3: Safe Area Cleanup (σ=0.3360),5.4487,13.2802,8.2892,0.4577,12.1030,7.5744,A,A,23
0,0,0,0,0,0,0,0,0,0,0,17.0721,36.1043,2134,inf,19.0731,STEP3: Safe Area Cleanup (σ=0.3360),7.5381,17.0513,9.5339,0.0207,16.7073,12.5935,A,A,21
0,0,0,0,0,0,0,0,0,0,0,20.4364,38.1204,2135,3.9000,21.9238,STEP3: Safe Area Cleanup (σ=0.3360),8.3152,18.4010,12.1212,2.0354,20.7762,16.9373,A,A,22
0,0,0,0,0,0,0,0,0,0,0,24.9959,32.4600,2137,inf,15.3469,STEP3: Safe Area Cleanup (σ=0.3357),6.2290,14.7166,18.7669,10.2793,24.0208,19.8265,A,A,21
0,0,0,0,0,0,0,0,0,0,0,22.0315,30.0517,2136,inf,19.2091,STEP3: Safe Area Cleanup (σ=0.3357),5.4314,13.2480,16.6001,8.7835,22.7477,20.2625,A,A,23
0,0,0,0,0,0,0,0,0,0,0,17.5773,34.0946,2138,2.7000,16.2613,STEP3: Safe Area Cleanup (σ=0.3357),6.8010,15.7471,10.7763,1.8302,16.5895,12.2168,A,A,22
0,0,0,0,0,0,0,0,0,0,0,20.2856,37.1978,2139,3.7000,23.6914,STEP3: Safe Area Cleanup (σ=0.3357),7.9549,17.7782,12.3307,2.5074,21.4810,18.3883,A,A,21
0,0,0,0,0,0,0,0,0,0,0,20.2652,37.1239,2140,inf,23.6313,STEP3: Safe Area Cleanup (σ=0.3357),7.9264,17.7287,12.3388,2.5365,21.4497,18.3593,A,A,23
0,0,0,0,0,0,0,0,0,0,0,16.8236,33.1594,2141,3.1000,15.4657,STEP3: Safe Area Cleanup (σ=0.3334),6.4707,15.1542,10.3529,1.6694,15.7477,11.4006,A,A,21
0,0,0,0,0,0,0,0,0,1,1,11.5668,31.1082,2143,1.4000,17.8930,STEP3: Safe Area Cleanup (σ=0.3334),5.7747,13.8850,5.7921,-2.3182,11.6936,8.5667,B,A,22
0,0,0,0,0,0,0,0,0,0,1,14.9028,36.4041,2142,inf,22.8509,STEP3: Safe Area Cleanup (σ=0.3334),7.6513,17.2494,7.2515,-2.3466,15.9092,12.7863,B,A,23
0,0,0,0,0,0,0,0,0,0,0,17.7560,37.5446,2144,2.8000,24.3839,STEP3: Safe Area Cleanup (σ=0.3334),8.0894,18.0113,9.6666,-0.2552,19.1627,16.1759,B,A,22
0,0,0,0,0,0,0,0,0,0,1,15.1157,38.0035,2145,1.8000,22.0618,STEP3: Safe Area Cleanup (σ=0.3334),8.2691,18.3216,6.8466,-3.2059,15.5321,11.7635,B,A,23
1,0,1,1,1,1,1,1,1,1,1,10.0254,37.1228,2146,0.0000,11.6519,STEP3: Safe Area Cleanup (σ=0.3331),7.9260,17.7280,2.0994,-7.7026,6.5916,0.0991,B,A,21
0,0,0,0,0,0,0,0,1,1,1,10.9840,31.3351,2147,1.1000,18.2921,STEP3: Safe Area Cleanup (σ=0.3331),5.8497,14.0232,5.1342,-3.0393,11.2058,8.1306,B,A,22
0,0,0,0,0,0,0,0,1,1,1,13.1339,36.7678,2148,inf,24.9898,STEP3: Safe Area Cleanup (σ=0.3331),7.7897,17.4909,5.3442,-4.3570,14.8964,12.2847,B,A,23
0,0,0,0,0,0,0,0,0,1,1,19.1485,37.5608,2150,0.0000,10.3660,STEP3: Safe Area Cleanup (σ=0.3331),8.0957,18.0222,11.0528,1.1263,15.0913,8.1131,A,A,22
0,0,0,0,0,0,0,0,0,0,0,20.6312,31.4714,2149,4.8000,24.0725,STEP3: Safe Area Cleanup (σ=0.3331),5.8951,14.1066,14.7362,6.5247,22.7568,21.2578,A,A,21
0,0,0,0,0,0,0,0,0,0,1,13.6338,30.2750,2152,1.5000,14.6237,STEP3: Safe Area Cleanup (σ=0.3313),5.5031,13.3816,8.1308,0.2522,12.8411,9.0243,A,A,23
0,0,0,0,0,0,0,0,0,0,0,22.0388,39.1385,2153,inf,19.6264,STEP3: Safe Area Cleanup (σ=0.3313),8.7219,19.0983,13.3169,2.9405,21.2500,16.4843,A,A,22
0,0,0,0,0,0,0,0,0,1,1,13.4873,38.1633,2151,4.0000,23.8414,STEP3: Safe Area Cleanup (σ=0.3313),8.3321,18.4302,5.1552,-4.9428,14.5767,11.2729,B,A,21
0,0,0,0,0,0,0,0,0,1,1,14.0121,36.1447,2154,3.7000,19.4921,STEP3: Safe Area Cleanup (σ=0.3313),7.5533,17.0779,6.4588,-3.0659,13.7970,9.7911,B,A,23
0,0,0,0,0,0,0,0,0,0,0,18.8292,33.1915,2155,3.3000,21.8367,STEP3: Safe Area Cleanup (σ=0.3313),6.4819,15.1744,12.3473,3.6548,19.9709,17.4019,A,A,22
0,0,0,0,0,0,0,1,1,1,1,14.7694,36.6361,2157,0.0000,13.6171,STEP3: Safe Area Cleanup (σ=0.3299),7.7394,17.4033,7.0300,-2.6339,12.2184,6.4161,B,A,23
0,0,0,0,0,0,0,0,0,1,1,10.0569,30.1880,2156,1.4000,19.2677,STEP3: Safe Area Cleanup (σ=0.3299),5.4751,13.3295,4.5818,-3.2726,10.7724,8.2681,B,A,21
0,0,0,0,0,0,0,0,0,0,0,24.8676,37.6858,2158,4.9000,20.4409,STEP3: Safe Area Cleanup (σ=0.3299),8.1445,18.1066,16.7231,6.7610,24.7104,20.5646,A,A,22
0,0,0,0,0,0,0,0,0,0,0,18.0586,36.7063,2159,2.3000,17.7427,STEP3: Safe Area Cleanup (σ=0.3299),7.7662,17.4500,10.2924,0.6086,17.0643,12.4131,A,A,23
0,0,0,0,0,0,0,0,0,0,0,15.0887,32.0586,2160,3.1000,18.9233,STEP3: Safe Area Cleanup (σ=0.3299),6.0923,14.4677,8.9964,0.6210,15.4043,12.3157,A,A,21
0,0,0,0,0,0,0,0,0,0,1,16.9327,38.5127,2162,inf,19.0761,STEP3: Safe Area Cleanup (σ=0.3301),8.4708,18.6684,8.4619,-1.7357,16.0620,11.3067,B,A,22
0,0,0,0,0,0,0,0,0,0,0,18.7963,36.2829,2163,1.9000,13.2695,STEP3: Safe Area Cleanup (σ=0.3301),7.6054,17.1692,11.1909,1.6271,16.2035,10.3983,A,A,23
0,0,0,0,0,0,0,0,0,0,0,17.8935,37.3905,2161,4.5000,15.0081,STEP3: Safe Area Cleanup (σ=0.3301),8.0295,17.9076,9.8640,-0.0141,15.6873,10.0756,B,A,21
0,0,0,0,0,0,0,0,0,0,0,14.7150,34.6621,2164,inf,23.8878,STEP3: Safe Area Cleanup (σ=0.3301),7.0053,16.1112,7.7097,-1.3962,16.3747,13.9997,B,A,22
1,0,0,1,1,1,1,1,1,1,1,12.7682,36.4340,2165,0.0000,14.7357,STEP3: Safe Area Cleanup (σ=0.3301),7.6626,17.2692,5.1056,-4.5010,10.6927,5.2621,B,A,23
0,0,0,0,0,0,0,0,0,0,0,18.2935,33.0507,2166,1.0000,10.0695,STEP3: Safe Area Cleanup (σ=0.3292),6.4328,15.0859,11.8607,3.2077,15.3630,9.5324,A,A,22
0,0,0,0,0,0,0,0,0,0,0,17.7107,37.3446,2167,inf,14.8263,STEP3: Safe Area Cleanup (σ=0.3292),8.0117,17.8767,9.6990,-0.1660,15.4455,9.7945,B,A,21
0,0,0,0,0,0,0,0,0,0,0,19.3065,30.0233,2168,4.6000,16.7131,STEP3: Safe Area Cleanup (σ=0.3292),5.4223,13.2310,13.8841,6.0755,19.2285,16.0580,A,A,23
0,1,0,0,0,1,1,1,1,1,1,16.6782,38.6468,2169,0.0000,19.1811,STEP3: Safe Area Cleanup (σ=0.3292),8.5243,18.7602,8.1539,-2.0820,15.8196,11.0584,B,A,22
0,0,0,0,0,0,0,0,0,0,0,15.1316,35.2854,2170,inf,19.1976,STEP3: Safe Area Cleanup (σ=0.3292),7.2332,16.5149,7.8984,-1.3833,14.9730,11.1116,B,A,21
0,0,0,0,0,0,0,0,0,0,0,18.8060,33.1803,2171,1.9000,10.0073,STEP3: Safe Area Cleanup (σ=0.3284),6.4780,15.1673,12.3280,3.6386,15.8207,9.9375,A,A,21
0,0,0,0,0,0,0,0,0,0,0,23.6803,30.9008,2173,3.5000,10.0936,STEP3: Safe Area Cleanup (σ=0.3284),5.7065,13.7590,17.9739,9.9213,21.2836,16.0403,A,A,23
0,0,0,0,0,0,0,0,0,1,1,15.0245,36.7434,2172,2.1000,15.2831,STEP3: Safe Area Cleanup (σ=0.3284),7.7804,17.4747,7.2442,-2.4502,13.0826,7.7238,B,A,22
0,0,0,0,0,0,0,0,0,0,0,23.5682,30.8032,2174,4.1000,10.1726,STEP3: Safe Area Cleanup (σ=0.3284),5.6745,13.6999,17.8937,9.8683,21.2201,16.0250,A,A,21
0,0,0,0,0,0,0,0,0,0,0,16.8501,39.0989,2175,2.3000,21.8208,STEP3: Safe Area Cleanup (σ=0.3284),8.7059,19.0709,8.1442,-2.2208,16.9563,12.8284,B,A,23
0,0,0,0,0,0,0,0,0,0,0,24.9976,37.9233,2176,3.3000,11.2379,STEP3: Safe Area Cleanup (σ=0.3295),8.2376,18.2672,16.7600,6.7304,21.1760,14.3464,A,A,22
0,0,0,0,0,0,0,0,0,0,0,23.6472,32.5955,2177,inf,19.9544,STEP3: Safe Area Cleanup (σ=0.3295),6.2755,14.8010,17.3718,8.8463,24.2281,21.2873,A,A,21
0,0,0,0,0,0,0,0,0,0,0,21.2004,38.1265,2178,inf,18.8536,STEP3: Safe Area Cleanup (σ=0.3295),8.3176,18.4052,12.8828,2.7953,20.3268,15.6115,A,A,23
0,0,0,0,0,0,0,0,0,0,0,23.7909,30.6727,2179,4.1000,10.0367,STEP3: Safe Area Cleanup (σ=0.3295),5.6319,13.6210,18.1589,10.1699,21.4288,16.2310,A,A,22
0,0,0,0,0,0,0,1,1,1,1,11.1380,39.0063,2180,inf,24.9672,STEP3: Safe Area Cleanup (σ=0.3295),8.6686,19.0072,2.4694,-7.8692,12.5307,9.3265,B,A,21
0,0,0,0,0,0,0,0,0,0,0,24.6532,33.7425,2182,3.4000,11.1493,STEP3: Safe Area Cleanup (σ=0.3258),6.6757,15.5228,17.9775,9.1303,21.9268,16.2118,A,A,23
0,0,0,0,0,0,0,0,0,0,0,23.2821,31.8558,2181,4.2000,12.1393,STEP3: Safe Area Cleanup (σ=0.3258),6.0238,14.3426,17.2582,8.9395,21.3461,16.4166,A,A,22
0,0,0,0,0,0,0,0,0,1,1,17.5884,39.2129,2183,1.1000,13.1646,STEP3: Safe Area Cleanup (σ=0.3258),8.7520,19.1497,8.8364,-1.5613,14.1666,7.5333,B,A,21
0,0,0,0,1,1,1,1,1,1,1,15.7745,32.1998,2184,0.0000,15.4450,STEP3: Safe Area Cleanup (σ=0.3258),6.1402,14.5551,9.6342,1.2194,14.8845,10.7867,A,A,23
0,0,0,0,0,0,0,0,0,0,0,21.7907,37.4406,2185,inf,24.7980,STEP3: Safe Area Cleanup (σ=0.3258),8.0490,17.9413,13.7418,3.8494,23.3752,20.5334,A,A,22
0,1,0,0,0,1,1,1,1,1,1,13.3763,38.3412,2186,0.0000,17.1886,STEP3: Safe Area Cleanup (σ=0.3245),8.4026,18.5513,4.9737,-5.1750,11.7945,6.5469,B,A,23
0,0,0,0,0,0,0,0,0,0,0,22.1418,38.1863,2187,inf,12.4480,STEP3: Safe Area Cleanup (σ=0.3245),8.3412,18.4458,13.8006,3.6960,18.7223,12.1654,A,A,21
0,0,0,0,0,0,0,0,0,0,0,23.1221,33.7084,2188,inf,15.1273,STEP3: Safe Area Cleanup (σ=0.3245),6.6636,15.5012,16.4585,7.6209,21.8121,17.2237,A,A,22
0,1,0,0,0,0,0,0,0,0,0,16.9052,36.9724,2189,0.0000,19.6718,STEP3: Safe Area Cleanup (σ=0.3245),7.8681,17.6274,9.0371,-0.7221,16.5939,12.4192,B,A,23
0,0,0,0,0,0,0,0,0,0,0,21.6429,31.1048,2190,inf,15.9350,STEP3: Safe Area Cleanup (σ=0.3245),5.7736,13.8829,15.8693,7.7600,21.1246,17.4533,A,A,21
0,1,0,0,0,0,0,0,0,0,0,20.6610,39.9916,2191,0.0000,11.9622,STEP3: Safe Area Cleanup (σ=0.3273),9.0701,19.6907,11.5909,0.9703,16.5206,9.3290,A,A,23
0,0,0,0,0,0,0,0,0,0,0,18.1339,38.8790,2192,inf,24.9449,STEP3: Safe Area Cleanup (σ=0.3273),8.6173,18.9195,9.5166,-0.7856,19.5395,16.3624,B,A,21
0,0,0,0,0,0,0,1,1,1,1,11.0484,37.1307,2193,1.9000,22.8722,STEP3: Safe Area Cleanup (σ=0.3273),7.9290,17.7333,3.1194,-6.6848,11.9391,8.6313,B,A,22
0,1,0,0,0,0,0,0,0,0,0,19.3231,35.1385,2194,0.0000,23.2630,STEP3: Safe Area Cleanup (σ=0.3273),7.1792,16.4194,12.1439,2.9037,20.6850,18.0098,A,A,23
0,0,0,0,0,0,0,1,1,1,1,13.2414,38.3712,2195,1.2000,17.3274,STEP3: Safe Area Cleanup (σ=0.3273),8.4145,18.5718,4.8269,-5.3303,11.7076,6.4915,B,A,21
0,1,0,0,0,0,0,0,0,0,0,17.1703,38.5162,2198,0.0000,24.9191,STEP3: Safe Area Cleanup (σ=0.3227),8.4722,18.6708,8.6981,-1.5006,18.6269,15.5376,B,A,23
0,0,0,0,0,0,0,0,0,1,1,15.7170,35.4863,2196,1.2000,15.1252,STEP3: Safe Area Cleanup (σ=0.3227),7.3075,16.6459,8.4095,-0.9289,14.0115,8.9463,B,A,22
0,0,0,0,0,0,0,0,0,0,0,19.2885,35.2019,2197,inf,23.6689,STEP3: Safe Area Cleanup (σ=0.3227),7.2025,16.4606,12.0860,2.8279,20.7901,18.2128,A,A,21
0,1,0,0,0,0,0,0,0,0,0,18.8523,36.4540,2199,0.0000,23.2689,STEP3: Safe Area Cleanup (σ=0.3227),7.6702,17.2824,11.1821,1.5699,20.0089,16.9913,A,A,23
0,0,0,0,0,0,0,0,0,0,1,16.0435,35.4427,2200,3.4000,15.0978,STEP3: Safe Area Cleanup (σ=0.3227),7.2913,16.6174,8.7522,-0.5739,14.3379,9.2767,B,A,21
0,1,0,0,0,0,0,0,0,0,0,17.0083,36.9808,2202,0.0000,19.7233,STEP3: Safe Area Cleanup (σ=0.3240),7.8713,17.6330,9.1370,-0.6247,16.7150,12.5527,B,A,23
1,0,1,1,1,1,1,1,1,1,1,10.1297,34.5028,2201,0.0000,10.1000,STEP3: Safe Area Cleanup (σ=0.3240),6.9477,16.0087,3.1821,-5.8789,6.8308,0.6142,B,A,21
0,1,0,0,0,0,0,0,0,0,0,17.0356,36.9874,2204,0.0000,19.3598,STEP3: Safe Area Cleanup (σ=0.3240),7.8738,17.6374,9.1618,-0.6017,16.6014,12.3340,B,A,23
0,0,0,0,0,0,0,0,0,0,1,14.7351,39.5094,2203,2.1000,22.3946,STEP3: Safe Area Cleanup (σ=0.3240),8.8725,19.3549,5.8626,-4.6198,14.9916,10.9187,B,A,22
0,0,0,0,0,0,0,0,0,0,0,16.1523,34.4888,2205,3.7000,14.8821,STEP3: Safe Area Cleanup (σ=0.3240),6.9426,15.9997,9.2097,0.1527,14.5842,9.7181,A,A,22
0,0,0,0,0,0,0,1,1,1,1,10.0472,32.3340,2206,1.3000,19.1880,STEP3: Safe Area Cleanup (σ=0.3239),6.1859,14.6383,3.8612,-4.5911,10.4077,7.3210,B,A,22
0,0,0,0,0,0,0,0,0,0,1,14.5694,37.3799,2209,2.5000,20.0583,STEP3: Safe Area Cleanup (σ=0.3239),8.0254,17.9005,6.5440,-3.3310,14.3249,10.1516,B,A,22
-1,-1,-1,-1,-1,-1,-1,-1,-1,-1,-1,16.916894870237908,36.94910048549781,2207,19.77495207806664,STEP3: Safe Area Cleanup (σ=0.3239) [ERROR: TIMEOUT]
-1,-1,-1,-1,-1,-1,-1,-1,-1,-1,-1,17.98374127509371,37.6188842855232,2208,17.236116846611793,STEP3: Safe Area Cleanup (σ=0.3239) [ERROR: TIMEOUT]
0,0,0,0,0,0,0,0,0,0,0,24.5007,39.8830,2210,inf,20.7084,STEP3: Safe Area Cleanup (σ=0.3239),9.0254,19.6148,15.4753,4.8859,23.9886,19.3332,A,A,22
0,0,0,0,0,0,0,1,1,1,1,10.0284,32.3870,2211,0.0000,19.1444,STEP3: Safe Area Cleanup (σ=0.3239),6.2040,14.6712,3.8244,-4.6429,10.3653,7.2525,B,A,22
1,0,1,1,1,1,1,1,1,1,1,16.1136,39.9801,2212,0.0000,10.5376,STEP3: Safe Area Cleanup (σ=0.3239),9.0654,19.6827,7.0483,-3.5690,11.3898,3.7930,B,A,21
0,0,0,0,0,0,0,0,0,0,0,22.4830,34.0242,2213,4.2000,20.2830,STEP3: Safe Area Cleanup (σ=0.3239),6.7758,15.7021,15.7072,6.7809,22.9448,19.7218,A,A,23
0,0,0,0,0,0,0,0,0,0,0,18.7930,36.3384,2215,3.8000,23.2157,STEP3: Safe Area Cleanup (σ=0.3239),7.6264,17.2059,11.1666,1.5871,19.9483,16.9460,A,A,21
0,0,0,0,0,0,0,0,0,0,0,21.2291,30.0453,2214,inf,15.3612,STEP3: Safe Area Cleanup (σ=0.3239),5.4293,13.2441,15.7997,7.9850,20.7150,17.1635,A,A,22
0,0,0,0,0,0,0,0,0,0,1,13.2155,32.0495,2216,inf,24.9676,STEP3: Safe Area Cleanup (σ=0.3208),6.0892,14.4621,7.1262,-1.2466,15.5787,14.1812,B,A,23
0,0,0,0,0,0,0,0,0,0,0,18.8625,36.3163,2217,inf,23.3981,STEP3: Safe Area Cleanup (σ=0.3208),7.6180,17.1913,11.2444,1.6712,20.0904,17.1455,A,A,22
0,0,0,0,0,0,0,0,0,0,0,23.3954,36.8258,2218,inf,16.8365,STEP3: Safe Area Cleanup (σ=0.3208),7.8119,17.5296,15.5835,5.8658,22.0282,17.0879,A,A,21
0,0,0,0,0,0,0,0,0,0,0,21.2700,30.1274,2219,4.1000,12.9727,STEP3: Safe Area Cleanup (σ=0.3208),5.4557,13.2932,15.8143,7.9768,19.9752,15.7390,A,A,23
0,0,0,0,0,0,0,0,0,0,0,24.7108,39.9062,2220,2.8000,14.1000,STEP3: Safe Area Cleanup (σ=0.3208),9.0349,19.6310,15.6758,5.0797,21.4754,14.9200,A,A,22
0,0,0,0,0,0,0,0,0,0,0,24.9783,39.4914,2222,2.7000,10.1380,STEP3: Safe Area Cleanup (σ=0.3229),8.8651,19.3424,16.1132,5.6359,20.2442,12.6683,A,A,21
0,0,0,0,0,0,0,0,0,0,0,24.9681,30.8987,2221,inf,16.2714,STEP3: Safe Area Cleanup (σ=0.3229),5.7058,13.7577,19.2623,11.2104,24.5974,21.0741,A,A,23
0,0,0,0,0,0,0,0,0,0,0,17.0310,36.9728,2223,2.6000,19.9764,STEP3: Safe Area Cleanup (σ=0.3229),7.8682,17.6276,9.1628,-0.5966,16.8366,12.7483,B,A,22
0,0,0,0,0,0,0,0,0,0,0,23.1879,33.5016,2224,inf,24.1002,STEP3: Safe Area Cleanup (σ=0.3229),6.5906,15.3701,16.5973,7.8178,25.0804,23.0659,A,A,21
0,0,0,0,0,0,0,0,0,0,0,19.3291,39.9986,2225,inf,20.6656,STEP3: Safe Area Cleanup (σ=0.3229),9.0730,19.6956,10.2561,-0.3664,18.7739,14.0753,B,A,23
0,0,0,0,0,0,0,0,0,0,0,24.8898,31.5211,2227,inf,20.1977,STEP3: Safe Area Cleanup (σ=0.3185),5.9117,14.1370,18.9781,10.7528,25.7170,23.1246,A,A,21
0,0,0,0,0,0,0,0,0,0,0,17.7104,31.5650,2228,2.8000,24.9542,STEP3: Safe Area Cleanup (σ=0.3185),5.9263,14.1639,11.7841,3.5465,20.1201,18.8430,A,A,23
0,0,0,0,0,0,0,0,0,0,0,24.9517,31.6092,2229,inf,20.4617,STEP3: Safe Area Cleanup (σ=0.3185),5.9411,14.1910,19.0106,10.7607,25.8543,23.3125,A,A,23
0,0,0,0,0,0,0,0,0,0,0,20.2414,33.7993,2230,inf,20.6417,STEP3: Safe Area Cleanup (σ=0.3185),6.6958,15.5589,13.5456,4.6825,20.8682,17.8050,A,A,21
-1,-1,-1,-1,-1,-1,-1,-1,-1,-1,-1,23.86765333650753,34.553192635027806,2226,15.624437340771083,STEP3: Safe Area Cleanup (σ=0.3185) [ERROR: TIMEOUT]
0,0,0,0,0,0,0,0,0,0,0,20.8433,39.9045,2231,1.9000,11.9006,STEP3: Safe Area Cleanup (σ=0.3207),9.0343,19.6299,11.8090,1.2134,16.7037,9.5185,A,A,23
0,0,0,0,0,0,0,0,0,0,0,22.2060,32.6986,2233,inf,15.6011,STEP3: Safe Area Cleanup (σ=0.3207),6.3109,14.8653,15.8950,7.3407,21.2704,17.0839,A,A,22
0,0,0,0,0,0,0,0,0,0,0,21.7358,36.4439,2232,inf,23.6507,STEP3: Safe Area Cleanup (σ=0.3207),7.6663,17.2757,14.0694,4.4601,23.0388,20.1321,A,A,21
0,0,0,0,0,0,0,0,1,1,1,10.8035,32.1744,2235,1.8000,23.9022,STEP3: Safe Area Cleanup (σ=0.3207),6.1316,14.5394,4.6719,-3.7359,12.7914,11.0640,B,A,22
0,0,0,0,0,0,0,0,0,0,0,23.7265,35.3833,2234,inf,18.8999,STEP3: Safe Area Cleanup (σ=0.3207),7.2693,16.5786,16.4572,7.1479,23.4392,19.4678,A,A,23
0,0,0,0,0,0,0,0,0,0,0,20.6087,31.6997,2236,3.6000,18.0188,STEP3: Safe Area Cleanup (σ=0.3173),5.9714,14.2466,14.6373,6.3621,20.6790,17.4320,A,A,21
0,0,0,0,0,0,0,0,0,0,0,23.0405,39.9486,2238,inf,20.3571,STEP3: Safe Area Cleanup (σ=0.3173),9.0524,19.6607,13.9880,3.3798,22.3693,17.5956,A,A,22
0,0,0,0,0,0,0,0,0,0,0,22.9079,37.4136,2237,inf,20.7291,STEP3: Safe Area Cleanup (σ=0.3173),8.0385,17.9231,14.8694,4.9848,22.9170,18.9255,A,A,23
0,0,0,0,0,0,0,0,0,1,1,13.9213,30.7120,2239,1.5000,13.0876,STEP3: Safe Area Cleanup (σ=0.3173),5.6447,13.6448,8.2766,0.2765,12.5451,8.1854,A,A,23
0,0,0,0,0,0,0,0,0,0,0,17.5325,35.9919,2240,inf,20.2635,STEP3: Safe Area Cleanup (σ=0.3173),7.4959,16.9773,10.0366,0.5552,17.6366,13.8895,A,A,22
0,0,0,0,0,0,0,0,0,0,1,14.4862,33.6150,2241,inf,20.4920,STEP3: Safe Area Cleanup (σ=0.3151),6.6306,15.4419,7.8557,-0.9557,15.0902,12.0332,B,A,22
1,0,0,1,1,1,1,1,1,1,1,12.4587,39.0494,2243,0.0000,17.6061,STEP3: Safe Area Cleanup (σ=0.3151),8.6859,19.0368,3.7728,-6.5781,10.8748,5.5555,B,A,23
0,0,0,0,0,0,0,1,1,1,1,11.7218,31.8458,2245,0.8000,15.8494,STEP3: Safe Area Cleanup (σ=0.3151),6.0205,14.3364,5.7013,-2.6147,11.0370,7.1460,B,A,23
0,0,0,0,0,0,0,0,0,0,0,24.8673,35.4867,2244,inf,21.8949,STEP3: Safe Area Cleanup (σ=0.3151),7.3076,16.6461,17.5597,8.2211,25.6691,22.5164,A,A,22
-1,-1,-1,-1,-1,-1,-1,-1,-1,-1,-1,17.59978167975963,30.007378864347967,2242,10.18284480079829,STEP3: Safe Area Cleanup (σ=0.3151) [ERROR: TIMEOUT]
0,0,0,0,0,0,0,0,0,0,0,14.6105,31.6757,2248,3.4000,20.2462,STEP3: Safe Area Cleanup (σ=0.3143),5.9633,14.2318,8.6472,0.3787,15.4312,12.8121,A,A,22
0,0,0,0,0,0,0,0,1,1,1,10.0150,30.8061,2246,1.8000,20.7426,STEP3: Safe Area Cleanup (σ=0.3143),5.6755,13.7017,4.3396,-3.6866,11.1229,8.8680,B,A,23
0,0,0,0,0,0,0,0,0,0,0,19.0671,30.6645,2247,inf,23.4105,STEP3: Safe Area Cleanup (σ=0.3143),5.6292,13.6160,13.4379,5.4511,21.0630,19.5867,A,A,21
0,0,0,0,0,0,0,0,0,0,0,18.7305,30.7355,2249,inf,23.4008,STEP3: Safe Area Cleanup (σ=0.3143),5.6524,13.6590,13.0781,5.0716,20.7154,19.2182,A,A,22
0,0,0,0,0,0,0,0,0,0,0,22.7547,34.9327,2250,2.8000,10.0603,STEP3: Safe Area Cleanup (σ=0.3143),7.1038,16.2860,15.6509,6.4687,19.3253,12.9804,A,A,23
0,0,0,0,0,0,0,0,0,0,0,18.6036,30.8451,2251,inf,23.3690,STEP3: Safe Area Cleanup (σ=0.3144),5.6882,13.7253,12.9154,4.8783,20.5660,19.0318,A,A,22
0,0,0,0,0,0,0,0,0,0,0,14.9661,31.8899,2252,3.7000,20.2660,STEP3: Safe Area Cleanup (σ=0.3144),6.0353,14.3636,8.9307,0.6024,15.7616,13.0922,A,A,21
0,0,0,0,0,0,0,0,0,0,1,13.1689,37.3707,2253,2.1000,21.9298,STEP3: Safe Area Cleanup (σ=0.3144),8.0218,17.8942,5.1471,-4.7253,13.6522,10.0133,B,A,23
0,0,0,0,0,0,0,0,0,0,1,13.3782,33.1099,2254,2.3000,19.9042,STEP3: Safe Area Cleanup (σ=0.3144),6.4534,15.1231,6.9247,-1.7449,13.8586,10.7690,B,A,21
0,0,0,0,0,0,0,0,0,0,0,18.4092,35.1680,2255,2.9000,19.8870,STEP3: Safe Area Cleanup (σ=0.3144),7.1900,16.4385,11.2191,1.9706,18.5261,14.8904,A,A,23
0,0,0,0,0,0,0,0,0,0,0,17.5801,30.0043,2256,1.9000,10.1264,STEP3: Safe Area Cleanup (σ=0.3151),5.4162,13.2196,12.1638,4.3604,15.4002,10.4068,A,A,22
0,0,0,0,0,0,0,0,0,0,0,20.4002,30.1632,2258,4.8000,19.9438,STEP3: Safe Area Cleanup (σ=0.3151),5.4671,13.3146,14.9331,7.0856,21.3364,19.0262,A,A,23
0,0,0,0,0,0,0,0,0,0,0,16.5681,31.8680,2257,inf,22.6477,STEP3: Safe Area Cleanup (σ=0.3151),6.0279,14.3501,10.5402,2.2180,18.1693,16.1705,A,A,21
0,0,0,0,0,0,0,0,0,0,0,15.0875,31.9884,2259,2.9000,17.2060,STEP3: Safe Area Cleanup (σ=0.3151),6.0686,14.4243,9.0190,0.6632,14.8341,11.2843,A,A,22
0,0,0,0,0,0,0,0,0,0,0,20.4111,38.1243,2260,inf,23.8743,STEP3: Safe Area Cleanup (σ=0.3151),8.3167,18.4036,12.0944,2.0075,21.5202,18.2361,A,A,23
0,0,0,0,0,0,0,0,0,0,0,23.8761,34.6610,2263,inf,15.6329,STEP3: Safe Area Cleanup (σ=0.3131),7.0049,16.1105,16.8712,7.7656,22.5417,17.8410,A,A,22
0,0,0,0,0,0,0,0,0,0,0,16.5982,31.7390,2261,4.9000,22.6770,STEP3: Safe Area Cleanup (σ=0.3131),5.9846,14.2708,10.6136,2.3275,18.2255,16.2682,A,A,21
0,0,0,0,0,0,0,0,0,0,0,19.8187,35.2149,2264,1.8000,11.3237,STEP3: Safe Area Cleanup (σ=0.3131),7.2073,16.4691,12.6114,3.3496,16.7769,10.7115,A,A,22
0,0,0,0,0,0,0,0,0,0,0,22.9422,34.0240,2265,3.5000,13.6366,STEP3: Safe Area Cleanup (σ=0.3131),6.7758,15.7020,16.1664,7.2401,21.0324,15.9405,A,A,21
-1,-1,-1,-1,-1,-1,-1,-1,-1,-1,-1,10.052970287140866,35.053989007892554,2262,15.639064606278563,STEP3: Safe Area Cleanup (σ=0.3131) [ERROR: TIMEOUT]
0,0,0,0,0,0,0,0,0,0,0,18.9852,32.5494,2266,2.2000,11.1963,STEP3: Safe Area Cleanup (σ=0.3118),6.2596,14.7722,12.7256,4.2129,16.5678,11.1883,A,A,21
0,0,0,0,0,0,0,0,0,0,0,19.1305,32.5769,2267,2.4000,11.5524,STEP3: Safe Area Cleanup (σ=0.3118),6.2691,14.7894,12.8614,4.3410,16.8288,11.5415,A,A,22
0,0,0,0,0,0,0,0,0,0,1,17.9695,37.5680,2268,2.6000,17.2279,STEP3: Safe Area Cleanup (σ=0.3118),8.0985,18.0271,9.8710,-0.0576,16.5839,11.5555,B,A,23
0,0,0,0,0,0,0,0,0,0,0,17.8255,34.2300,2270,2.2000,12.8284,STEP3: Safe Area Cleanup (σ=0.3118),6.8495,15.8337,10.9760,1.9918,15.5780,10.2034,A,A,22
0,0,0,0,0,0,0,0,0,0,0,13.8660,30.0144,2269,3.4000,24.5573,STEP3: Safe Area Cleanup (σ=0.3118),5.4195,13.2257,8.4465,0.6403,16.2972,15.3059,A,A,21
0,0,0,0,0,0,0,0,0,0,0,22.3161,30.0136,2271,inf,22.0435,STEP3: Safe Area Cleanup (σ=0.3117),5.4192,13.2252,16.8969,9.0909,23.9438,22.2551,A,A,21
0,0,0,0,0,0,0,0,0,0,0,20.5595,38.4960,2272,inf,16.8302,STEP3: Safe Area Cleanup (σ=0.3117),8.4641,18.6570,12.0954,1.9025,18.7981,13.4066,A,A,22
0,0,0,0,0,0,0,0,0,0,0,23.3218,37.9059,2273,inf,22.3408,STEP3: Safe Area Cleanup (σ=0.3117),8.2307,18.2554,15.0911,5.0664,23.8663,20.2030,A,A,23
0,0,0,0,0,0,0,0,0,0,0,24.9976,30.7310,2275,inf,14.7569,STEP3: Safe Area Cleanup (σ=0.3117),5.6509,13.6562,19.3467,11.3414,24.1623,20.2619,A,A,23
1,0,0,1,1,1,1,1,1,1,1,10.0233,37.0312,2274,0.0000,16.8935,STEP3: Safe Area Cleanup (σ=0.3117),7.8907,17.6667,2.1326,-7.6434,8.6313,3.6520,B,A,22
0,0,0,0,0,0,0,0,0,0,0,24.8777,38.4863,2277,inf,17.5685,STEP3: Safe Area Cleanup (σ=0.3079),8.4602,18.6503,16.4175,6.2274,23.4126,18.2344,A,A,22
0,0,0,0,0,0,0,0,0,0,0,16.7166,33.4842,2278,inf,18.9906,STEP3: Safe Area Cleanup (σ=0.3079),6.5845,15.3591,10.1321,1.3575,16.8136,13.3694,A,A,21
0,0,0,0,0,0,0,1,1,1,1,10.0438,33.0362,2276,0.0000,17.8057,STEP3: Safe Area Cleanup (σ=0.3079),6.4278,15.0768,3.6160,-5.0329,9.8067,6.1483,B,A,23
0,0,0,0,0,0,0,0,0,0,1,19.2839,36.2309,2280,1.7000,10.9838,STEP3: Safe Area Cleanup (σ=0.3079),7.5858,17.1349,11.6981,2.1490,15.8420,9.4036,A,A,21
0,0,0,0,0,0,0,0,0,0,0,15.0355,30.3484,2279,2.1000,15.6865,STEP3: Safe Area Cleanup (σ=0.3079),5.5268,13.4257,9.5087,1.6098,14.5721,11.0311,A,A,22
0,0,0,0,0,0,0,0,0,0,0,16.4153,33.8498,2283,2.9000,21.9361,STEP3: Safe Area Cleanup (σ=0.3103),6.7137,15.5911,9.7015,0.8242,17.4936,14.7809,A,A,23
0,0,0,0,0,0,0,0,0,0,0,23.8002,31.9808,2282,4.7000,23.6981,STEP3: Safe Area Cleanup (σ=0.3103),6.0660,14.4196,17.7342,9.3806,25.7419,24.0074,A,A,21
0,0,0,0,0,0,0,0,0,0,0,15.9004,31.9075,2285,1.1000,10.3801,STEP3: Safe Area Cleanup (σ=0.3103),6.0413,14.3744,9.8591,1.5259,13.3596,7.9250,A,A,21
0,0,0,0,0,0,0,1,1,1,1,14.9776,39.1589,2284,1.1000,15.1967,STEP3: Safe Area Cleanup (σ=0.3103),8.7302,19.1124,6.2474,-4.1348,12.3929,6.3552,B,A,23
-1,-1,-1,-1,-1,-1,-1,-1,-1,-1,-1,21.182348549285734,39.95502433233389,2281,20.173981098853115,STEP3: Safe Area Cleanup (σ=0.3103) [ERROR: TIMEOUT]
0,0,0,0,0,0,0,0,0,0,0,17.8862,32.0423,2286,2.1000,14.4369,STEP3: Safe Area Cleanup (σ=0.3074),6.0868,14.4577,11.7994,3.4285,16.6859,12.3482,A,A,23
0,0,0,0,0,0,0,0,0,0,0,24.1155,39.3076,2287,inf,15.2607,STEP3: Safe Area Cleanup (σ=0.3074),8.7904,19.2151,15.3250,4.9003,21.5174,15.4577,A,A,21
1,0,0,1,1,1,1,1,1,1,1,12.5920,36.2079,2289,0.1000,16.1528,STEP3: Safe Area Cleanup (σ=0.3074),7.5771,17.1196,5.0149,-4.5277,11.1054,6.1371,B,A,23
0,0,0,0,0,0,0,0,0,1,1,12.3612,33.1876,2290,1.4000,21.1630,STEP3: Safe Area Cleanup (σ=0.3074),6.4805,15.1719,5.8806,-2.8108,13.2683,10.5113,B,A,21
-1,-1,-1,-1,-1,-1,-1,-1,-1,-1,-1,11.495823141634553,36.094740453002395,2288,20.93804722367325,STEP3: Safe Area Cleanup (σ=0.3074) [ERROR: TIMEOUT]
0,0,0,0,0,0,0,0,1,1,1,14.1499,35.3290,2293,inf,15.3465,STEP3: Safe Area Cleanup (σ=0.3071),7.2493,16.5433,6.9007,-2.3933,12.5622,7.6018,B,A,23
0,0,0,0,0,0,0,0,0,0,0,22.3388,39.1686,2292,inf,15.9659,STEP3: Safe Area Cleanup (σ=0.3071),8.7341,19.1191,13.6047,3.2197,20.0626,14.2423,A,A,22
0,0,0,0,0,0,0,1,1,1,1,10.1407,36.0896,2291,1.4000,23.7493,STEP3: Safe Area Cleanup (σ=0.3071),7.5326,17.0416,2.6081,-6.9010,11.5369,8.7508,B,A,21
1,0,1,1,1,1,1,1,1,1,1,15.2713,39.9942,2294,0.0000,12.4324,STEP3: Safe Area Cleanup (σ=0.3071),9.0712,19.6925,6.2001,-4.4212,11.3239,4.2664,B,A,22
0,0,0,0,0,0,0,0,0,0,0,24.0790,38.1772,2295,inf,13.8338,STEP3: Safe Area Cleanup (σ=0.3071),8.3376,18.4396,15.7414,5.6394,21.2099,15.0504,A,A,21
0,0,0,0,0,0,0,0,0,0,0,21.1275,38.2879,2298,3.0000,14.0282,STEP3: Safe Area Cleanup (σ=0.3073),8.3814,18.5150,12.7460,2.6125,18.3057,12.1715,A,A,22
0,0,0,0,0,0,0,0,0,0,0,20.9852,38.2934,2297,2.9000,13.9340,STEP3: Safe Area Cleanup (σ=0.3073),8.3836,18.5187,12.6016,2.4664,18.1247,11.9621,A,A,21
0,0,0,0,0,0,1,1,1,1,1,11.4387,36.0712,2296,0.6000,20.8499,STEP3: Safe Area Cleanup (σ=0.3073),7.5257,17.0295,3.9130,-5.5908,11.7483,8.1462,B,A,23
0,0,0,0,0,0,0,0,0,0,0,19.1982,30.7631,2299,2.5000,13.3879,STEP3: Safe Area Cleanup (σ=0.3073),5.6614,13.6756,13.5368,5.5226,17.9096,13.6199,A,A,22
0,0,0,0,0,0,0,0,0,0,0,17.4092,31.5179,2300,inf,18.4863,STEP3: Safe Area Cleanup (σ=0.3073),5.9106,14.1351,11.4986,3.2742,17.6660,14.5971,A,A,21
0,0,0,0,0,0,0,0,0,0,0,21.9199,30.6718,2302,3.4000,11.1020,STEP3: Safe Area Cleanup (σ=0.3079),5.6316,13.6205,16.2883,8.2994,19.9051,15.0038,A,A,22
0,0,0,0,0,0,0,0,0,0,0,16.8969,32.5260,2303,1.8000,19.7457,STEP3: Safe Area Cleanup (σ=0.3079),6.2516,14.7577,10.6453,2.1392,17.4171,14.4361,A,A,23
0,1,0,0,0,1,1,1,1,1,1,23.5919,38.3404,2305,0.0000,19.1034,STEP3: Safe Area Cleanup (σ=0.3079),8.4022,18.5507,15.1897,5.0412,22.7701,18.0688,A,A,23
0,0,0,0,0,0,0,0,0,0,0,22.1233,31.0461,2304,3.9000,11.1676,STEP3: Safe Area Cleanup (σ=0.3079),5.7542,13.8472,16.3691,8.2761,20.0460,15.0627,A,A,22
-1,-1,-1,-1,-1,-1,-1,-1,-1,-1,-1,24.96476630182404,35.78087311294329,2301,10.03619816172606,STEP3: Safe Area Cleanup (σ=0.3079) [ERROR: TIMEOUT]
0,0,0,0,0,0,0,0,1,1,1,15.0333,30.0968,2306,0.0000,10.0231,STEP3: Safe Area Cleanup (σ=0.3063),5.4458,13.2749,9.5875,1.7584,12.7994,7.7526,A,A,22
0,0,0,0,0,0,0,0,0,0,0,18.0242,35.2062,2308,2.1000,16.4728,STEP3: Safe Area Cleanup (σ=0.3063),7.2041,16.4634,10.8202,1.5609,16.8785,12.2689,A,A,23
0,0,0,0,0,0,0,0,0,0,0,16.8515,32.6433,2307,inf,20.0923,STEP3: Safe Area Cleanup (σ=0.3063),6.2919,14.8308,10.5596,2.0207,17.4722,14.5575,A,A,21
0,0,0,0,0,0,0,0,0,0,0,22.8573,35.6668,2309,4.3000,16.7905,STEP3: Safe Area Cleanup (σ=0.3063),7.3745,16.7639,15.4829,6.0934,21.7297,17.0868,A,A,22
0,0,0,0,0,0,0,0,0,0,0,21.9966,31.2649,2310,3.5000,11.1294,STEP3: Safe Area Cleanup (σ=0.3063),5.8265,13.9804,16.1701,8.0162,19.8570,14.8043,A,A,23
0,0,0,0,0,0,0,0,0,0,0,24.9350,39.9993,2312,4.2000,24.9593,STEP3: Safe Area Cleanup (σ=0.3065),9.0733,19.6960,15.8617,5.2390,26.1494,22.6815,A,A,21
0,0,0,0,0,0,0,0,0,0,0,23.6629,38.4405,2313,inf,19.3575,STEP3: Safe Area Cleanup (σ=0.3065),8.4420,18.6191,15.2209,5.0439,22.9201,18.2644,A,A,23
0,0,0,0,0,0,0,0,0,0,0,18.4951,37.7074,2315,3.6000,12.6470,STEP3: Safe Area Cleanup (σ=0.3065),8.1529,18.1211,10.3422,0.3740,15.2866,8.9172,A,A,23
1,0,1,1,1,1,1,1,1,1,1,10.0428,35.0871,2314,0.0000,15.2997,STEP3: Safe Area Cleanup (σ=0.3065),7.1603,16.3861,2.8824,-6.3433,8.4925,3.5837,B,A,21
-1,-1,-1,-1,-1,-1,-1,-1,-1,-1,-1,15.305017680127492,38.864666598389476,2311,23.998061048641496,STEP3: Safe Area Cleanup (σ=0.3065) [ERROR: TIMEOUT]
0,0,0,0,0,0,0,0,0,0,0,23.4912,38.4125,2317,4.9000,19.6546,STEP3: Safe Area Cleanup (σ=0.3089),8.4309,18.5999,15.0604,4.8913,22.8727,18.3092,A,A,21
0,0,0,0,0,0,1,1,1,1,1,12.1992,39.9747,2316,0.0000,19.5841,STEP3: Safe Area Cleanup (σ=0.3089),9.0631,19.6789,3.1360,-7.4797,11.2037,6.2015,B,A,22
0,0,0,0,0,0,0,0,1,1,1,13.8836,37.3336,2318,0.8000,17.8880,STEP3: Safe Area Cleanup (σ=0.3089),8.0075,17.8694,5.8762,-3.9857,12.8076,8.0298,B,A,23
0,1,0,0,0,1,1,1,1,1,1,17.7306,39.9839,2319,0.0000,23.6307,STEP3: Safe Area Cleanup (σ=0.3089),9.0669,19.6853,8.6637,-1.9547,18.4004,14.5557,B,A,22
0,0,0,0,0,0,0,0,0,1,1,12.5758,34.3282,2320,1.5000,22.1460,STEP3: Safe Area Cleanup (σ=0.3089),6.8847,15.8966,5.6911,-3.3207,13.6558,10.8773,B,A,21
0,0,0,0,0,0,0,0,0,0,0,21.8948,33.6926,2321,2.8000,10.1458,STEP3: Safe Area Cleanup (σ=0.3046),6.6580,15.4912,15.2368,6.4037,18.8260,12.8426,A,A,21
0,0,0,0,0,0,0,1,1,1,1,13.8541,37.2103,2323,1.3000,17.7466,STEP3: Safe Area Cleanup (σ=0.3046),7.9597,17.7866,5.8944,-3.9325,12.7507,7.9657,B,A,22
0,0,0,0,0,0,0,1,1,1,1,12.2101,39.8674,2322,inf,19.4229,STEP3: Safe Area Cleanup (σ=0.3046),9.0190,19.6040,3.1911,-7.3939,11.1731,6.1535,B,A,23
0,0,0,0,0,0,0,0,0,0,0,19.7565,34.4579,2324,3.2000,17.5813,STEP3: Safe Area Cleanup (σ=0.3046),6.9315,15.9798,12.8250,3.7767,19.1692,15.0714,A,A,21
0,0,0,0,0,0,0,0,1,1,1,13.2462,36.8375,2325,3.5000,19.5080,STEP3: Safe Area Cleanup (σ=0.3046),7.8163,17.5373,5.4298,-4.2912,12.8993,8.7139,B,A,22
0,0,0,0,0,0,0,0,0,0,1,13.0827,30.0932,2326,2.2000,23.4084,STEP3: Safe Area Cleanup (σ=0.3043),5.4447,13.2728,7.6380,-0.1901,15.1385,13.8081,B,A,22
0,0,0,0,0,0,0,0,0,0,0,20.4998,33.6851,2327,2.9000,14.3235,STEP3: Safe Area Cleanup (σ=0.3043),6.6554,15.4864,13.8444,5.0134,18.9105,14.1026,A,A,21
0,0,0,0,0,0,0,0,0,1,1,10.1294,33.6810,2328,3.2000,24.8593,STEP3: Safe Area Cleanup (σ=0.3043),6.6539,15.4838,3.4755,-5.3544,12.2671,10.4194,B,A,23
0,0,0,0,0,0,0,0,0,0,1,14.5264,31.1395,2329,1.3000,11.7277,STEP3: Safe Area Cleanup (σ=0.3043),5.7850,13.9040,8.7413,0.6223,12.6128,7.7604,A,A,22
0,0,0,0,0,0,0,0,1,1,1,12.4754,33.1447,2330,0.0000,15.4279,STEP3: Safe Area Cleanup (σ=0.3043),6.4656,15.1449,6.0098,-2.6696,11.3893,7.0356,B,A,21
0,0,0,0,0,0,0,0,0,1,1,14.3404,31.1566,2331,1.0000,11.8229,STEP3: Safe Area Cleanup (σ=0.3021),5.7906,13.9144,8.5497,0.4260,12.4545,7.6240,A,A,22
0,0,0,0,0,0,0,0,0,0,0,20.4659,35.8231,2333,3.3000,16.4567,STEP3: Safe Area Cleanup (σ=0.3021),7.4327,16.8663,13.0332,3.5996,19.1797,14.4005,A,A,23
0,0,0,0,0,0,0,0,0,0,0,13.0704,30.2785,2334,3.1000,23.4897,STEP3: Safe Area Cleanup (σ=0.3021),5.5042,13.3837,7.5662,-0.3133,15.1331,13.7778,B,A,22
0,0,0,0,0,0,0,0,0,0,0,21.2863,39.8475,2335,inf,20.1708,STEP3: Safe Area Cleanup (σ=0.3021),9.0108,19.5901,12.2755,1.6962,20.5611,15.7612,A,A,23
-1,-1,-1,-1,-1,-1,-1,-1,-1,-1,-1,11.433293163078703,36.721069381145405,2332,24.09663665931012,STEP3: Safe Area Cleanup (σ=0.3021) [ERROR: TIMEOUT]
-1,-1,-1,-1,-1,-1,-1,-1,-1,-1,-1,15.3537,31.6633,2337,inf,24.9544,STEP3: Safe Area Cleanup (σ=0.3050),5.9592,14.2242,9.3945,1.1295,17.7533,16.4511,A,A,23
-1,-1,-1,-1,-1,-1,-1,-1,-1,-1,-1,15.3027,38.7850,2339,inf,24.0529,STEP3: Safe Area Cleanup (σ=0.3050),8.5796,18.8550,6.7231,-3.5523,16.3667,12.9595,B,A,23
0,0,0,0,0,0,0,0,0,0,0,21.3386,39.9944,2336,inf,20.0133,STEP3: Safe Area Cleanup (σ=0.3050),9.0713,19.6926,12.2673,1.6460,20.5155,15.6310,A,A,21
0,0,0,0,0,0,0,1,1,1,1,11.7499,38.3757,2338,1.0000,24.9044,STEP3: Safe Area Cleanup (σ=0.3050),8.4163,18.5748,3.3336,-6.8250,13.2241,10.1676,B,A,22
-1,-1,-1,-1,-1,-1,-1,-1,-1,-1,-1,18.4514,38.1826,2340,inf,18.8988,STEP3: Safe Area Cleanup (σ=0.3050),8.3397,18.4433,10.1116,0.0081,17.5833,12.8659,A,A,23
-1,-1,-1,-1,-1,-1,-1,-1,-1,-1,-1,12.0582,35.1015,2343,inf,17.2945,STEP3: Safe Area Cleanup (σ=0.3014),7.1656,16.3954,4.8926,-4.3372,11.2364,6.8866,B,A,23
0,0,0,0,0,0,0,0,1,1,1,11.6601,36.9003,2342,1.3000,24.2375,STEP3: Safe Area Cleanup (σ=0.3014),7.8404,17.5793,3.8197,-5.9191,13.1141,10.2544,B,A,21
-1,-1,-1,-1,-1,-1,-1,-1,-1,-1,-1,24.1101,36.9327,2344,inf,11.0633,STEP3: Safe Area Cleanup (σ=0.3014),7.8528,17.6009,16.2572,6.5092,20.5030,13.8953,A,A,23
0,0,0,0,0,0,0,0,0,0,0,18.4917,34.8930,2345,1.1000,10.0028,STEP3: Safe Area Cleanup (σ=0.3014),7.0893,16.2603,11.4024,2.2314,15.0522,8.7019,A,A,21
-1,-1,-1,-1,-1,-1,-1,-1,-1,-1,-1,14.029685222905524,34.19054571701149,2341,15.601814951984482,STEP3: Safe Area Cleanup (σ=0.3014) [ERROR: TIMEOUT]
-1,-1,-1,-1,-1,-1,-1,-1,-1,-1,-1,10.7285,36.4806,2347,inf,24.9855,STEP3: Safe Area Cleanup (σ=0.2998),7.6803,17.3001,3.0482,-6.5716,12.5323,9.9943,B,A,23
-1,-1,-1,-1,-1,-1,-1,-1,-1,-1,-1,18.8742,38.1059,2349,inf,18.5531,STEP3: Safe Area Cleanup (σ=0.2998),8.3095,18.3911,10.5647,0.4831,17.8866,13.0912,A,A,23
0,0,0,0,0,0,0,1,1,1,1,13.0115,39.2688,2346,1.2000,22.3267,STEP3: Safe Area Cleanup (σ=0.2998),8.7747,19.1883,4.2369,-6.1767,13.2884,9.2600,B,A,21
-1,-1,-1,-1,-1,-1,-1,-1,-1,-1,-1,21.8313,32.3210,2350,inf,19.6536,STEP3: Safe Area Cleanup (σ=0.2998),6.1815,14.6303,15.6498,7.2010,22.3527,19.3996,A,A,23
-1,-1,-1,-1,-1,-1,-1,-1,-1,-1,-1,24.988589623364682,39.734218630422276,2348,18.65047589702413,STEP3: Safe Area Cleanup (σ=0.2998) [ERROR: TIMEOUT]
0,0,0,0,0,0,0,0,0,0,1,15.0842,38.8501,2352,2.2000,23.8942,STEP3: Safe Area Cleanup (σ=0.3023),8.6057,18.8997,6.4785,-3.8155,16.0728,12.6032,B,A,21
0,0,0,0,0,0,0,0,0,0,1,15.6894,38.8701,2353,2.3000,23.9188,STEP3: Safe Area Cleanup (σ=0.3023),8.6137,18.9134,7.0756,-3.2240,16.6842,13.2164,B,A,23
0,0,0,0,0,0,0,0,0,0,0,18.5371,38.1737,2351,inf,18.6040,STEP3: Safe Area Cleanup (σ=0.3023),8.3362,18.4372,10.2008,0.0999,17.5544,12.7553,A,A,22
0,0,0,0,0,0,0,0,0,0,0,20.9427,31.7719,2354,4.2000,12.6560,STEP3: Safe Area Cleanup (σ=0.3023),5.9956,14.2910,14.9471,6.6518,19.1991,14.4363,A,A,21
0,0,0,0,0,0,0,0,0,0,0,13.9625,30.9072,2355,3.5000,19.5258,STEP3: Safe Area Cleanup (σ=0.3023),5.7086,13.7629,8.2539,0.1996,14.6576,12.0378,A,A,23
0,1,0,0,0,1,1,1,1,1,1,11.6942,39.9911,2357,0.0000,13.4106,STEP3: Safe Area Cleanup (σ=0.3034),9.0699,19.6903,2.6243,-7.9962,8.1508,1.3746,B,A,23
0,0,0,0,0,0,0,0,0,0,0,24.9999,32.5571,2356,inf,24.5515,STEP3: Safe Area Cleanup (σ=0.3034),6.2623,14.7771,18.7376,10.2229,27.1647,25.5204,A,A,22
0,0,0,0,0,0,0,0,0,0,0,18.6932,31.8009,2358,2.8000,17.9956,STEP3: Safe Area Cleanup (σ=0.3034),6.0054,14.3088,12.6878,4.3844,18.7386,15.4586,A,A,21
0,0,0,0,0,0,0,0,0,0,0,21.9950,32.0954,2359,inf,19.8687,STEP3: Safe Area Cleanup (σ=0.3034),6.1048,14.4905,15.8902,7.5045,22.6250,19.7910,A,A,23
0,0,0,0,0,0,0,0,0,0,0,14.6626,31.7212,2360,1.8000,13.8650,STEP3: Safe Area Cleanup (σ=0.3034),5.9786,14.2598,8.6840,0.4028,13.3357,8.9239,A,A,22
0,0,0,0,0,0,0,0,0,0,0,20.8530,36.5565,2361,inf,24.9439,STEP3: Safe Area Cleanup (σ=0.2997),7.7091,17.3505,13.1439,3.5026,22.6298,20.0601,A,A,23
0,0,0,0,0,0,0,1,1,1,1,12.0089,34.9791,2362,0.0000,17.3928,STEP3: Safe Area Cleanup (σ=0.2997),7.1208,16.3161,4.8881,-4.3071,11.2483,6.9589,B,A,21
0,0,0,0,0,0,0,1,1,1,1,12.1801,35.0348,2363,0.0000,17.1984,STEP3: Safe Area Cleanup (σ=0.2997),7.1412,16.3521,5.0389,-4.1720,11.3369,6.9777,B,A,22
0,0,0,0,0,0,0,0,0,0,0,23.5990,33.0810,2364,inf,11.0085,STEP3: Safe Area Cleanup (σ=0.2997),6.4434,15.1049,17.1556,8.4941,20.9877,15.4121,A,A,23
0,0,0,0,0,0,0,0,0,0,0,18.9437,31.2609,2365,3.0000,14.3879,STEP3: Safe Area Cleanup (σ=0.2997),5.8252,13.9780,13.1186,4.9657,17.8843,13.7407,A,A,21
0,0,0,0,0,0,0,0,0,0,0,23.6379,30.0173,2367,inf,24.1815,STEP3: Safe Area Cleanup (σ=0.2964),5.4204,13.2274,18.2175,10.4105,25.9487,24.8524,A,A,22
0,0,0,0,0,0,0,0,0,0,1,16.5807,37.7902,2368,4.5000,16.1592,STEP3: Safe Area Cleanup (σ=0.2964),8.1853,18.1771,8.3954,-1.5964,14.7252,9.3329,B,A,23
0,0,0,0,0,0,0,0,0,0,0,22.4195,39.9468,2366,inf,22.0929,STEP3: Safe Area Cleanup (σ=0.2964),9.0517,19.6594,13.3678,2.7601,22.4633,18.1876,A,A,21
0,0,0,0,0,0,0,0,0,0,0,20.3004,39.9348,2370,inf,16.0567,STEP3: Safe Area Cleanup (σ=0.2964),9.0467,19.6510,11.2537,0.6494,17.8623,11.8599,A,A,23
0,0,0,0,0,0,0,0,0,0,0,23.9550,34.1856,2369,inf,22.4186,STEP3: Safe Area Cleanup (σ=0.2964),6.8335,15.8053,17.1214,8.1497,25.1546,22.4900,A,A,22
0,0,0,0,0,0,0,0,0,0,0,24.2611,31.7251,2373,inf,18.4393,STEP3: Safe Area Cleanup (σ=0.2942),5.9799,14.2622,18.2812,9.9990,24.4682,21.3320,A,A,23
0,0,0,0,0,0,0,0,1,1,1,11.3587,34.6028,2372,1.9000,20.0278,STEP3: Safe Area Cleanup (σ=0.2942),6.9839,16.0730,4.3749,-4.7143,11.6288,8.1817,B,A,21
0,0,0,0,0,0,0,0,0,0,0,24.2695,33.8853,2371,3.6000,14.4028,STEP3: Safe Area Cleanup (σ=0.2942),6.7263,15.6136,17.5432,8.6559,22.6640,17.8247,A,A,22
0,0,0,0,0,0,0,0,0,0,0,22.6668,39.2958,2374,3.0000,14.1847,STEP3: Safe Area Cleanup (σ=0.2942),8.7856,19.2069,13.8812,3.4598,19.6354,13.2711,A,A,23
0,0,0,0,0,0,0,0,0,0,0,23.6612,37.8531,2375,inf,16.9250,STEP3: Safe Area Cleanup (σ=0.2942),8.2100,18.2197,15.4512,5.4415,22.0908,16.8996,A,A,21
0,0,0,0,0,0,0,0,0,0,0,20.5077,31.4679,2378,3.5000,20.7635,STEP3: Safe Area Cleanup (σ=0.2932),5.8939,14.1045,14.6138,6.4032,21.5312,19.1104,A,A,21
0,0,0,0,0,0,0,0,0,1,1,10.6977,36.5158,2377,inf,24.9508,STEP3: Safe Area Cleanup (σ=0.2932),7.6937,17.3234,3.0041,-6.6257,12.4831,9.9261,B,A,23
0,0,0,0,0,0,0,0,0,0,0,16.7913,38.4289,2376,inf,24.8972,STEP3: Safe Area Cleanup (σ=0.2932),8.4374,18.6111,8.3539,-1.8198,18.2538,15.1813,B,A,22
0,1,0,0,0,1,1,1,1,1,1,19.2708,38.5395,2380,0.0000,14.5153,STEP3: Safe Area Cleanup (σ=0.2932),8.4815,18.6868,10.7894,0.5841,16.5760,10.5122,A,A,23
0,0,0,0,0,0,0,0,0,0,0,20.3216,30.0062,2379,3.3000,10.7186,STEP3: Safe Area Cleanup (σ=0.2932),5.4169,13.2208,14.9048,7.1008,18.3306,13.5011,A,A,21
0,0,0,0,0,0,0,0,0,0,0,23.5836,37.0834,2382,3.5000,11.1850,STEP3: Safe Area Cleanup (σ=0.2925),7.9108,17.7016,15.6729,5.8820,19.9810,13.3666,A,A,23
0,0,0,0,0,0,0,0,0,1,1,14.8248,33.5877,2381,1.2000,13.5130,STEP3: Safe Area Cleanup (σ=0.2925),6.6209,15.4246,8.2039,-0.5998,12.9711,7.9616,B,A,21
0,0,0,0,0,0,0,0,0,0,0,18.3855,30.0044,2383,3.9000,22.5810,STEP3: Safe Area Cleanup (σ=0.2925),5.4163,13.2197,12.9692,5.1658,20.1860,18.6488,A,A,22
0,0,0,0,0,0,0,0,0,0,0,24.3305,39.2335,2385,inf,19.1322,STEP3: Safe Area Cleanup (σ=0.2925),8.7604,19.1639,15.5702,5.1666,23.3204,18.3878,A,A,21
0,0,0,0,0,0,0,0,0,0,0,17.9742,32.3375,2384,inf,24.0776,STEP3: Safe Area Cleanup (σ=0.2925),6.1871,14.6405,11.7871,3.3337,20.0025,18.2822,A,A,23
0,0,0,0,0,0,0,0,0,0,0,17.4766,30.0184,2386,2.3000,13.1650,STEP3: Safe Area Cleanup (σ=0.2917),5.4207,13.2280,12.0559,4.2486,16.2651,12.1113,A,A,23
0,0,0,0,0,0,0,0,0,0,0,19.1758,38.5330,2388,3.3000,14.4168,STEP3: Safe Area Cleanup (σ=0.2917),8.4789,18.6823,10.6969,0.4935,16.4434,10.3533,A,A,22
0,0,0,0,0,0,0,0,0,0,0,15.3610,31.7204,2387,inf,24.9197,STEP3: Safe Area Cleanup (σ=0.2917),5.9783,14.2593,9.3827,1.1017,17.7430,16.4165,A,A,21
0,0,0,0,0,0,0,0,0,0,0,15.9171,39.6284,2389,3.7000,16.8019,STEP3: Safe Area Cleanup (σ=0.2917),8.9210,19.4376,6.9960,-3.5205,13.8637,8.1579,B,A,23
0,0,0,0,0,0,0,0,0,0,0,21.3256,34.1004,2390,inf,17.3044,STEP3: Safe Area Cleanup (σ=0.2917),6.8031,15.7508,14.5225,5.5748,20.7095,16.6287,A,A,22
0,0,0,0,0,0,0,0,0,0,0,23.5359,36.4363,2392,4.7000,13.6084,STEP3: Safe Area Cleanup (σ=0.2885),7.6635,17.2707,15.8724,6.2651,21.0324,15.2817,A,A,22
0,0,0,0,0,0,0,0,0,0,1,14.1985,36.6268,2391,inf,24.9961,STEP3: Safe Area Cleanup (σ=0.2885),7.7359,17.3971,6.4626,-3.1987,15.9846,13.4114,B,A,23
0,0,0,0,0,0,0,0,0,0,0,23.6418,39.0830,2393,4.5000,21.2347,STEP3: Safe Area Cleanup (σ=0.2885),8.6995,19.0600,14.9423,4.5818,23.5146,19.2234,A,A,21
0,0,0,0,0,0,0,0,0,1,1,15.6794,32.9960,2394,0.0000,10.8458,STEP3: Safe Area Cleanup (σ=0.2885),6.4138,15.0515,9.2656,0.6279,13.0324,7.4341,A,A,22
0,0,0,0,0,0,0,0,0,0,0,23.2824,35.1836,2395,3.8000,13.2195,STEP3: Safe Area Cleanup (σ=0.2885),7.1958,16.4487,16.0866,6.8337,20.9457,15.4240,A,A,23
0,0,0,0,0,0,0,0,0,0,0,24.9408,36.0287,2396,3.4000,10.1906,STEP3: Safe Area Cleanup (σ=0.2921),7.5097,17.0015,17.4311,7.9393,21.2567,14.6490,A,A,22
0,0,0,0,0,0,0,0,0,0,0,21.7260,33.5239,2398,inf,22.8355,STEP3: Safe Area Cleanup (σ=0.2921),6.5984,15.3842,15.1275,6.3418,23.1701,20.7949,A,A,23
0,0,0,0,0,0,0,1,1,1,1,11.8383,36.7644,2397,0.3000,17.9754,STEP3: Safe Area Cleanup (σ=0.2921),7.7884,17.4887,4.0499,-5.6504,10.9203,6.3196,B,A,21
0,0,0,0,0,0,0,0,0,0,1,14.4469,34.2346,2399,2.1000,15.7412,STEP3: Safe Area Cleanup (σ=0.2921),6.8511,15.8366,7.5958,-1.3897,13.2435,8.6871,B,A,22
0,0,0,0,0,0,0,0,0,0,0,23.8577,32.6302,2400,inf,13.5535,STEP3: Safe Area Cleanup (σ=0.2921),6.2874,14.8226,17.5703,9.0351,22.2316,17.4901,A,A,23
0,0,0,0,0,0,0,0,0,0,0,15.8697,34.3593,2401,inf,24.9744,STEP3: Safe Area Cleanup (σ=0.2883),6.8959,15.9165,8.9738,-0.0468,17.9630,15.9725,B,A,21
0,0,0,0,0,0,0,0,0,0,0,19.7598,34.9175,2403,inf,24.9843,STEP3: Safe Area Cleanup (σ=0.2883),7.0983,16.2761,12.6615,3.4836,21.7834,19.6512,A,A,22
0,0,0,0,0,0,0,0,0,0,0,13.4794,32.8401,2402,inf,24.9734,STEP3: Safe Area Cleanup (σ=0.2883),6.3598,14.9538,7.1196,-1.4745,15.7569,14.1579,B,A,23
0,0,0,0,0,0,1,1,1,1,1,11.9284,36.9299,2405,0.0000,17.6978,STEP3: Safe Area Cleanup (σ=0.2883),7.8518,17.5990,4.0766,-5.6706,10.8680,6.1443,B,A,22
0,0,0,0,0,0,0,0,0,0,0,16.9521,35.8976,2404,3.0000,23.8267,STEP3: Safe Area Cleanup (σ=0.2883),7.4606,16.9152,9.4916,0.0369,18.4072,15.6931,A,A,21
0,0,0,0,0,0,0,0,0,0,0,24.9586,34.3519,2407,4.6000,16.4020,STEP3: Safe Area Cleanup (σ=0.2882),6.8932,15.9118,18.0653,9.0468,23.9679,19.5662,A,A,22
1,0,1,1,1,1,1,1,1,1,1,11.8519,39.9616,2406,0.0000,13.4227,STEP3: Safe Area Cleanup (σ=0.2882),9.0577,19.6697,2.7941,-7.8178,8.3220,1.5573,B,A,23
0,0,0,0,0,0,0,0,0,1,1,14.0442,38.3247,2408,inf,22.6661,STEP3: Safe Area Cleanup (σ=0.2882),8.3960,18.5400,5.6481,-4.4959,14.6390,10.9577,B,A,21
0,0,0,0,0,0,0,0,0,0,0,24.9666,34.3770,2409,inf,13.0286,STEP3: Safe Area Cleanup (σ=0.2882),6.9023,15.9279,18.0644,9.0388,22.7559,17.3980,A,A,23
0,0,0,0,0,0,0,0,0,0,1,14.8880,37.3793,2410,inf,23.4660,STEP3: Safe Area Cleanup (σ=0.2882),8.0252,17.9001,6.8628,-3.0121,15.9655,12.7610,B,A,21
0,0,0,0,0,0,0,0,0,0,0,24.9260,34.6425,2412,inf,12.8399,STEP3: Safe Area Cleanup (σ=0.2831),6.9982,16.0986,17.9278,8.8274,22.5830,17.1003,A,A,21
0,0,0,0,0,0,0,0,0,0,0,19.6610,34.1432,2413,inf,19.2714,STEP3: Safe Area Cleanup (σ=0.2831),6.8184,15.7782,12.8427,3.8829,19.7405,16.2017,A,A,23
0,0,0,0,0,0,0,0,0,0,0,15.7422,31.6545,2415,2.1000,12.7204,STEP3: Safe Area Cleanup (σ=0.2831),5.9562,14.2188,9.7860,1.5234,14.0458,9.3324,A,A,23
0,0,0,0,0,0,0,1,1,1,1,11.1904,39.9542,2414,1.2000,23.7676,STEP3: Safe Area Cleanup (σ=0.2831),9.0547,19.6645,2.1357,-8.4742,11.9223,8.1246,B,A,21
-1,-1,-1,-1,-1,-1,-1,-1,-1,-1,-1,20.83695766553141,39.243275945146195,2411,24.9441990776084,STEP3: Safe Area Cleanup (σ=0.2831) [ERROR: TIMEOUT]
0,0,0,0,0,0,0,0,0,0,0,23.8083,39.9538,2417,inf,12.5068,STEP3: Safe Area Cleanup (σ=0.2841),9.0546,19.6643,14.7538,4.1440,19.9035,12.8784,A,A,22
0,0,0,0,0,0,0,0,0,0,0,16.0764,34.8856,2416,inf,23.4915,STEP3: Safe Area Cleanup (σ=0.2841),7.0866,16.2555,8.9897,-0.1792,17.5597,15.0148,B,A,23
0,0,0,0,0,0,0,0,0,0,1,16.6046,38.5131,2418,2.9000,17.2782,STEP3: Safe Area Cleanup (σ=0.2841),8.4709,18.6687,8.1336,-2.0641,15.0175,9.7491,B,A,21
0,0,0,0,0,0,0,0,0,0,0,17.5104,39.4606,2419,inf,19.8286,STEP3: Safe Area Cleanup (σ=0.2841),8.8526,19.3211,8.6578,-1.8107,16.7318,11.9376,B,A,22
0,0,0,0,0,0,0,0,0,0,0,19.4508,34.0263,2420,inf,19.2432,STEP3: Safe Area Cleanup (σ=0.2841),6.7766,15.7035,12.6742,3.7473,19.5412,16.0252,A,A,23
0,0,0,0,1,1,1,1,1,1,1,24.9640,31.8037,2421,0.0000,21.9107,STEP3: Safe Area Cleanup (σ=0.2832),6.0063,14.3105,18.9577,10.6534,26.3254,24.1376,A,A,23
0,0,0,0,0,0,0,0,0,0,0,23.6564,30.9168,2423,inf,18.9922,STEP3: Safe Area Cleanup (σ=0.2832),5.7117,13.7687,17.9447,9.8877,24.1751,21.4043,A,A,21
0,0,0,0,0,0,0,0,0,0,0,23.9725,36.2702,2424,0.0000,21.2623,STEP3: Safe Area Cleanup (σ=0.2832),7.6006,17.1608,16.3718,6.8116,24.4012,20.8634,A,A,23
0,0,0,0,0,0,0,0,0,0,0,24.5067,39.9919,2422,inf,22.5068,STEP3: Safe Area Cleanup (σ=0.2832),9.0702,19.6909,15.4365,4.8158,24.7118,20.5428,A,A,22
0,0,0,0,0,0,0,0,0,0,0,19.3291,37.0464,2425,inf,19.1311,STEP3: Safe Area Cleanup (σ=0.2832),7.8965,17.6768,11.4326,1.6523,18.7947,14.4468,A,A,21
0,1,0,0,0,0,0,0,0,0,0,19.8892,35.0312,2427,0.0000,15.8142,STEP3: Safe Area Cleanup (σ=0.2811),7.1398,16.3498,12.7493,3.5394,18.5398,13.7912,A,A,23
0,0,0,0,0,0,0,0,0,1,1,13.7864,39.2561,2426,inf,24.9889,STEP3: Safe Area Cleanup (σ=0.2811),8.7695,19.1795,5.0169,-5.3931,15.1448,11.8811,B,A,21
0,0,0,0,0,0,0,0,0,0,0,21.8727,39.1780,2428,inf,23.2579,STEP3: Safe Area Cleanup (σ=0.2811),8.7379,19.1256,13.1348,2.7471,22.5442,18.8062,A,A,22
0,0,0,0,0,0,0,0,0,0,0,16.9466,30.0097,2429,inf,24.5890,STEP3: Safe Area Cleanup (σ=0.2811),5.4180,13.2229,11.5287,3.7238,19.3884,18.4071,A,A,22
0,0,0,0,0,0,0,0,0,0,0,22.4552,33.3364,2430,inf,21.0995,STEP3: Safe Area Cleanup (σ=0.2811),6.5326,15.2657,15.9226,7.1894,23.3171,20.5035,A,A,21
0,0,0,0,0,0,0,0,0,0,0,19.2326,39.4299,2431,inf,24.9732,STEP3: Safe Area Cleanup (σ=0.2804),8.8401,19.2998,10.3925,-0.0672,20.5542,17.2403,B,A,22
0,0,0,0,0,0,0,0,0,0,0,19.0487,33.5533,2432,4.0000,15.8371,STEP3: Safe Area Cleanup (σ=0.2804),6.6088,15.4028,12.4399,3.6458,18.0220,13.6743,A,A,21
0,0,0,0,0,0,0,0,0,0,0,17.3332,30.0762,2435,4.3000,24.5727,STEP3: Safe Area Cleanup (σ=0.2804),5.4392,13.2626,11.8939,4.0706,19.7636,18.7608,A,A,21
0,0,0,0,0,0,0,0,0,0,0,24.3038,39.4095,2434,inf,16.6194,STEP3: Safe Area Cleanup (σ=0.2804),8.8318,19.2857,15.4720,5.0182,22.2314,16.5327,A,A,22
-1,-1,-1,-1,-1,-1,-1,-1,-1,-1,-1,10.69208466785484,35.28337203455554,2433,24.94977567379746,STEP3: Safe Area Cleanup (σ=0.2804) [ERROR: TIMEOUT]
0,0,0,0,0,0,0,0,0,0,0,16.5052,30.0517,2436,3.9000,16.7553,STEP3: Safe Area Cleanup (σ=0.2775),5.4314,13.2479,11.0738,3.2572,16.4360,13.2698,A,A,21
0,0,0,0,0,0,0,0,0,0,0,18.1985,34.7052,2437,inf,23.5666,STEP3: Safe Area Cleanup (σ=0.2775),7.0210,16.1390,11.1775,2.0595,19.7355,17.2587,A,A,22
0,0,0,0,0,0,0,0,0,0,0,18.8875,33.6443,2439,3.8000,13.2467,STEP3: Safe Area Cleanup (σ=0.2775),6.6409,15.4605,12.2465,3.4269,16.9267,11.8273,A,A,21
0,0,0,0,0,0,0,0,0,0,0,15.1053,34.3788,2440,2.7000,21.7141,STEP3: Safe Area Cleanup (σ=0.2775),6.9029,15.9290,8.2023,-0.8238,16.0219,13.1085,B,A,22
-1,-1,-1,-1,-1,-1,-1,-1,-1,-1,-1,15.641632414326418,32.64232425242555,2438,21.142564744733402,STEP3: Safe Area Cleanup (σ=0.2775) [ERROR: TIMEOUT]
0,0,0,0,0,0,0,0,0,0,1,11.2636,30.9251,2441,2.4000,24.9876,STEP3: Safe Area Cleanup (σ=0.2764),5.7144,13.7737,5.5492,-2.5101,13.7482,12.6441,B,A,22
0,0,0,0,0,0,0,0,0,0,0,24.1368,30.9277,2442,inf,24.1587,STEP3: Safe Area Cleanup (σ=0.2764),5.7153,13.7753,18.4215,10.3615,26.3491,25.0136,A,A,21
0,0,0,0,0,0,0,0,0,0,0,19.6959,33.2651,2443,inf,22.6345,STEP3: Safe Area Cleanup (σ=0.2764),6.5076,15.2208,13.1883,4.4751,21.1058,18.7414,A,A,23
0,0,0,0,0,0,0,0,0,0,1,18.0998,38.4040,2445,inf,12.2878,STEP3: Safe Area Cleanup (σ=0.2764),8.4275,18.5942,9.6723,-0.4944,14.5555,7.8933,B,A,21
0,0,0,0,0,0,0,0,0,0,0,23.8188,35.6073,2444,4.1000,23.1197,STEP3: Safe Area Cleanup (σ=0.2764),7.3523,16.7249,16.4664,7.0938,25.0553,22.2171,A,A,22
0,0,0,0,0,0,0,0,0,0,0,22.1141,36.3315,2448,3.4000,14.4529,STEP3: Safe Area Cleanup (σ=0.2722),7.6238,17.2013,14.4903,4.9128,19.9565,14.4734,A,A,22
0,0,0,0,0,0,0,0,0,0,0,21.7592,37.8789,2446,inf,19.9249,STEP3: Safe Area Cleanup (σ=0.2722),8.2201,18.2372,13.5391,3.5220,21.3603,17.0163,A,A,23
0,0,0,0,0,0,0,0,0,0,1,15.4174,38.1537,2447,1.8000,16.5970,STEP3: Safe Area Cleanup (σ=0.2722),8.3283,18.4236,7.0890,-3.0063,13.6462,8.2806,B,A,21
0,0,0,0,0,0,0,0,0,0,0,17.5293,32.4493,2450,1.9000,11.1936,STEP3: Safe Area Cleanup (σ=0.2722),6.2254,14.7100,11.3039,2.8193,15.1349,9.7815,A,A,23
0,0,0,0,0,0,0,0,0,0,1,15.8361,38.8995,2449,4.3000,21.4774,STEP3: Safe Area Cleanup (σ=0.2722),8.6256,18.9336,7.2106,-3.0975,15.8443,11.6713,B,A,22
0,0,0,0,0,0,1,1,1,1,1,10.0650,38.3489,2452,0.3000,21.6991,STEP3: Safe Area Cleanup (σ=0.2712),8.4056,18.5566,1.6593,-8.4916,10.2715,6.3080,B,A,22
0,0,0,0,0,0,0,0,0,0,0,23.9053,30.4880,2451,inf,11.2784,STEP3: Safe Area Cleanup (σ=0.2712),5.5719,13.5096,18.3334,10.3957,21.9884,17.1855,A,A,21
0,0,0,0,0,0,0,0,0,0,0,20.4607,39.1489,2453,inf,24.9713,STEP3: Safe Area Cleanup (σ=0.2712),8.7261,19.1054,11.7346,1.3553,21.8305,18.5900,A,A,23
0,0,0,0,0,0,0,0,0,0,1,11.3260,30.9523,2455,2.1000,22.5072,STEP3: Safe Area Cleanup (σ=0.2712),5.7234,13.7903,5.6026,-2.4642,12.9935,11.1919,B,A,21
0,0,0,0,0,0,0,0,0,0,1,15.2930,36.0151,2454,2.3000,19.9621,STEP3: Safe Area Cleanup (σ=0.2712),7.5046,16.9926,7.7884,-1.6996,15.2796,11.4411,B,A,22
0,0,0,0,0,0,0,0,0,0,0,20.9534,39.5028,2458,inf,24.9436,STEP3: Safe Area Cleanup (σ=0.2702),8.8698,19.3503,12.0837,1.6031,22.2502,18.9086,A,A,23
0,0,0,0,0,0,0,0,0,0,1,15.4211,36.1978,2456,inf,19.3547,STEP3: Safe Area Cleanup (σ=0.2702),7.5733,17.1130,7.8478,-1.6918,15.1439,11.0850,B,A,21
0,0,0,0,0,0,0,0,0,0,1,16.0375,36.6042,2457,inf,18.9912,STEP3: Safe Area Cleanup (σ=0.2702),7.7273,17.3821,8.3102,-1.3446,15.5407,11.2708,B,A,22
0,0,0,0,0,0,0,0,0,0,0,22.1346,34.5433,2460,4.8000,12.6972,STEP3: Safe Area Cleanup (σ=0.2702),6.9623,16.0347,15.1723,6.0999,19.7641,14.2679,A,A,21
0,0,0,0,0,0,0,0,0,0,1,15.3631,36.2353,2459,inf,19.8472,STEP3: Safe Area Cleanup (σ=0.2702),7.5875,17.1378,7.7757,-1.7746,15.2643,11.3349,B,A,23
0,0,0,0,0,0,0,1,1,1,1,10.6039,35.1613,2461,3.4000,24.9657,STEP3: Safe Area Cleanup (σ=0.2692),7.1875,16.4342,3.4163,-5.8303,12.5878,10.3871,B,A,23
0,0,0,0,0,0,0,0,0,0,0,22.4878,39.2234,2462,1.9000,11.8301,STEP3: Safe Area Cleanup (σ=0.2692),8.7563,19.1569,13.7315,3.3309,18.5226,11.5048,A,A,21
0,0,0,0,0,0,0,0,0,0,0,19.7380,34.8908,2463,2.9000,15.9363,STEP3: Safe Area Cleanup (σ=0.2692),7.0885,16.2589,12.6495,3.4791,18.4640,13.7873,A,A,22
0,0,0,0,0,0,0,0,0,1,1,11.3374,30.7331,2464,2.5000,19.1832,STEP3: Safe Area Cleanup (σ=0.2692),5.6516,13.6575,5.6858,-2.3201,11.9462,9.2764,B,A,23
0,0,0,0,0,0,0,0,0,0,1,11.5900,30.7862,2465,2.2000,19.1003,STEP3: Safe Area Cleanup (σ=0.2692),5.6690,13.6896,5.9210,-2.0996,12.1637,9.4571,B,A,21
0,0,0,0,0,0,0,0,1,1,1,11.0562,35.2000,2466,2.5000,24.9898,STEP3: Safe Area Cleanup (σ=0.2697),7.2018,16.4594,3.8544,-5.4032,13.0438,10.8398,B,A,21
0,0,0,0,0,0,0,0,0,0,0,23.6057,34.2275,2468,inf,19.9480,STEP3: Safe Area Cleanup (σ=0.2697),6.8486,15.8321,16.7571,7.7736,23.9128,20.5420,A,A,22
0,0,0,0,0,0,0,0,0,0,0,24.9583,39.7913,2467,inf,18.3677,STEP3: Safe Area Cleanup (σ=0.2697),8.9877,19.5509,15.9706,5.4074,23.5060,18.2046,A,A,23
0,0,0,0,0,0,0,0,0,0,1,22.8588,39.9874,2469,1.3000,10.0687,STEP3: Safe Area Cleanup (σ=0.2697),9.0684,19.6878,13.7905,3.1711,17.9395,10.2063,A,A,21
1,0,0,1,1,1,1,1,1,1,1,13.9626,36.6081,2470,0.0000,14.5484,STEP3: Safe Area Cleanup (σ=0.2697),7.7287,17.3847,6.2339,-3.4220,11.7734,6.2428,B,A,22
0,0,0,0,0,0,0,0,0,0,1,16.8711,36.8891,2472,1.2000,13.5661,STEP3: Safe Area Cleanup (σ=0.2639),7.8361,17.5717,9.0350,-0.7006,14.2358,8.3504,B,A,23
0,0,0,0,0,0,0,0,0,0,0,24.8494,37.0574,2471,inf,14.8154,STEP3: Safe Area Cleanup (σ=0.2639),7.9008,17.6842,16.9487,7.1652,22.6515,17.0752,A,A,22
0,0,0,0,0,0,0,0,0,0,0,22.5548,39.9620,2473,inf,24.0126,STEP3: Safe Area Cleanup (σ=0.2639),9.0579,19.6700,13.4969,2.8848,23.3861,19.6566,A,A,21
0,0,0,0,0,0,0,1,1,1,1,13.5967,32.1582,2475,0.0000,12.8962,STEP3: Safe Area Cleanup (σ=0.2639),6.1261,14.5294,7.4706,-0.9327,11.8495,7.0504,B,A,22
0,0,0,0,0,0,0,1,1,1,1,12.5459,35.8933,2474,1.7000,19.4004,STEP3: Safe Area Cleanup (σ=0.2639),7.4590,16.9124,5.0869,-4.3665,12.3455,8.3803,B,A,23
0,0,0,0,0,0,0,0,0,0,0,23.2462,30.0644,2476,3.8000,16.7769,STEP3: Safe Area Cleanup (σ=0.2681),5.4354,13.2555,17.8108,9.9907,23.1819,20.0184,A,A,21
0,0,0,0,0,0,0,0,0,0,0,18.5486,35.6499,2477,2.6000,21.8723,STEP3: Safe Area Cleanup (σ=0.2681),7.3682,16.7528,11.1804,1.7958,19.3146,16.1126,A,A,22
0,0,0,0,0,0,0,0,0,0,0,20.8444,34.9461,2478,inf,21.3176,STEP3: Safe Area Cleanup (σ=0.2681),7.1087,16.2946,13.7357,4.5498,21.5245,18.3508,A,A,23
0,0,0,0,0,0,0,0,0,0,1,16.8739,36.7686,2479,1.3000,13.4747,STEP3: Safe Area Cleanup (σ=0.2681),7.7900,17.4915,9.0839,-0.6175,14.2347,8.3560,B,A,21
0,0,0,0,0,0,0,0,0,0,0,21.2998,39.9590,2480,inf,23.9867,STEP3: Safe Area Cleanup (σ=0.2681),9.0567,19.6679,12.2431,1.6318,22.1209,18.3849,A,A,22
0,0,0,0,0,0,0,0,0,0,0,24.2722,33.6097,2483,inf,20.8634,STEP3: Safe Area Cleanup (σ=0.2701),6.6287,15.4386,17.6435,8.8336,25.0081,22.0567,A,A,23
0,0,0,0,0,0,0,0,0,0,0,24.3565,33.6465,2482,4.7000,20.8827,STEP3: Safe Area Cleanup (σ=0.2701),6.6417,15.4619,17.7148,8.8946,25.0933,22.1378,A,A,21
1,0,0,1,1,1,1,1,1,1,1,10.1190,30.0000,2481,0.0000,14.2110,STEP3: Safe Area Cleanup (σ=0.2701),5.4149,13.2171,4.7042,-3.0980,9.2454,5.3867,B,A,22
0,0,0,0,0,0,0,0,0,0,0,22.5084,32.6337,2484,3.4000,10.0264,STEP3: Safe Area Cleanup (σ=0.2701),6.2886,14.8248,16.2198,7.6836,19.6684,13.9387,A,A,23
-1,-1,-1,-1,-1,-1,-1,-1,-1,-1,-1,13.64643562570352,32.85080765118912,2485,18.64474652115308,STEP3: Safe Area Cleanup (σ=0.2701) [ERROR: TIMEOUT]
0,0,0,0,0,0,0,0,0,0,0,15.1378,30.6428,2488,1.9000,13.7160,STEP3: Safe Area Cleanup (σ=0.2675),5.6222,13.6029,9.5156,1.5348,13.9803,9.8137,A,A,22
0,0,0,0,0,0,0,0,0,0,0,24.4404,33.6462,2486,inf,20.8867,STEP3: Safe Area Cleanup (σ=0.2675),6.6416,15.4617,17.7988,8.9787,25.1787,22.2244,A,A,23
0,0,0,0,0,0,0,0,0,0,0,18.8516,37.8726,2489,3.3000,20.5755,STEP3: Safe Area Cleanup (σ=0.2675),8.2177,18.2329,10.6340,0.6188,18.7095,14.5523,A,A,22
0,0,0,0,0,0,0,0,0,0,0,23.5312,38.0614,2490,inf,15.0212,STEP3: Safe Area Cleanup (σ=0.2675),8.2919,18.3609,15.2393,5.1703,21.1611,15.3714,A,A,23
-1,-1,-1,-1,-1,-1,-1,-1,-1,-1,-1,17.99869851758707,35.22186339508074,2487,11.719870315316271,STEP3: Safe Area Cleanup (σ=0.2675) [ERROR: TIMEOUT]
0,0,0,0,0,0,0,0,0,0,1,14.0596,32.8874,2492,inf,18.7951,STEP3: Safe Area Cleanup (σ=0.2654),6.3762,14.9834,7.6834,-0.9238,14.1922,10.8503,B,A,22
0,0,0,0,0,0,0,0,0,0,0,23.1758,35.5997,2491,inf,24.2344,STEP3: Safe Area Cleanup (σ=0.2654),7.3495,16.7200,15.8263,6.4558,24.8275,22.3064,A,A,23
0,0,0,0,0,0,0,0,0,0,0,17.9067,39.9599,2493,inf,23.2954,STEP3: Safe Area Cleanup (σ=0.2654),9.0570,19.6685,8.8497,-1.7618,18.4430,14.5085,B,A,21
0,0,0,0,0,0,0,0,0,0,0,18.8828,37.9076,2494,inf,20.6731,STEP3: Safe Area Cleanup (σ=0.2654),8.2314,18.2566,10.6514,0.6262,18.7719,14.6332,A,A,22
0,0,0,0,0,0,0,0,0,0,0,15.2566,30.6852,2495,1.4000,13.6100,STEP3: Safe Area Cleanup (σ=0.2654),5.6360,13.6285,9.6206,1.6281,14.0561,9.8488,A,A,23
0,0,0,0,0,0,0,0,0,1,1,16.4433,33.5834,2497,0.6000,11.6964,STEP3: Safe Area Cleanup (σ=0.2663),6.6194,15.4219,9.8239,1.0214,13.9498,8.4314,A,A,22
0,0,0,0,0,0,0,0,0,0,0,17.6964,39.8948,2496,inf,23.6261,STEP3: Safe Area Cleanup (σ=0.2663),9.0302,19.6231,8.6662,-1.9267,18.3815,14.5590,B,A,21
0,0,0,0,0,0,0,0,0,0,0,17.3148,33.7152,2499,inf,24.8244,STEP3: Safe Area Cleanup (σ=0.2663),6.6660,15.5055,10.6488,1.8094,19.4359,17.5696,A,A,22
0,0,0,0,0,0,0,0,0,0,0,16.1584,31.4140,2500,2.9000,15.5017,STEP3: Safe Area Cleanup (σ=0.2663),5.8760,14.0715,10.2824,2.0869,15.4391,11.5653,A,A,21
-1,-1,-1,-1,-1,-1,-1,-1,-1,-1,-1,21.842392924303347,37.013547489482086,2498,10.09458948347447,STEP3: Safe Area Cleanup (σ=0.2663) [ERROR: TIMEOUT]
0,0,0,0,0,0,0,0,1,1,1,13.2841,33.4780,2502,2.3000,14.7143,STEP3: Safe Area Cleanup (σ=0.2621),6.5823,15.3552,6.7018,-2.0711,11.8779,7.2350,B,A,22
0,0,0,0,0,0,0,0,0,0,0,21.4521,32.2805,2503,inf,22.2710,STEP3: Safe Area Cleanup (σ=0.2621),6.1677,14.6051,15.2845,6.8471,22.8717,20.6610,A,A,21
0,0,0,0,0,1,1,1,1,1,1,23.5851,31.7186,2504,0.0000,10.0747,STEP3: Safe Area Cleanup (σ=0.2621),5.9777,14.2582,17.6073,9.3269,20.9871,15.5182,A,A,22
0,0,0,0,0,0,0,0,0,0,0,20.6273,34.8144,2505,2.1000,10.0225,STEP3: Safe Area Cleanup (σ=0.2621),7.0607,16.2095,13.5667,4.4179,17.2164,10.8930,A,A,21
-1,-1,-1,-1,-1,-1,-1,-1,-1,-1,-1,15.663358243400932,32.63014525317836,2501,20.741883845687287,STEP3: Safe Area Cleanup (σ=0.2621) [ERROR: TIMEOUT]
0,1,0,0,0,1,1,1,1,1,1,13.3044,33.7068,2506,0.0000,14.5572,STEP3: Safe Area Cleanup (σ=0.2628),6.6630,15.5002,6.6414,-2.1957,11.7931,7.0450,B,A,22
0,0,0,0,0,0,0,0,0,0,0,17.3758,36.2197,2508,inf,22.5915,STEP3: Safe Area Cleanup (σ=0.2628),7.5816,17.1275,9.7942,0.2483,18.3150,15.1669,A,A,21
0,0,0,0,0,0,0,0,0,0,0,19.0119,30.4474,2507,inf,18.4864,STEP3: Safe Area Cleanup (σ=0.2628),5.5588,13.4852,13.4531,5.5266,19.4371,16.6482,A,A,23
0,1,0,0,0,0,0,0,0,0,0,16.8758,30.7093,2509,0.0000,23.7819,STEP3: Safe Area Cleanup (σ=0.2628),5.6439,13.6431,11.2320,3.2327,18.9879,17.6035,A,A,22
0,0,0,0,0,0,0,0,0,0,1,18.4665,39.4347,2510,1.8000,14.6193,STEP3: Safe Area Cleanup (σ=0.2628),8.8420,19.3031,9.6245,-0.8366,15.5738,9.2959,B,A,21
0,1,0,0,0,0,0,0,0,0,0,20.3315,35.7291,2512,0.0000,18.3668,STEP3: Safe Area Cleanup (σ=0.2639),7.3977,16.8047,12.9338,3.5268,19.7777,15.5638,A,A,22
0,0,0,0,0,0,0,0,0,0,0,18.7034,30.5106,2511,inf,18.1564,STEP3: Safe Area Cleanup (σ=0.2639),5.5792,13.5232,13.1241,5.1801,19.0120,16.1148,A,A,23
0,0,0,0,0,0,0,0,0,0,0,24.2461,39.9365,2513,inf,24.0985,STEP3: Safe Area Cleanup (σ=0.2639),9.0474,19.6522,15.1987,4.5939,25.1175,21.4194,A,A,21
0,1,0,0,0,0,0,0,0,0,0,15.5892,35.0973,2514,0.0000,17.2203,STEP3: Safe Area Cleanup (σ=0.2639),7.1641,16.3927,8.4251,-0.8035,14.7410,10.3715,B,A,22
0,0,0,0,0,0,0,0,0,0,0,16.3218,34.7436,2515,2.1000,17.5712,STEP3: Safe Area Cleanup (σ=0.2639),7.0349,16.1638,9.2869,0.1580,15.6739,11.4974,A,A,23
0,1,0,0,0,0,0,0,0,0,0,15.4753,32.5205,2516,0.0000,20.9535,STEP3: Safe Area Cleanup (σ=0.2613),6.2497,14.7543,9.2255,0.7210,16.4105,13.7689,A,A,22
0,0,0,0,0,0,0,0,0,0,1,12.8919,32.9651,2517,inf,23.2848,STEP3: Safe Area Cleanup (σ=0.2613),6.4031,15.0321,6.4888,-2.1403,14.5691,12.4648,B,A,21
0,0,0,0,0,0,0,0,0,0,0,20.8181,30.6365,2518,4.0000,16.3706,STEP3: Safe Area Cleanup (σ=0.2613),5.6201,13.5992,15.1979,7.2189,20.5258,17.0991,A,A,23
0,1,0,0,0,0,0,0,0,0,0,15.4659,30.7758,2519,0.0000,18.0882,STEP3: Safe Area Cleanup (σ=0.2613),5.6656,13.6833,9.8004,1.7826,15.7105,12.7251,A,A,22
0,0,0,0,0,0,0,0,0,0,0,19.9487,32.1329,2520,2.7000,10.1514,STEP3: Safe Area Cleanup (σ=0.2613),6.1175,14.5137,13.8312,5.4350,17.2756,11.7163,A,A,23
0,0,0,0,0,0,0,0,0,0,0,20.0953,32.8399,2522,inf,24.9055,STEP3: Safe Area Cleanup (σ=0.2625),6.3597,14.9537,13.7356,5.1416,22.3494,20.7314,A,A,23
0,0,0,0,0,0,0,0,0,0,0,15.6123,32.5136,2521,3.7000,20.8459,STEP3: Safe Area Cleanup (σ=0.2625),6.2474,14.7500,9.3649,0.8623,16.5118,13.8418,A,A,21
0,0,0,0,0,0,0,0,0,0,0,21.5905,36.8118,2524,1.7000,10.0568,STEP3: Safe Area Cleanup (σ=0.2625),7.8065,17.5202,13.7840,4.0703,17.6323,10.7721,A,A,23
0,0,0,0,0,0,0,0,0,0,0,20.3172,35.9466,2525,2.6000,18.2243,STEP3: Safe Area Cleanup (σ=0.2625),7.4789,16.9475,12.8383,3.3697,19.6658,15.3537,A,A,21
-1,-1,-1,-1,-1,-1,-1,-1,-1,-1,-1,12.8638254121954,32.965444675106546,2523,23.02580002029711,STEP3: Safe Area Cleanup (σ=0.2625) [ERROR: TIMEOUT]
0,0,0,0,0,0,0,1,1,1,1,10.0337,34.7554,2527,2.7000,22.6371,STEP3: Safe Area Cleanup (σ=0.2582),7.0392,16.1714,2.9945,-6.1377,11.2254,8.4736,B,A,23
0,0,0,0,0,0,0,0,0,1,1,12.4962,34.3149,2526,1.6000,24.8878,STEP3: Safe Area Cleanup (σ=0.2582),6.8799,15.8880,5.6162,-3.3919,14.5640,12.5606,B,A,21
0,0,0,0,0,0,0,0,0,0,0,23.5580,39.9934,2528,inf,17.0983,STEP3: Safe Area Cleanup (σ=0.2582),9.0709,19.6919,14.4871,3.8660,21.5337,15.8139,A,A,22
0,0,0,0,0,0,0,0,0,0,1,13.4952,33.8971,2529,inf,24.9638,STEP3: Safe Area Cleanup (σ=0.2582),6.7305,15.6211,6.7647,-2.1259,15.6432,13.7691,B,A,21
0,0,0,0,0,0,0,0,0,0,0,20.5019,35.5776,2530,3.0000,18.3495,STEP3: Safe Area Cleanup (σ=0.2582),7.3413,16.7055,13.1606,3.7964,19.9723,15.7938,A,A,22
0,0,0,0,0,0,0,0,0,0,0,17.1939,30.8251,2531,3.6000,23.8253,STEP3: Safe Area Cleanup (σ=0.2561),5.6817,13.7132,11.5122,3.4807,19.3078,17.9057,A,A,21
0,0,0,0,0,0,0,0,0,0,1,15.0022,35.1707,2533,2.2000,21.1437,STEP3: Safe Area Cleanup (σ=0.2561),7.1910,16.4403,7.8112,-1.4381,15.5805,12.2986,B,A,22
0,0,0,0,0,0,0,0,0,0,0,20.8524,34.0554,2532,inf,18.9359,STEP3: Safe Area Cleanup (σ=0.2561),6.7870,15.7221,14.0654,5.1303,20.8279,17.2178,A,A,23
0,0,0,0,0,0,0,0,0,0,0,17.3563,31.7168,2534,inf,16.5133,STEP3: Safe Area Cleanup (σ=0.2561),5.9771,14.2571,11.3792,3.0992,16.9187,13.2471,A,A,21
0,0,0,0,0,0,0,0,0,0,0,15.4443,30.3604,2535,2.3000,23.0026,STEP3: Safe Area Cleanup (σ=0.2561),5.5306,13.4329,9.9137,2.0115,17.3411,15.8296,A,A,22
0,0,0,0,0,0,0,0,0,0,1,19.6477,39.9734,2536,1.8000,13.9149,STEP3: Safe Area Cleanup (σ=0.2566),9.0626,19.6780,10.5851,-0.0302,16.3172,9.6904,B,A,22
0,0,0,0,0,0,0,0,0,0,0,16.7402,30.0330,2537,3.7000,19.6846,STEP3: Safe Area Cleanup (σ=0.2566),5.4254,13.2368,11.3148,3.5034,17.6111,15.2628,A,A,23
0,0,0,0,0,0,0,0,0,0,0,20.8517,33.9797,2538,inf,18.6839,STEP3: Safe Area Cleanup (σ=0.2566),6.7599,15.6737,14.0918,5.1780,20.7511,17.0902,A,A,21
0,0,0,0,0,0,0,0,0,1,1,11.5651,30.8004,2539,1.8000,14.7110,STEP3: Safe Area Cleanup (σ=0.2566),5.6736,13.6982,5.8915,-2.1331,10.7015,6.7700,B,A,22
0,0,0,0,0,0,0,0,0,0,0,23.4614,34.9094,2540,inf,24.9787,STEP3: Safe Area Cleanup (σ=0.2566),7.0953,16.2709,16.3660,7.1905,25.4840,23.3523,A,A,23
0,0,0,0,0,0,0,0,0,0,0,20.8689,30.8782,2541,2.8000,10.0967,STEP3: Safe Area Cleanup (σ=0.2551),5.6991,13.7453,15.1699,7.1236,18.4785,13.2421,A,A,21
0,0,0,0,0,0,0,0,0,0,0,21.7247,31.5526,2543,inf,21.3325,STEP3: Safe Area Cleanup (σ=0.2551),5.9222,14.1563,15.8025,7.5684,22.9263,20.6422,A,A,23
0,0,0,0,0,0,0,0,0,0,0,24.1598,37.7345,2542,inf,18.3903,STEP3: Safe Area Cleanup (σ=0.2551),8.1635,18.1394,15.9963,6.0204,23.1905,18.4482,A,A,22
0,0,0,0,0,0,0,0,0,0,0,20.3392,36.9069,2544,4.3000,18.4850,STEP3: Safe Area Cleanup (σ=0.2551),7.8429,17.5836,12.4962,2.7555,19.5858,15.0917,A,A,21
1,0,0,1,1,1,1,1,1,1,1,16.5623,36.4981,2545,0.0000,10.0838,STEP3: Safe Area Cleanup (σ=0.2551),7.6869,17.3117,8.8754,-0.7493,12.7047,5.9382,B,A,23
0,0,0,0,1,1,1,1,1,1,1,13.7396,32.4585,2546,0.0000,20.9080,STEP3: Safe Area Cleanup (σ=0.2537),6.2285,14.7157,7.5111,-0.9761,14.6686,12.0304,B,A,23
0,0,0,0,0,0,0,0,0,0,0,21.0856,30.6948,2547,2.9000,10.1788,STEP3: Safe Area Cleanup (σ=0.2537),5.6391,13.6344,15.4465,7.4512,18.7647,13.6005,A,A,21
0,0,0,0,0,0,0,0,0,0,0,24.9968,33.5851,2548,inf,23.9469,STEP3: Safe Area Cleanup (σ=0.2537),6.6200,15.4230,18.3768,9.5738,26.8244,24.7452,A,A,22
0,0,0,0,0,0,0,0,0,0,0,13.5695,31.9288,2549,0.0000,22.4299,STEP3: Safe Area Cleanup (σ=0.2537),6.0485,14.3876,7.5211,-0.8181,15.0894,13.0141,B,A,23
1,0,0,1,1,1,1,1,1,1,1,14.4272,31.9807,2550,0.0000,10.0777,STEP3: Safe Area Cleanup (σ=0.2537),6.0660,14.4196,8.3612,0.0076,11.7665,6.2277,A,A,22
-1,-1,-1,-1,-1,-1,-1,-1,-1,-1,-1,24.9469,33.3653,2551,inf,23.2429,STEP3: Safe Area Cleanup (σ=0.2514),6.5427,15.2839,18.4042,9.6629,26.5561,24.3363,A,A,23
0,0,0,0,0,0,0,0,0,0,0,13.7368,32.4616,2552,3.6000,21.0403,STEP3: Safe Area Cleanup (σ=0.2514),6.2295,14.7176,7.5072,-0.9808,14.7105,12.1086,B,A,21
0,0,0,0,0,0,0,0,0,0,0,24.9730,38.6213,2553,inf,15.0638,STEP3: Safe Area Cleanup (σ=0.2514),8.5141,18.7428,16.4589,6.2303,22.4757,16.5462,A,A,22
0,0,0,0,0,0,0,0,0,0,0,13.5542,31.9292,2554,inf,22.6225,STEP3: Safe Area Cleanup (σ=0.2514),6.0486,14.3878,7.5056,-0.8336,15.1390,13.1174,B,A,23
0,0,0,0,0,0,0,0,0,0,0,19.5222,36.3946,2555,3.3000,21.2343,STEP3: Safe Area Cleanup (σ=0.2514),7.6477,17.2431,11.8745,2.2791,19.9179,16.3393,A,A,21
0,0,0,0,0,0,0,0,0,0,0,22.3865,30.7753,2556,inf,20.9362,STEP3: Safe Area Cleanup (σ=0.2502),5.6654,13.6830,16.7211,8.7035,23.5617,21.3687,A,A,23
0,0,0,0,0,0,0,0,0,0,1,12.8513,32.0744,2558,2.0000,14.9324,STEP3: Safe Area Cleanup (σ=0.2502),6.0977,14.4775,6.7536,-1.6263,11.8122,7.6045,B,A,21
0,0,0,0,0,0,0,0,0,0,0,24.9241,37.6211,2557,inf,24.9988,STEP3: Safe Area Cleanup (σ=0.2502),8.1192,18.0629,16.8048,6.8612,26.5581,23.7261,A,A,22
0,0,0,0,0,0,0,1,1,1,1,11.7214,34.1487,2559,0.0000,16.5404,STEP3: Safe Area Cleanup (σ=0.2502),6.8203,15.7817,4.9010,-4.0603,10.8222,6.5137,B,A,21
0,0,0,0,0,0,0,0,0,0,0,18.0802,34.2328,2560,inf,20.4001,STEP3: Safe Area Cleanup (σ=0.2502),6.8505,15.8355,11.2297,2.2447,18.5485,15.3036,A,A,22
0,0,0,0,0,0,0,0,0,0,0,24.9775,39.6373,2562,3.1000,11.9922,STEP3: Safe Area Cleanup (σ=0.2504),8.9247,19.4437,16.0528,5.5337,20.9555,13.8702,A,A,21
0,0,0,0,0,0,0,1,1,1,1,14.1560,37.9395,2561,0.0000,16.1219,STEP3: Safe Area Cleanup (σ=0.2504),8.2439,18.2782,5.9121,-4.1222,12.2496,6.8064,B,A,22
0,0,0,0,0,0,0,0,1,1,1,12.6485,39.9868,2563,inf,24.9212,STEP3: Safe Area Cleanup (σ=0.2504),9.0681,19.6874,3.5803,-7.0389,13.8494,10.3739,B,A,23
0,0,0,0,0,0,0,0,0,0,0,19.7785,33.6544,2565,1.9000,10.0063,STEP3: Safe Area Cleanup (σ=0.2504),6.6445,15.4669,13.1340,4.3116,16.6703,10.6581,A,A,22
0,0,0,0,0,0,0,0,0,0,0,19.3829,35.1376,2564,2.9000,13.7610,STEP3: Safe Area Cleanup (σ=0.2504),7.1788,16.4188,12.2040,2.9641,17.2563,11.8998,A,A,21
0,0,0,0,0,0,0,1,1,1,1,11.1492,33.4492,2566,1.5000,21.5241,STEP3: Safe Area Cleanup (σ=0.2494),6.5722,15.3370,4.5770,-4.1878,12.1428,9.4189,B,A,23
0,0,0,0,0,0,0,0,0,0,0,17.9426,37.6758,2568,2.1000,21.7665,STEP3: Safe Area Cleanup (σ=0.2494),8.1406,18.0998,9.8021,-0.1571,18.3053,14.5393,B,A,22
0,0,0,0,0,0,0,0,0,0,0,20.6131,38.0087,2567,4.4000,19.9828,STEP3: Safe Area Cleanup (σ=0.2494),8.2712,18.3252,12.3419,2.2879,20.2099,15.8477,A,A,21
0,0,0,0,0,0,0,0,0,1,1,15.3678,33.7852,2569,2.0000,15.2891,STEP3: Safe Area Cleanup (σ=0.2494),6.6908,15.5499,8.6770,-0.1821,14.0988,9.5354,B,A,23
0,0,0,0,0,0,0,0,1,1,1,17.0990,38.9925,2570,0.3000,11.9932,STEP3: Safe Area Cleanup (σ=0.2494),8.6630,18.9977,8.4360,-1.8987,13.2675,6.3598,B,A,22
0,0,0,0,0,0,0,0,0,0,0,19.2211,30.2443,2571,inf,24.9389,STEP3: Safe Area Cleanup (σ=0.2495),5.4932,13.3632,13.7279,5.8579,21.7537,20.8097,A,A,23
0,0,0,0,0,0,0,0,0,0,0,20.1447,30.6005,2573,3.4000,14.3300,STEP3: Safe Area Cleanup (σ=0.2495),5.6084,13.5775,14.5363,6.5673,19.1953,15.2106,A,A,22
0,0,0,0,0,0,0,0,0,0,1,13.1550,35.0752,2572,3.5000,22.4327,STEP3: Safe Area Cleanup (σ=0.2495),7.1560,16.3783,5.9990,-3.2233,14.2221,11.3291,B,A,21
0,0,0,0,0,0,0,0,0,0,0,17.9579,31.1209,2575,4.3000,21.4851,STEP3: Safe Area Cleanup (σ=0.2495),5.7789,13.8927,12.1791,4.0653,19.2678,17.1381,A,A,22
0,0,0,0,0,0,0,0,0,0,0,23.0588,34.7017,2574,inf,16.8199,STEP3: Safe Area Cleanup (σ=0.2495),7.0197,16.1367,16.0391,6.9221,22.1465,17.7694,A,A,23
0,0,0,0,0,0,0,1,1,1,1,11.2264,36.1629,2578,inf,22.1530,STEP3: Safe Area Cleanup (σ=0.2469),7.5602,17.0900,3.6662,-5.8636,12.0100,8.7527,B,A,23
0,0,0,0,0,0,0,0,0,0,0,14.2528,33.7975,2576,3.8000,21.9786,STEP3: Safe Area Cleanup (σ=0.2469),6.6952,15.5578,7.5577,-1.3049,15.3542,12.6670,B,A,21
0,0,0,0,0,0,0,0,0,0,0,19.7441,39.9936,2577,inf,19.2447,STEP3: Safe Area Cleanup (σ=0.2469),9.0709,19.6921,10.6732,0.0520,18.6044,13.4998,A,A,22
0,0,0,0,0,0,0,0,0,0,0,18.9419,31.5261,2579,2.9000,19.3210,STEP3: Safe Area Cleanup (σ=0.2469),5.9133,14.1401,13.0286,4.8019,19.4759,16.6377,A,A,23
0,0,0,0,0,0,0,0,0,0,0,18.3263,33.7714,2580,3.0000,17.0835,STEP3: Safe Area Cleanup (σ=0.2469),6.6859,15.5412,11.6404,2.7851,17.6963,13.6407,A,A,21
0,0,0,0,0,0,0,0,0,0,1,17.8872,38.3754,2583,inf,15.2138,STEP3: Safe Area Cleanup (σ=0.2438),8.4162,18.5747,9.4711,-0.6874,15.5131,9.6931,B,A,23
0,0,0,0,0,0,0,0,0,0,0,22.6381,31.8889,2584,inf,23.1761,STEP3: Safe Area Cleanup (σ=0.2438),6.0350,14.3630,16.6031,8.2751,24.4147,22.5580,A,A,23
-1,-1,-1,-1,-1,-1,-1,-1,-1,-1,-1,10.04786257975524,39.78808034967237,2581,20.30259106905399,STEP3: Safe Area Cleanup (σ=0.2438) [ERROR: TIMEOUT]
0,0,0,0,0,0,0,0,0,0,1,15.7200,32.1807,2585,1.2000,14.0849,STEP3: Safe Area Cleanup (σ=0.2438),6.1338,14.5433,9.5862,1.1767,14.3717,9.8988,A,A,23
-1,-1,-1,-1,-1,-1,-1,-1,-1,-1,-1,20.61813043378764,39.81407531714092,2582,14.779773291179083,STEP3: Safe Area Cleanup (σ=0.2438) [ERROR: TIMEOUT]
0,0,0,0,0,0,0,0,0,0,0,24.9299,36.5622,2587,3.8000,11.1657,STEP3: Safe Area Cleanup (σ=0.2436),7.7113,17.3542,17.2185,7.5756,21.4653,14.9880,A,A,23
0,0,0,0,0,0,0,0,0,0,0,23.6968,30.4983,2588,inf,22.9794,STEP3: Safe Area Cleanup (σ=0.2436),5.5752,13.5158,18.1216,10.1810,25.5708,24.0174,A,A,22
1,0,0,1,1,1,1,1,1,1,1,12.3291,39.9531,2586,0.0000,15.2914,STEP3: Safe Area Cleanup (σ=0.2436),9.0543,19.6638,3.2749,-7.3347,9.5711,3.3443,B,A,21
0,0,0,0,0,0,0,0,0,0,0,20.9451,35.9020,2589,4.8000,12.4167,STEP3: Safe Area Cleanup (σ=0.2436),7.4622,16.9181,13.4829,4.0270,18.1296,12.1864,A,A,23
0,0,0,0,0,0,0,0,0,0,0,18.0120,38.3471,2590,inf,15.1261,STEP3: Safe Area Cleanup (σ=0.2436),8.4049,18.5553,9.6071,-0.5433,15.6103,9.7730,B,A,22
0,0,0,0,0,0,0,1,1,1,1,10.2864,32.7091,2593,1.2000,21.8941,STEP3: Safe Area Cleanup (σ=0.2415),6.3146,14.8719,3.9718,-4.5856,11.5176,9.0901,B,A,23
0,0,0,0,0,0,0,0,0,0,1,14.2498,37.1419,2592,4.2000,21.4001,STEP3: Safe Area Cleanup (σ=0.2415),7.9333,17.7407,6.3165,-3.4909,14.5707,10.8418,B,A,22
0,0,0,0,0,0,0,1,1,1,1,10.6764,34.7027,2591,2.0000,23.6640,STEP3: Safe Area Cleanup (σ=0.2415),7.0201,16.1374,3.6564,-5.4610,12.2492,9.8005,B,A,21
0,0,0,0,0,0,0,0,0,0,0,20.5355,39.5761,2595,inf,14.7046,STEP3: Safe Area Cleanup (σ=0.2415),8.8997,19.4012,11.6358,1.1342,17.6390,11.3470,A,A,21
0,0,0,0,0,0,0,0,1,1,1,12.4560,34.2209,2594,2.8000,19.3767,STEP3: Safe Area Cleanup (σ=0.2415),6.8462,15.8278,5.6099,-3.3718,12.5594,9.0297,B,A,23
0,0,0,0,0,0,0,0,0,0,0,22.1061,38.1611,2597,2.3000,10.0260,STEP3: Safe Area Cleanup (σ=0.2417),8.3313,18.4286,13.7749,3.6775,17.7367,10.4964,A,A,21
0,0,0,0,0,0,0,0,0,0,1,18.1961,35.2275,2598,1.5000,11.8897,STEP3: Safe Area Cleanup (σ=0.2417),7.2119,16.4772,10.9842,1.7189,15.3593,9.4503,A,A,22
0,0,0,0,0,0,0,0,0,0,0,24.1352,37.5829,2596,3.6000,12.4953,STEP3: Safe Area Cleanup (σ=0.2417),8.1043,18.0371,16.0309,6.0981,20.9015,14.5229,A,A,23
0,0,0,0,0,0,0,0,0,0,0,14.5185,30.7107,2599,inf,24.8264,STEP3: Safe Area Cleanup (σ=0.2417),5.6443,13.6440,8.8742,0.8746,16.9711,15.8768,A,A,21
0,0,0,0,0,0,0,0,1,1,1,11.3479,32.4926,2600,1.3000,16.5957,STEP3: Safe Area Cleanup (σ=0.2417),6.2401,14.7369,5.1078,-3.3890,10.7942,6.9406,B,A,22
1,0,1,1,1,1,1,1,1,1,1,13.9092,39.9966,2603,0.0000,12.4665,STEP3: Safe Area Cleanup (σ=0.2391),9.0722,19.6942,4.8371,-5.7849,9.9752,2.9268,B,A,23
0,0,0,0,0,0,0,1,1,1,1,10.8429,37.6015,2602,2.6000,23.8960,STEP3: Safe Area Cleanup (σ=0.2391),8.1116,18.0496,2.7314,-7.2067,12.0500,8.9095,B,A,21
1,0,1,1,1,1,1,1,1,1,1,13.6967,39.9592,2605,0.0000,12.7497,STEP3: Safe Area Cleanup (σ=0.2391),9.0568,19.6681,4.6399,-5.9714,9.8904,2.9334,B,A,21
0,0,0,0,0,0,1,1,1,1,1,11.3372,33.7133,2604,0.3000,17.9342,STEP3: Safe Area Cleanup (σ=0.2391),6.6653,15.5043,4.6718,-4.1671,11.0197,7.2184,B,A,23
-1,-1,-1,-1,-1,-1,-1,-1,-1,-1,-1,11.840915628361433,30.024612556240932,2601,23.322420475457182,STEP3: Safe Area Cleanup (σ=0.2391) [ERROR: TIMEOUT]
0,0,0,0,0,0,0,0,0,0,1,14.4864,36.1652,2608,3.6000,23.9330,STEP3: Safe Area Cleanup (σ=0.2400),7.5610,17.0914,6.9254,-2.6050,15.9401,13.1862,B,A,23
0,0,0,0,0,0,0,0,0,0,0,15.4136,37.0646,2606,inf,24.9551,STEP3: Safe Area Cleanup (σ=0.2400),7.9035,17.6890,7.5101,-2.2754,17.1177,14.4187,B,A,21
0,0,0,0,0,0,0,1,1,1,1,13.7269,39.2405,2607,0.0000,15.6345,STEP3: Safe Area Cleanup (σ=0.2400),8.7632,19.1687,4.9637,-5.4418,11.2981,5.3635,B,A,22
0,0,0,0,0,0,0,0,0,0,0,22.3315,37.2860,2609,4.2000,13.1150,STEP3: Safe Area Cleanup (σ=0.2400),7.9890,17.8374,14.3425,4.4941,19.4186,13.2972,A,A,23
0,0,0,0,0,0,0,0,0,0,0,20.0641,36.7040,2610,inf,15.1231,STEP3: Safe Area Cleanup (σ=0.2400),7.7653,17.4485,12.2988,2.6156,18.0706,12.6770,A,A,21
0,0,0,0,0,0,0,0,0,1,1,14.9530,34.2653,2611,0.2000,11.9715,STEP3: Safe Area Cleanup (σ=0.2370),6.8621,15.8563,8.0909,-0.9032,12.3895,6.7642,B,A,23
0,0,0,0,0,0,0,0,0,0,0,21.7421,33.2810,2612,inf,16.8179,STEP3: Safe Area Cleanup (σ=0.2370),6.5132,15.2308,15.2289,6.5113,21.1143,17.1142,A,A,22
0,0,0,0,0,0,0,0,0,0,0,22.4659,37.1514,2613,3.1000,13.1329,STEP3: Safe Area Cleanup (σ=0.2370),7.9370,17.7472,14.5289,4.7188,19.5956,13.5158,A,A,21
0,0,0,0,0,0,0,0,0,0,0,19.9697,32.4242,2614,inf,22.0539,STEP3: Safe Area Cleanup (σ=0.2370),6.2168,14.6944,13.7530,5.2753,21.2956,18.9869,A,A,22
0,0,0,0,0,0,0,1,1,1,1,11.7296,39.7824,2615,0.8000,21.8232,STEP3: Safe Area Cleanup (σ=0.2370),8.9841,19.5447,2.7455,-7.8151,11.6968,7.3876,B,A,21
0,0,0,0,0,0,0,0,0,0,1,16.4959,36.9651,2616,1.7000,16.7696,STEP3: Safe Area Cleanup (σ=0.2375),7.8653,17.6225,8.6306,-1.1266,15.0714,10.0747,B,A,21
0,0,0,0,0,0,0,0,0,1,1,13.7296,37.5181,2617,4.0000,19.1865,STEP3: Safe Area Cleanup (σ=0.2375),8.0791,17.9935,5.6505,-4.2639,13.1178,8.6598,B,A,23
0,0,0,0,0,0,0,0,0,0,0,17.3978,34.8658,2619,inf,22.1672,STEP3: Safe Area Cleanup (σ=0.2375),7.0794,16.2427,10.3184,1.1551,18.4012,15.4880,A,A,21
0,0,0,0,0,0,0,0,0,0,1,13.9910,35.3417,2620,2.0000,23.8587,STEP3: Safe Area Cleanup (σ=0.2375),7.2540,16.5516,6.7370,-2.5606,15.5417,12.9816,B,A,23
-1,-1,-1,-1,-1,-1,-1,-1,-1,-1,-1,16.521598156310617,36.8615197520911,2618,16.769942219700624,STEP3: Safe Area Cleanup (σ=0.2375) [ERROR: TIMEOUT]
0,1,0,0,0,0,0,0,0,0,0,20.9054,35.9516,2623,0.0000,21.7987,STEP3: Safe Area Cleanup (σ=0.2347),7.4808,16.9507,13.4247,3.9547,21.5923,18.2903,A,A,23
0,0,0,0,0,0,0,0,0,0,1,16.3166,36.9259,2622,1.8000,16.7030,STEP3: Safe Area Cleanup (σ=0.2347),7.8502,17.5963,8.4663,-1.2798,14.8754,9.8704,B,A,22
0,0,0,0,0,0,0,0,0,0,0,18.5000,37.2747,2621,2.1000,13.7012,STEP3: Safe Area Cleanup (σ=0.2347),7.9846,17.8298,10.5154,0.6703,15.8170,9.8652,A,A,21
0,1,0,0,0,0,0,0,0,0,0,15.9836,30.9845,2624,0.0000,20.5580,STEP3: Safe Area Cleanup (σ=0.2347),5.7340,13.8098,10.2497,2.1738,17.0066,14.6540,A,A,23
0,0,0,0,0,0,0,0,0,0,0,16.5316,33.2910,2625,2.3000,21.1774,STEP3: Safe Area Cleanup (σ=0.2347),6.5167,15.2371,10.0149,1.2944,17.4278,14.6479,A,A,22
0,1,0,0,0,0,0,0,0,0,0,15.5930,30.6600,2627,0.0000,18.1105,STEP3: Safe Area Cleanup (σ=0.2351),5.6278,13.6133,9.9652,1.9796,15.8632,12.9142,A,A,23
0,0,0,0,0,0,0,0,0,0,0,15.6206,30.8433,2626,3.0000,18.0275,STEP3: Safe Area Cleanup (σ=0.2351),5.6876,13.7242,9.9330,1.8964,15.8346,12.8145,A,A,21
0,0,0,0,0,0,0,0,0,0,0,16.5979,33.2673,2628,4.6000,20.9457,STEP3: Safe Area Cleanup (σ=0.2351),6.5084,15.2221,10.0896,1.3758,17.4168,14.5781,A,A,22
0,1,0,0,0,0,0,0,0,0,0,21.2868,39.4114,2629,0.0000,12.7122,STEP3: Safe Area Cleanup (σ=0.2351),8.8326,19.2870,12.4542,1.9998,17.6247,10.8076,A,A,23
0,0,0,0,0,0,0,0,0,0,0,15.3175,30.7954,2630,2.4000,18.1288,STEP3: Safe Area Cleanup (σ=0.2351),5.6720,13.6952,9.6456,1.6223,15.5723,12.5929,A,A,21
0,1,0,0,0,0,0,0,0,0,0,20.8513,36.0204,2633,0.0000,21.8722,STEP3: Safe Area Cleanup (σ=0.2322),7.5066,16.9960,13.3447,3.8552,21.5538,18.2545,A,A,23
0,0,0,0,0,0,0,0,0,0,0,24.2247,32.9202,2632,4.0000,10.0040,STEP3: Safe Area Cleanup (σ=0.2322),6.3875,15.0040,17.8372,9.2207,21.3046,15.4910,A,A,22
0,0,0,0,0,0,0,0,0,0,0,24.0377,33.3528,2631,inf,22.8921,STEP3: Safe Area Cleanup (σ=0.2322),6.5383,15.2761,17.4994,8.7617,25.5257,23.2107,A,A,21
0,1,0,0,0,0,0,0,0,0,0,24.9696,35.1977,2634,0.0000,11.5243,STEP3: Safe Area Cleanup (σ=0.2322),7.2009,16.4579,17.7686,8.5117,22.0061,16.0021,A,A,23
0,0,0,0,0,0,0,0,0,0,0,24.9674,35.1466,2635,4.3000,11.5843,STEP3: Safe Area Cleanup (σ=0.2322),7.1822,16.4247,17.7852,8.5427,22.0393,16.0661,A,A,22
0,1,0,0,0,0,0,0,0,0,0,24.0325,33.4713,2636,0.0000,22.6817,STEP3: Safe Area Cleanup (σ=0.2315),6.5799,15.3509,17.4526,8.6816,25.4300,23.0252,A,A,23
0,0,0,0,0,0,0,0,0,0,0,21.4146,39.4485,2638,inf,12.5799,STEP3: Safe Area Cleanup (σ=0.2315),8.8476,19.3127,12.5670,2.1019,17.6879,10.8227,A,A,22
0,0,0,0,0,0,0,0,0,0,0,22.5863,31.1053,2640,4.3000,13.1272,STEP3: Safe Area Cleanup (σ=0.2315),5.7737,13.8832,16.8125,8.7031,21.1418,16.6884,A,A,22
-1,-1,-1,-1,-1,-1,-1,-1,-1,-1,-1,24.929753745520635,36.186337520628214,2637,18.842757529993932,STEP3: Safe Area Cleanup (σ=0.2315) [ERROR: TIMEOUT]
-1,-1,-1,-1,-1,-1,-1,-1,-1,-1,-1,12.777717365157734,37.66515718904426,2639,17.192320290122513,STEP3: Safe Area Cleanup (σ=0.2315) [ERROR: TIMEOUT]
0,0,0,0,0,0,0,1,1,1,1,13.1603,39.9991,2641,0.8000,17.4630,STEP3: Safe Area Cleanup (σ=0.2315),9.0732,19.6959,4.0871,-6.5357,11.2849,5.6681,B,A,22
0,0,0,0,0,0,0,0,0,0,0,14.0143,30.0194,2643,3.1000,19.4067,STEP3: Safe Area Cleanup (σ=0.2315),5.4211,13.2286,8.5933,0.7857,14.7983,12.3763,A,A,21
0,0,0,0,0,0,0,0,0,0,1,11.8626,30.0208,2644,3.1000,23.5931,STEP3: Safe Area Cleanup (σ=0.2315),5.4215,13.2295,6.4410,-1.3670,13.9849,12.7244,B,A,22
-1,-1,-1,-1,-1,-1,-1,-1,-1,-1,-1,14.148025695949084,39.98261081319134,2642,14.967503440217513,STEP3: Safe Area Cleanup (σ=0.2315) [ERROR: TIMEOUT]
0,0,0,0,0,0,0,0,0,0,1,16.5667,36.0719,2645,inf,14.8864,STEP3: Safe Area Cleanup (σ=0.2315),7.5259,17.0300,9.0407,-0.4633,14.6350,9.3447,B,A,21
0,0,0,0,0,0,0,0,0,0,1,16.6569,36.0027,2646,1.3000,14.3305,STEP3: Safe Area Cleanup (σ=0.2312),7.4999,16.9844,9.1569,-0.3275,14.5331,9.1042,B,A,21
0,0,0,0,0,0,0,0,0,0,0,20.9592,36.0331,2647,4.0000,21.8330,STEP3: Safe Area Cleanup (σ=0.2312),7.5114,17.0044,13.4478,3.9548,21.6448,18.3310,A,A,22
0,0,0,0,0,0,0,0,0,0,0,23.7907,36.8515,2648,inf,19.5719,STEP3: Safe Area Cleanup (σ=0.2312),7.8217,17.5467,15.9690,6.2440,23.4654,19.2944,A,A,23
0,0,0,0,0,0,0,0,0,0,0,17.8299,30.9481,2649,inf,14.8001,STEP3: Safe Area Cleanup (σ=0.2312),5.7220,13.7877,12.1080,4.0423,16.9674,13.0215,A,A,21
0,0,0,0,0,0,0,0,0,0,0,23.9779,39.1543,2650,inf,23.0982,STEP3: Safe Area Cleanup (σ=0.2312),8.7283,19.1092,15.2496,4.8687,24.5894,20.8120,A,A,22
0,0,0,0,0,0,0,0,0,0,0,19.3552,30.0340,2651,3.4000,13.8034,STEP3: Safe Area Cleanup (σ=0.2334),5.4257,13.2373,13.9294,6.1178,18.3447,14.3639,A,A,23
0,0,0,0,0,0,0,1,1,1,1,14.0514,39.9669,2652,0.0000,15.2990,STEP3: Safe Area Cleanup (σ=0.2334),9.0599,19.6734,4.9915,-5.6221,11.2928,5.0645,B,A,21
0,0,0,0,0,0,0,0,0,0,0,24.9692,36.1184,2653,inf,18.9776,STEP3: Safe Area Cleanup (σ=0.2334),7.5434,17.0606,17.4258,7.9086,24.5657,20.4212,A,A,22
0,0,0,0,0,0,0,0,0,1,1,10.9874,31.5789,2654,1.5000,21.9575,STEP3: Safe Area Cleanup (σ=0.2334),5.9310,14.1724,5.0565,-3.1850,12.3943,10.2777,B,A,23
0,0,0,0,0,0,0,1,1,1,1,12.4660,37.6126,2655,0.4000,17.1041,STEP3: Safe Area Cleanup (σ=0.2334),8.1159,18.0572,4.3501,-5.5911,11.0219,5.9464,B,A,21
0,0,0,0,0,0,0,0,0,0,1,14.5794,32.9531,2657,inf,14.6608,STEP3: Safe Area Cleanup (σ=0.2240),6.3989,15.0246,8.1805,-0.4452,13.2665,8.7488,B,A,21
0,0,0,0,0,0,0,0,0,0,0,24.9638,34.4207,2658,inf,18.6480,STEP3: Safe Area Cleanup (σ=0.2240),6.9180,15.9559,18.0458,9.0079,24.7685,20.9809,A,A,23
0,0,0,0,0,0,0,0,0,0,0,18.0922,31.8114,2659,2.7000,15.5342,STEP3: Safe Area Cleanup (σ=0.2240),6.0089,14.3153,12.0833,3.7769,17.3080,13.3381,A,A,21
0,0,0,0,0,0,0,0,0,0,0,18.7895,32.8350,2660,3.3000,17.6505,STEP3: Safe Area Cleanup (σ=0.2240),6.3580,14.9506,12.4315,3.8389,18.5353,14.8865,A,A,23
-1,-1,-1,-1,-1,-1,-1,-1,-1,-1,-1,12.316402590583115,37.64791256878586,2656,16.978055114331696,STEP3: Safe Area Cleanup (σ=0.2240) [ERROR: TIMEOUT]
0,0,0,0,0,0,0,0,0,0,0,14.7987,33.0599,2661,2.5000,24.9276,STEP3: Safe Area Cleanup (σ=0.2254),6.4360,15.0916,8.3627,-0.2929,17.0349,15.3665,B,A,22
0,0,0,0,0,0,1,1,1,1,1,10.0972,33.7607,2662,0.0000,19.1453,STEP3: Safe Area Cleanup (σ=0.2254),6.6821,15.5344,3.4151,-5.4372,10.2000,6.7265,B,A,21
0,0,0,0,0,0,0,0,0,0,0,17.3495,39.0946,2663,inf,16.9300,STEP3: Safe Area Cleanup (σ=0.2254),8.7042,19.0680,8.6453,-1.7185,15.4816,9.9569,B,A,23
0,0,0,0,0,0,0,0,0,0,0,24.9421,30.8226,2664,inf,17.9754,STEP3: Safe Area Cleanup (σ=0.2254),5.6809,13.7117,19.2612,11.2304,25.1423,22.1132,A,A,22
0,0,0,0,0,0,0,0,0,0,0,20.7412,32.3656,2665,3.5000,20.2926,STEP3: Safe Area Cleanup (σ=0.2254),6.1967,14.6579,14.5445,6.0833,21.4737,18.6876,A,A,21
0,0,0,0,0,0,0,0,0,0,0,24.8854,35.5596,2666,inf,14.0836,STEP3: Safe Area Cleanup (σ=0.2233),7.3346,16.6937,17.5508,8.1917,22.7766,17.3974,A,A,23
0,0,0,0,0,0,0,0,0,0,0,20.0015,32.6847,2668,inf,14.7668,STEP3: Safe Area Cleanup (σ=0.2233),6.3062,14.8567,13.6953,5.1448,18.7814,14.3649,A,A,22
0,0,0,0,0,0,0,0,0,0,0,24.9204,38.1323,2667,4.7000,21.1719,STEP3: Safe Area Cleanup (σ=0.2233),8.3199,18.4090,16.6005,6.5113,24.9610,20.9047,A,A,21
0,0,0,0,0,0,0,0,0,0,1,12.6373,31.8943,2670,inf,18.4848,STEP3: Safe Area Cleanup (σ=0.2233),6.0368,14.3663,6.6005,-1.7290,12.8318,9.6638,B,A,22
0,0,0,0,0,0,0,0,0,0,0,19.9248,32.6427,2669,inf,14.9742,STEP3: Safe Area Cleanup (σ=0.2233),6.2917,14.8304,13.6331,5.0944,18.7847,14.4375,A,A,23
0,0,0,0,0,0,0,0,0,0,0,18.9375,33.9053,2673,2.0000,10.9576,STEP3: Safe Area Cleanup (σ=0.2179),6.7335,15.6264,12.2040,3.3111,16.1019,10.2889,A,A,22
0,0,0,0,0,0,0,0,0,0,0,20.2161,39.4704,2672,2.3000,17.7955,STEP3: Safe Area Cleanup (σ=0.2179),8.8566,19.3279,11.3596,0.8883,18.6073,13.2286,A,A,23
0,0,0,0,0,0,0,0,0,0,0,23.1596,31.4995,2674,inf,21.4234,STEP3: Safe Area Cleanup (σ=0.2179),5.9044,14.1238,17.2552,9.0359,24.3987,22.1538,A,A,22
-1,-1,-1,-1,-1,-1,-1,-1,-1,-1,-1,23.691927680562838,35.44474806756355,2671,20.53725026543355,STEP3: Safe Area Cleanup (σ=0.2179) [ERROR: TIMEOUT]
-1,-1,-1,-1,-1,-1,-1,-1,-1,-1,-1,17.008221718695317,30.599835036973708,2675,21.115836834104357,STEP3: Safe Area Cleanup (σ=0.2179) [ERROR: TIMEOUT]
0,0,0,0,0,0,0,0,0,0,0,16.5521,33.7987,2677,inf,23.7474,STEP3: Safe Area Cleanup (σ=0.2210),6.6956,15.5585,9.8565,0.9936,18.2807,16.0903,A,A,23
0,0,0,0,0,0,0,0,0,0,1,17.8612,36.2996,2679,1.4000,11.1274,STEP3: Safe Area Cleanup (σ=0.2210),7.6117,17.1802,10.2494,0.6809,14.4546,8.0381,A,A,23
-1,-1,-1,-1,-1,-1,-1,-1,-1,-1,-1,22.6348355544357,30.00218322514481,2676,20.174089476931883,STEP3: Safe Area Cleanup (σ=0.2210) [ERROR: TIMEOUT]
-1,-1,-1,-1,-1,-1,-1,-1,-1,-1,-1,21.480961381100634,37.67109588863476,2678,11.722517812826428,STEP3: Safe Area Cleanup (σ=0.2210) [ERROR: TIMEOUT]
0,0,0,0,0,0,0,0,0,0,0,14.7161,34.4768,2680,inf,18.8169,STEP3: Safe Area Cleanup (σ=0.2210),6.9383,15.9920,7.7779,-1.2758,14.5712,10.8164,B,A,23
0,0,0,0,0,0,0,0,0,0,0,21.2378,32.2774,2682,3.4000,11.0502,STEP3: Safe Area Cleanup (σ=0.2187),6.1667,14.6032,15.0712,6.6346,18.8355,13.4884,A,A,23
0,0,0,0,0,0,0,1,1,1,1,12.2840,37.3428,2683,inf,19.8538,STEP3: Safe Area Cleanup (σ=0.2187),8.0110,17.8755,4.2730,-5.5915,11.9678,7.7462,B,A,21
0,0,0,0,0,0,0,0,0,0,0,16.3539,35.1820,2684,inf,24.8722,STEP3: Safe Area Cleanup (σ=0.2187),7.1952,16.4476,9.1587,-0.0938,18.3006,16.0682,B,A,23
0,0,0,0,0,0,0,0,0,0,0,19.2348,30.8064,2685,2.6000,11.9110,STEP3: Safe Area Cleanup (σ=0.2187),5.6756,13.7019,13.5592,5.5330,17.4544,12.7422,A,A,21
-1,-1,-1,-1,-1,-1,-1,-1,-1,-1,-1,17.65399181271963,34.68673192158956,2681,24.994736787390032,STEP3: Safe Area Cleanup (σ=0.2187) [ERROR: TIMEOUT]
0,0,0,0,0,0,0,0,0,0,0,21.2544,32.3287,2686,3.3000,10.9560,STEP3: Safe Area Cleanup (σ=0.2167),6.1841,14.6350,15.0703,6.6194,18.8076,13.4204,A,A,23
0,0,0,0,0,0,0,0,0,0,0,23.7259,31.3105,2687,inf,16.6190,STEP3: Safe Area Cleanup (σ=0.2167),5.8416,14.0082,17.8843,9.7177,23.3967,19.8618,A,A,21
0,0,0,0,0,0,0,0,0,0,0,21.3227,38.4287,2688,inf,22.6854,STEP3: Safe Area Cleanup (σ=0.2167),8.4373,18.6110,12.8853,2.7116,21.9057,18.2024,A,A,22
0,0,0,0,0,0,0,0,1,1,1,11.0794,30.0308,2689,1.3000,15.7774,STEP3: Safe Area Cleanup (σ=0.2167),5.4247,13.2355,5.6546,-2.1561,10.7009,7.2687,B,A,23
0,0,0,0,0,0,0,0,0,0,0,22.8028,30.0214,2690,inf,20.4071,STEP3: Safe Area Cleanup (σ=0.2167),5.4217,13.2299,17.3811,9.5729,23.9064,21.7615,A,A,21
1,0,0,1,1,1,1,1,1,1,1,17.5540,38.9352,2692,0.0000,10.0185,STEP3: Safe Area Cleanup (σ=0.2143),8.6399,18.9582,8.9141,-1.4042,12.9447,5.4886,B,A,21
0,0,0,0,0,0,0,0,0,0,0,22.3239,30.1140,2693,4.1000,11.9847,STEP3: Safe Area Cleanup (σ=0.2143),5.4513,13.2852,16.8726,9.0388,20.7150,16.2082,A,A,23
1,0,0,1,1,1,1,1,1,1,1,10.0923,35.2732,2691,0.0000,18.7299,STEP3: Safe Area Cleanup (σ=0.2143),7.2287,16.5070,2.8636,-6.4147,9.7637,5.7734,B,A,22
0,0,0,0,0,0,0,0,0,0,0,18.0102,30.0304,2694,2.3000,11.7190,STEP3: Safe Area Cleanup (σ=0.2143),5.4246,13.2352,12.5856,4.7750,16.3338,11.7754,A,A,21
0,0,0,0,0,0,0,0,0,0,0,22.2592,33.0188,2695,3.4000,14.6161,STEP3: Safe Area Cleanup (σ=0.2143),6.4218,15.0659,15.8375,7.1934,20.9168,16.3691,A,A,23
0,0,0,0,0,0,0,0,0,0,0,24.9898,30.0100,2696,4.8000,24.8216,STEP3: Safe Area Cleanup (σ=0.0871),5.4181,13.2230,19.5718,11.7668,27.5059,26.5891,A,A,22
0,0,0,0,0,0,0,0,1,1,1,10.0157,30.0173,2698,1.6000,19.1504,STEP3: Safe Area Cleanup (σ=0.0871),5.4204,13.2274,4.5953,-3.2117,10.7180,8.2254,B,A,21
0,0,0,0,0,0,0,0,0,0,1,20.5644,39.9381,2700,0.0000,10.0458,STEP3: Safe Area Cleanup (σ=0.0871),9.0481,19.6533,11.5164,0.9111,15.6513,7.9252,A,A,21
0,0,0,0,0,0,0,0,0,0,0,24.9834,30.0247,2699,inf,14.7229,STEP3: Safe Area Cleanup (σ=0.0871),5.4228,13.2318,19.5607,11.7516,24.2688,20.5456,A,A,22
-1,-1,-1,-1,-1,-1,-1,-1,-1,-1,-1,24.662483744262445,30.021188775591263,2697,10.075550802485672,STEP3: Safe Area Cleanup (σ=0.0871) [ERROR: TIMEOUT]
0,0,0,0,0,0,0,0,0,0,0,15.8831,30.9706,2703,4.8000,20.7445,STEP3: Safe Area Cleanup (σ=0.2202),5.7294,13.8014,10.1537,2.0817,16.9692,14.6722,A,A,22
0,0,0,0,0,0,0,0,0,0,0,17.8053,34.7196,2701,inf,24.9796,STEP3: Safe Area Cleanup (σ=0.2202),7.0262,16.1483,10.7791,1.6570,19.8535,17.7712,A,A,21
0,0,0,0,0,0,0,0,0,0,0,23.9485,39.9874,2702,inf,15.6571,STEP3: Safe Area Cleanup (σ=0.2202),9.0684,19.6877,14.8801,4.2608,21.3319,15.2007,A,A,23
0,0,0,0,0,0,0,0,0,0,0,16.4972,32.0006,2705,1.8000,11.9254,STEP3: Safe Area Cleanup (σ=0.2202),6.0727,14.4319,10.4245,2.0652,14.4563,9.4282,A,A,21
0,0,0,0,0,0,0,0,0,0,0,17.8537,35.9214,2704,1.9000,13.1540,STEP3: Safe Area Cleanup (σ=0.2202),7.4695,16.9309,10.3842,0.9227,15.3091,9.5693,A,A,22
0,0,0,0,0,0,0,0,1,1,1,10.0133,31.0496,2708,inf,24.9888,STEP3: Safe Area Cleanup (σ=0.0791),5.7554,13.8493,4.2579,-3.8360,12.4862,11.3506,B,A,22
0,0,0,0,0,0,0,0,0,0,0,23.2020,30.0243,2706,4.1000,10.0121,STEP3: Safe Area Cleanup (σ=0.0791),5.4226,13.2316,17.7794,9.9704,20.9811,15.9507,A,A,23
0,0,0,0,0,0,0,0,0,0,0,24.9134,39.9852,2707,2.7000,10.9263,STEP3: Safe Area Cleanup (σ=0.0791),9.0675,19.6862,15.8459,5.2272,20.3481,12.8613,A,A,21
0,0,0,0,0,0,0,0,0,0,0,24.1217,39.9695,2710,0.0000,10.5277,STEP3: Safe Area Cleanup (σ=0.0791),9.0610,19.6752,15.0607,4.4465,19.3971,11.8005,A,A,23
0,0,0,0,0,0,0,0,0,0,0,24.9620,39.9486,2709,inf,15.5002,STEP3: Safe Area Cleanup (σ=0.0791),9.0524,19.6607,15.9096,5.3014,22.2912,16.1255,A,A,22
-1,-1,-1,-1,-1,-1,-1,-1,-1,-1,-1,24.8096,39.7209,2712,inf,10.0661,STEP3: Safe Area Cleanup (σ=0.0803),8.9589,19.5019,15.8507,5.3077,19.9738,12.3137,A,A,23
0,0,0,0,0,0,0,0,0,0,0,24.6714,39.9275,2711,3.5000,10.3663,STEP3: Safe Area Cleanup (σ=0.0803),9.0437,19.6459,15.6277,5.0255,19.8936,12.2623,A,A,21
-1,-1,-1,-1,-1,-1,-1,-1,-1,-1,-1,24.6430,38.5513,2714,inf,24.9599,STEP3: Safe Area Cleanup (σ=0.0803),8.4862,18.6948,16.1568,5.9481,26.1100,23.0232,A,A,23
0,0,0,0,0,0,0,0,0,0,0,24.0984,39.8442,2715,1.9000,10.1922,STEP3: Safe Area Cleanup (σ=0.0803),9.0095,19.5878,15.0889,4.5106,19.2753,11.6172,A,A,21
-1,-1,-1,-1,-1,-1,-1,-1,-1,-1,-1,24.692208567703233,38.7164471012474,2713,24.968127706497093,STEP3: Safe Area Cleanup (σ=0.0803) [ERROR: TIMEOUT]
-1,-1,-1,-1,-1,-1,-1,-1,-1,-1,-1,18.5081,30.0283,2717,inf,24.9459,STEP3: Safe Area Cleanup (σ=0.0851),5.4239,13.2340,13.0841,5.2741,21.0623,20.1752,A,A,21
-1,-1,-1,-1,-1,-1,-1,-1,-1,-1,-1,17.3037,39.7446,2718,inf,24.9787,STEP3: Safe Area Cleanup (σ=0.0851),8.9686,19.5184,8.3351,-2.2147,18.5718,15.1766,B,A,23
-1,-1,-1,-1,-1,-1,-1,-1,-1,-1,-1,10.0632,39.9359,2720,inf,21.5364,STEP3: Safe Area Cleanup (σ=0.0851),9.0471,19.6517,1.0161,-9.5885,9.8803,5.4480,B,A,23
-1,-1,-1,-1,-1,-1,-1,-1,-1,-1,-1,16.6414,39.9790,2719,inf,24.6832,STEP3: Safe Area Cleanup (σ=0.0851),9.0649,19.6819,7.5765,-3.0405,17.7457,14.2040,B,A,21
-1,-1,-1,-1,-1,-1,-1,-1,-1,-1,-1,10.02096233538907,39.991045634448014,2716,20.067531512901084,STEP3: Safe Area Cleanup (σ=0.0851) [ERROR: TIMEOUT]
-1,-1,-1,-1,-1,-1,-1,-1,-1,-1,-1,24.8296,30.1083,2721,inf,10.0500,STEP3: Safe Area Cleanup (σ=0.0879),5.4495,13.2818,19.3800,11.5478,22.6016,17.5592,A,A,23
-1,-1,-1,-1,-1,-1,-1,-1,-1,-1,-1,24.9233,38.8332,2722,inf,24.9768,STEP3: Safe Area Cleanup (σ=0.0879),8.5989,18.8880,16.3244,6.0353,26.3495,23.1935,A,A,21
-1,-1,-1,-1,-1,-1,-1,-1,-1,-1,-1,10.0414,39.8507,2724,inf,22.4371,STEP3: Safe Area Cleanup (σ=0.0879),9.0121,19.5923,1.0293,-9.5509,10.2465,6.0951,B,A,23
-1,-1,-1,-1,-1,-1,-1,-1,-1,-1,-1,23.7739,30.0383,2725,inf,24.8291,STEP3: Safe Area Cleanup (σ=0.0879),5.4271,13.2399,18.3468,10.5340,26.2899,25.3679,A,A,21
-1,-1,-1,-1,-1,-1,-1,-1,-1,-1,-1,10.068577698810286,39.862539453791335,2723,20.473300017478053,STEP3: Safe Area Cleanup (σ=0.0879) [ERROR: TIMEOUT]
-1,-1,-1,-1,-1,-1,-1,-1,-1,-1,-1,24.9218,30.2850,2727,inf,10.2160,STEP3: Safe Area Cleanup (σ=0.0812),5.5063,13.3877,19.4155,11.5342,22.7070,17.6633,A,A,21
0,0,0,0,0,0,0,0,0,0,0,16.1806,39.8248,2728,inf,24.9180,STEP3: Safe Area Cleanup (σ=0.0812),9.0015,19.5742,7.1791,-3.3936,17.4095,13.9758,B,A,22
0,0,0,0,0,0,0,0,0,0,0,24.7369,38.8504,2729,inf,24.8643,STEP3: Safe Area Cleanup (σ=0.0812),8.6058,18.8999,16.1311,5.8370,26.1150,22.9223,A,A,22
-1,-1,-1,-1,-1,-1,-1,-1,-1,-1,-1,10.035009801851984,39.94333070064384,2726,22.337300031772557,STEP3: Safe Area Cleanup (σ=0.0812) [ERROR: TIMEOUT]
-1,-1,-1,-1,-1,-1,-1,-1,-1,-1,-1,17.367806110813984,39.70704611438585,2730,24.937648085168384,STEP3: Safe Area Cleanup (σ=0.0812) [ERROR: TIMEOUT]
0,0,0,0,0,0,0,0,0,0,0,18.5571,30.0476,2731,4.5000,24.9446,STEP3: Safe Area Cleanup (σ=0.0774),5.4301,13.2455,13.1271,5.3117,21.1093,20.2170,A,A,22
0,0,0,0,0,0,0,0,0,0,0,18.0971,30.1566,2733,inf,24.9880,STEP3: Safe Area Cleanup (σ=0.0774),5.4650,13.3107,12.6321,4.7865,20.6534,19.7454,A,A,23
0,0,0,0,0,0,0,0,0,0,0,24.7483,38.5559,2735,inf,24.8588,STEP3: Safe Area Cleanup (σ=0.0774),8.4880,18.6980,16.2603,6.0504,26.1743,23.0574,A,A,23
0,0,0,0,0,0,0,0,0,0,1,15.9842,39.9394,2734,inf,24.6961,STEP3: Safe Area Cleanup (σ=0.0774),9.0486,19.6542,6.9356,-3.6700,17.1011,13.5735,B,A,22
-1,-1,-1,-1,-1,-1,-1,-1,-1,-1,-1,15.377024667902047,30.051558297182286,2732,24.933611211736725,STEP3: Safe Area Cleanup (σ=0.0774) [ERROR: TIMEOUT]
0,0,0,0,0,0,0,1,1,1,1,10.0752,39.2360,2736,3.6000,24.9642,STEP3: Safe Area Cleanup (σ=0.0792),8.7614,19.1656,1.3138,-9.0904,11.4271,8.1616,B,A,23
0,0,0,0,0,0,0,1,1,1,1,10.0560,32.6665,2738,inf,24.9523,STEP3: Safe Area Cleanup (σ=0.0792),6.2999,14.8453,3.7561,-4.7893,12.3461,10.7858,B,A,22
0,0,0,0,0,0,0,0,0,0,0,18.9364,39.9647,2737,inf,24.9720,STEP3: Safe Area Cleanup (σ=0.0792),9.0590,19.6719,9.8774,-0.7355,20.1623,16.7071,B,A,21
0,0,0,0,0,0,0,1,1,1,1,10.0289,32.8500,2739,inf,24.9622,STEP3: Safe Area Cleanup (σ=0.0792),6.3632,14.9600,3.6657,-4.9311,12.3015,10.6968,B,A,23
0,0,0,0,0,0,0,0,0,0,0,21.1963,30.0644,2740,inf,24.9463,STEP3: Safe Area Cleanup (σ=0.0792),5.4355,13.2555,15.7608,7.9407,23.7475,22.8513,A,A,22
0,0,0,0,0,0,0,0,0,0,0,24.8664,30.1335,2741,4.6000,10.0321,STEP3: Safe Area Cleanup (σ=0.0891),5.4576,13.2969,19.4088,11.5695,22.6270,17.5728,A,A,22
0,0,0,0,0,0,0,0,0,0,1,11.1772,30.0366,2743,3.5000,24.8296,STEP3: Safe Area Cleanup (σ=0.0891),5.4266,13.2389,5.7506,-2.0618,13.6935,12.7720,B,A,23
0,0,0,0,0,0,0,0,0,0,1,10.7838,30.0543,2742,3.0000,24.8106,STEP3: Safe Area Cleanup (σ=0.0891),5.4322,13.2495,5.3515,-2.4657,13.2924,12.3611,B,A,21
0,0,0,0,0,0,0,0,0,0,0,19.7142,31.3199,2745,2.9000,24.9304,STEP3: Safe Area Cleanup (σ=0.0891),5.8447,14.0140,13.8694,5.7001,22.1409,20.9198,A,A,21
0,0,0,0,0,0,1,1,1,1,1,10.0192,39.4763,2744,2.3000,24.8548,STEP3: Safe Area Cleanup (σ=0.0891),8.8590,19.3320,1.1602,-9.3128,11.2844,7.9244,B,A,23
0,0,0,0,0,0,0,0,0,0,0,24.9425,30.0397,2747,inf,12.5592,STEP3: Safe Area Cleanup (σ=0.0842),5.4276,13.2408,19.5149,11.7017,23.5329,19.2052,A,A,21
0,0,0,0,0,0,0,0,0,1,1,10.2211,30.1520,2746,3.7000,24.9623,STEP3: Safe Area Cleanup (σ=0.0842),5.4636,13.3080,4.7576,-3.0868,12.7696,11.8556,B,A,23
0,0,0,0,0,0,0,0,0,0,0,24.4958,30.1044,2749,inf,10.0678,STEP3: Safe Area Cleanup (σ=0.0842),5.4483,13.2795,19.0475,11.2163,22.2745,17.2380,A,A,21
0,0,0,0,0,0,1,1,1,1,1,10.0145,35.7899,2750,0.0000,21.0019,STEP3: Safe Area Cleanup (σ=0.0842),7.4203,16.8445,2.5942,-6.8301,10.4318,6.9470,B,A,23
-1,-1,-1,-1,-1,-1,-1,-1,-1,-1,-1,24.997397195012766,30.138846787686685,2748,22.47069341441962,STEP3: Safe Area Cleanup (σ=0.0842) [ERROR: TIMEOUT]
0,0,0,0,0,0,0,0,0,0,0,24.9280,37.5844,2752,2.6000,10.2078,STEP3: Safe Area Cleanup (σ=0.0744),8.1049,18.0381,16.8230,6.8898,20.8021,13.7725,A,A,22
0,0,0,0,0,0,0,0,0,0,0,24.8043,36.2397,2753,4.6000,24.7904,STEP3: Safe Area Cleanup (σ=0.0744),7.5891,17.1406,17.2152,7.6636,26.5699,24.0394,A,A,21
0,0,0,0,0,0,0,0,0,0,0,24.8959,39.9413,2751,inf,22.1763,STEP3: Safe Area Cleanup (σ=0.0744),9.0494,19.6556,15.8465,5.2403,24.9752,20.7249,A,A,23
0,0,0,0,0,0,0,0,0,0,0,24.9434,35.4721,2754,inf,24.8021,STEP3: Safe Area Cleanup (σ=0.0744),7.3022,16.6366,17.6413,8.3069,26.8240,24.4965,A,A,22
0,0,0,0,0,0,1,1,1,1,1,10.0384,36.3546,2755,0.0000,20.1521,STEP3: Safe Area Cleanup (σ=0.0744),7.6325,17.2166,2.4059,-7.1782,10.0318,6.1572,B,A,21
0,0,0,0,0,0,0,0,0,0,0,24.8689,30.1301,2758,inf,22.5305,STEP3: Safe Area Cleanup (σ=0.0726),5.4565,13.2948,19.4124,11.5741,26.6393,25.0558,A,A,22
0,0,0,0,0,0,0,0,0,0,0,15.9554,30.0976,2757,4.3000,24.9039,STEP3: Safe Area Cleanup (σ=0.0726),5.4461,13.2754,10.5093,2.6800,18.4899,17.5736,A,A,21
0,0,0,0,0,0,0,0,0,0,0,24.7776,39.9664,2756,inf,21.7435,STEP3: Safe Area Cleanup (σ=0.0726),9.0597,19.6731,15.7179,5.1046,24.6735,20.2925,A,A,23
0,0,0,0,0,0,0,0,0,0,0,14.8959,30.0187,2759,inf,24.8270,STEP3: Safe Area Cleanup (σ=0.0726),5.4208,13.2282,9.4750,1.6676,17.4129,16.4954,A,A,22
0,0,0,0,0,0,0,0,0,0,0,24.9622,39.7971,2760,inf,23.7408,STEP3: Safe Area Cleanup (σ=0.0726),8.9901,19.5550,15.9720,5.4072,25.7130,21.9493,A,A,23
0,0,0,0,0,0,1,1,1,1,1,10.1296,39.8641,2762,0.0000,20.7157,STEP3: Safe Area Cleanup (σ=0.0787),9.0176,19.6017,1.1120,-9.4721,9.6246,4.9763,B,A,21
0,0,0,0,0,0,0,1,1,1,1,10.0336,39.9178,2761,1.1000,20.8424,STEP3: Safe Area Cleanup (σ=0.0787),9.0397,19.6392,0.9938,-9.6056,9.5689,4.9426,B,A,22
0,0,0,0,0,0,0,0,0,0,0,24.8398,32.7978,2765,4.8000,24.9574,STEP3: Safe Area Cleanup (σ=0.0787),6.3452,14.9273,18.4946,9.9125,27.1167,25.5241,A,A,22
0,0,0,0,0,0,0,1,1,1,1,10.0130,37.3277,2764,4.9000,24.9112,STEP3: Safe Area Cleanup (σ=0.0787),8.0052,17.8654,2.0078,-7.8524,11.6593,8.8791,B,A,21
-1,-1,-1,-1,-1,-1,-1,-1,-1,-1,-1,10.048448243304962,37.735234446146684,2763,24.949964148754674,STEP3: Safe Area Cleanup (σ=0.0787) [ERROR: TIMEOUT]
0,0,0,0,0,0,0,0,0,0,0,21.2437,39.1376,2768,1.6000,10.0288,STEP3: Safe Area Cleanup (σ=0.2193),8.7215,19.0976,12.5221,2.1460,16.5758,9.0666,A,A,23
0,0,0,0,0,0,0,0,1,1,1,15.7234,39.4919,2767,0.5000,13.4161,STEP3: Safe Area Cleanup (σ=0.2193),8.8653,19.3428,6.8581,-3.6194,12.3249,5.6870,B,A,21
1,0,0,1,1,1,1,1,1,1,1,10.0266,39.8069,2766,0.0000,20.4687,STEP3: Safe Area Cleanup (σ=0.2193),8.9941,19.5618,1.0325,-9.5352,9.4328,4.7291,B,A,22
0,0,0,0,0,0,0,0,1,1,1,12.7073,37.0929,2769,1.8000,23.0045,STEP3: Safe Area Cleanup (σ=0.2193),7.9144,17.7079,4.7929,-5.0006,13.6555,10.3952,B,A,23
0,0,0,0,0,0,0,1,1,1,1,11.1802,37.3951,2770,0.7000,21.0437,STEP3: Safe Area Cleanup (σ=0.2193),8.0313,17.9107,3.1489,-6.7304,11.3151,7.4179,B,A,21
0,1,0,0,0,1,1,1,1,1,1,22.3781,37.2801,2772,0.0000,22.6208,STEP3: Safe Area Cleanup (σ=0.2129),7.9867,17.8334,14.3914,4.5447,23.1454,19.7268,A,A,22
0,0,0,0,0,0,0,0,0,0,0,21.8430,30.0105,2771,inf,23.2971,STEP3: Safe Area Cleanup (σ=0.2129),5.4182,13.2233,16.4248,8.6197,23.8717,22.5317,A,A,23
0,0,0,0,0,0,0,0,0,0,0,23.8078,30.0323,2773,inf,12.3207,STEP3: Safe Area Cleanup (σ=0.2129),5.4252,13.2364,18.3827,10.5715,22.3235,17.9316,A,A,21
0,0,0,0,0,0,0,0,0,0,0,22.6334,37.0356,2774,2.5000,10.0578,STEP3: Safe Area Cleanup (σ=0.2129),7.8924,17.6696,14.7411,4.9638,18.6106,11.6892,A,A,22
0,0,0,0,0,0,0,0,0,0,1,15.0458,35.0977,2775,1.5000,14.0127,STEP3: Safe Area Cleanup (σ=0.2129),7.1642,16.3929,7.8816,-1.3471,13.0211,7.7463,B,A,23
0,0,0,0,0,0,0,0,0,0,0,16.4317,37.4903,2777,1.8000,22.4127,STEP3: Safe Area Cleanup (σ=0.2181),8.0683,17.9747,8.3634,-1.5430,17.0806,13.5474,B,A,23
0,0,0,0,0,0,0,0,0,0,0,16.5761,37.3948,2778,2.5000,22.2121,STEP3: Safe Area Cleanup (σ=0.2181),8.0312,17.9104,8.5449,-1.3344,17.1644,13.5994,B,A,21
0,0,0,0,0,0,0,0,0,0,0,17.2157,32.0328,2780,3.0000,20.8194,STEP3: Safe Area Cleanup (σ=0.2181),6.0836,14.4518,11.1321,2.7639,18.1771,15.6250,A,A,21
0,0,0,0,0,0,0,1,1,1,1,12.2847,35.7157,2779,0.0000,18.1893,STEP3: Safe Area Cleanup (σ=0.2181),7.3927,16.7959,4.8921,-4.5112,11.6676,7.4070,B,A,23
-1,-1,-1,-1,-1,-1,-1,-1,-1,-1,-1,21.768283395667474,30.008214141259987,2776,23.17780953886874,STEP3: Safe Area Cleanup (σ=0.2181) [ERROR: TIMEOUT]
0,0,0,0,0,0,0,0,0,0,1,15.9427,30.7142,2782,1.6000,10.6383,STEP3: Safe Area Cleanup (σ=0.2130),5.6455,13.6461,10.2972,2.2966,13.7671,8.7255,A,A,23
0,0,0,0,0,0,0,0,0,0,0,19.6215,32.7024,2781,inf,19.4596,STEP3: Safe Area Cleanup (σ=0.2130),6.3122,14.8677,13.3093,4.7538,20.0148,16.9075,A,A,21
0,0,0,0,0,0,0,0,0,0,1,19.6244,38.9596,2784,1.5000,11.7661,STEP3: Safe Area Cleanup (σ=0.2130),8.6497,18.9750,10.9747,0.6495,15.7111,8.7476,A,A,21
0,0,0,0,0,0,0,0,0,1,1,19.0250,38.9717,2785,1.1000,11.0072,STEP3: Safe Area Cleanup (σ=0.2130),8.6546,18.9833,10.3704,0.0417,14.8026,7.6189,A,A,21
-1,-1,-1,-1,-1,-1,-1,-1,-1,-1,-1,14.852767392785449,39.3280639931822,2783,18.184846865122715,STEP3: Safe Area Cleanup (σ=0.2130) [ERROR: TIMEOUT]
0,0,0,0,0,0,0,0,0,0,0,23.7866,35.4887,2788,inf,20.6181,STEP3: Safe Area Cleanup (σ=0.2108),7.3083,16.6474,16.4783,7.1392,24.1152,20.6012,A,A,21
0,0,0,0,0,0,0,0,0,0,0,19.6672,32.1011,2786,inf,18.7798,STEP3: Safe Area Cleanup (σ=0.2108),6.1067,14.4940,13.5605,5.1732,19.9272,16.7874,A,A,23
0,0,0,0,0,0,0,0,0,0,0,16.7426,34.2374,2787,inf,19.8201,STEP3: Safe Area Cleanup (σ=0.2108),6.8521,15.8384,9.8905,0.9042,17.0021,13.5927,A,A,22
0,0,0,0,0,0,0,0,0,0,0,19.2755,31.5140,2789,inf,17.0374,STEP3: Safe Area Cleanup (σ=0.2108),5.9093,14.1327,13.3662,5.1428,19.0495,15.5776,A,A,21
0,0,0,0,0,0,0,0,0,0,0,23.8282,39.0112,2790,inf,13.6055,STEP3: Safe Area Cleanup (σ=0.2108),8.6705,19.0105,15.1576,4.8176,20.6410,14.1888,A,A,23
0,0,0,0,0,0,0,0,0,0,0,21.6686,37.2172,2792,inf,15.4434,STEP3: Safe Area Cleanup (σ=0.2092),7.9624,17.7912,13.7062,3.8774,19.6737,14.2325,A,A,21
0,0,0,0,0,0,0,0,0,0,0,20.3036,34.5147,2793,3.7000,12.4314,STEP3: Safe Area Cleanup (σ=0.2092),6.9520,16.0163,13.3517,4.2873,17.8441,12.2808,A,A,22
0,0,0,0,0,0,0,0,0,0,0,19.0212,31.4563,2791,inf,17.1121,STEP3: Safe Area Cleanup (σ=0.2092),5.8900,14.0973,13.1312,4.9239,18.8303,15.3944,A,A,23
0,0,0,0,0,0,0,0,0,0,1,15.5812,36.8276,2794,1.7000,21.1290,STEP3: Safe Area Cleanup (σ=0.2092),7.8126,17.5308,7.7686,-1.9496,15.8568,12.1340,B,A,21
0,0,0,0,0,0,0,0,0,0,0,23.9867,33.9432,2795,inf,12.9916,STEP3: Safe Area Cleanup (σ=0.2092),6.7469,15.6505,17.2397,8.3362,21.8658,16.6143,A,A,22
0,0,0,0,0,0,0,0,1,1,1,10.0091,31.9234,2798,2.0000,23.5031,STEP3: Safe Area Cleanup (σ=0.0662),6.0466,14.3843,3.9625,-4.3751,11.8918,10.1176,B,A,21
0,0,0,0,0,0,0,0,0,0,0,21.9740,32.4002,2797,inf,24.9858,STEP3: Safe Area Cleanup (σ=0.0662),6.2085,14.6794,15.7654,7.2945,24.3053,22.8228,A,A,22
0,0,0,0,0,0,0,0,0,0,0,24.9843,33.0772,2796,inf,16.4419,STEP3: Safe Area Cleanup (σ=0.0662),6.4421,15.1025,18.5422,9.8817,24.2650,20.2135,A,A,23
0,0,0,0,0,0,0,0,0,0,1,13.5308,30.0078,2799,2.0000,14.9675,STEP3: Safe Area Cleanup (σ=0.0662),5.4174,13.2217,8.1135,0.3091,12.8975,9.2466,A,A,21
0,0,0,0,0,0,0,0,0,0,0,21.8323,32.7069,2800,4.3000,24.9657,STEP3: Safe Area Cleanup (σ=0.0662),6.3138,14.8706,15.5185,6.9617,24.1224,22.5555,A,A,22
0,0,1,0,1,1,1,1,1,1,1,24.9916,30.0952,2802,0.0000,20.8409,STEP3: Safe Area Cleanup (σ=0.0701),5.4453,13.2740,19.5463,11.7177,26.2245,24.1810,A,A,23
-1,-1,-1,-1,-1,-1,-1,-1,-1,-1,-1,13.6435,30.0129,2801,inf,10.2003,STEP3: Safe Area Cleanup (σ=0.0701),5.4190,13.2248,8.2245,0.4187,11.4853,6.5102,A,A,21
0,0,0,0,0,0,0,0,0,0,1,19.2223,38.0816,2803,1.5000,10.0116,STEP3: Safe Area Cleanup (σ=0.0701),8.2999,18.3746,10.9224,0.8477,14.8712,7.6487,A,A,22
0,0,0,0,0,0,0,0,0,0,0,10.0853,39.7289,2804,0.0000,22.9760,STEP3: Safe Area Cleanup (σ=0.0701),8.9622,19.5075,1.1231,-9.4222,10.5358,6.5711,B,A,23
-1,-1,-1,-1,-1,-1,-1,-1,-1,-1,-1,10.0485,35.0676,2805,inf,24.8856,STEP3: Safe Area Cleanup (σ=0.0701),7.1532,16.3734,2.8953,-6.3249,12.0158,9.8168,B,A,21
-1,-1,-1,-1,-1,-1,-1,-1,-1,-1,-1,24.9785,30.0031,2807,inf,21.5516,STEP3: Safe Area Cleanup (σ=0.0749),5.4159,13.2189,19.5627,11.7596,26.4502,24.6277,A,A,21
0,1,0,0,0,0,0,0,0,0,0,24.9997,39.9548,2808,0.0000,18.2391,STEP3: Safe Area Cleanup (σ=0.0749),9.0549,19.6650,15.9448,5.3348,23.4550,18.0727,A,A,23
0,0,0,0,0,0,1,1,1,1,1,10.0106,39.8605,2806,0.0000,22.5982,STEP3: Safe Area Cleanup (σ=0.0749),9.0162,19.5992,0.9944,-9.5886,10.2798,6.1720,B,A,22
-1,-1,-1,-1,-1,-1,-1,-1,-1,-1,-1,10.0010,37.6060,2809,inf,22.7041,STEP3: Safe Area Cleanup (σ=0.0749),8.1133,18.0527,1.8877,-8.0517,10.7425,7.2617,B,A,21
0,1,0,0,0,0,0,0,0,0,0,19.4927,33.7765,2810,0.0000,24.9997,STEP3: Safe Area Cleanup (σ=0.0749),6.6877,15.5444,12.8050,3.9483,21.6683,19.8354,A,A,23
0,1,0,0,0,0,0,0,0,0,0,22.8091,30.1590,2812,0.0000,24.9144,STEP3: Safe Area Cleanup (σ=0.0709),5.4658,13.3121,17.3433,9.4969,25.3415,24.4125,A,A,23
0,1,0,0,0,0,0,0,0,0,0,22.1258,30.0190,2814,0.0000,24.9124,STEP3: Safe Area Cleanup (σ=0.0709),5.4209,13.2284,16.7048,8.8974,24.6701,23.7761,A,A,23
-1,-1,-1,-1,-1,-1,-1,-1,-1,-1,-1,10.035995278286205,30.008617362790154,2811,23.011182157855266,STEP3: Safe Area Cleanup (σ=0.0709) [ERROR: TIMEOUT]
-1,-1,-1,-1,-1,-1,-1,-1,-1,-1,-1,24.097128933733032,30.043964579600797,2813,24.86196269424927,STEP3: Safe Area Cleanup (σ=0.0709) [ERROR: TIMEOUT]
-1,-1,-1,-1,-1,-1,-1,-1,-1,-1,-1,16.78193345453744,33.48517645713692,2815,10.062765065148342,STEP3: Safe Area Cleanup (σ=0.0709) [ERROR: TIMEOUT]
0,0,0,0,0,0,0,0,0,0,0,23.2919,30.1432,2817,inf,24.7721,STEP3: Safe Area Cleanup (σ=0.0682),5.4607,13.3027,17.8311,9.9892,25.7801,24.8155,A,A,22
0,0,0,0,0,0,0,0,0,0,0,23.3289,38.0730,2818,inf,24.9420,STEP3: Safe Area Cleanup (σ=0.0682),8.2965,18.3688,15.0324,4.9602,24.8680,21.9015,A,A,21
0,0,0,0,0,0,0,0,0,0,0,17.6223,30.0026,2819,4.3000,14.9292,STEP3: Safe Area Cleanup (σ=0.0682),5.4157,13.2186,12.2066,4.4036,16.9777,13.3175,A,A,22
0,0,0,0,0,0,0,1,1,1,1,10.0236,30.0969,2820,0.7000,16.3554,STEP3: Safe Area Cleanup (σ=0.0682),5.4459,13.2750,4.5778,-3.2513,9.8189,6.5298,B,A,21
-1,-1,-1,-1,-1,-1,-1,-1,-1,-1,-1,24.950281077860474,30.817930675471242,2816,24.860225208837782,STEP3: Safe Area Cleanup (σ=0.0682) [ERROR: TIMEOUT]
0,0,0,0,0,0,1,1,1,1,1,10.0119,37.0622,2822,0.0000,22.6386,STEP3: Safe Area Cleanup (σ=0.0726),7.9026,17.6874,2.1093,-7.6755,10.8245,7.4684,B,A,22
0,0,0,0,0,0,0,0,0,0,0,24.9963,31.5901,2821,inf,24.9847,STEP3: Safe Area Cleanup (σ=0.0726),5.9347,14.1793,19.0616,10.8170,27.4136,26.1386,A,A,23
0,0,0,0,0,0,0,0,0,0,0,24.9452,39.9407,2823,inf,14.0334,STEP3: Safe Area Cleanup (σ=0.0726),9.0491,19.6551,15.8961,5.2901,21.6727,15.0888,A,A,21
0,0,0,0,0,0,0,0,0,1,1,15.9308,33.4230,2824,0.0000,10.0188,STEP3: Safe Area Cleanup (σ=0.0726),6.5630,15.3204,9.3678,0.6104,12.8871,6.9413,A,A,22
0,0,0,0,0,0,0,0,0,1,1,12.7952,30.0061,2825,1.3000,12.5443,STEP3: Safe Area Cleanup (σ=0.0726),5.4168,13.2207,7.3784,-0.4255,11.3877,7.0649,B,A,23
0,0,0,0,0,0,0,0,0,0,0,20.4956,37.1299,2826,3.6000,13.4843,STEP3: Safe Area Cleanup (σ=0.2043),7.9287,17.7327,12.5669,2.7629,17.7664,11.7924,A,A,22
0,0,0,0,0,0,0,0,0,0,1,14.4337,30.0922,2827,2.1000,13.2774,STEP3: Safe Area Cleanup (σ=0.2043),5.4444,13.2722,8.9893,1.1615,13.2435,9.1013,A,A,21
0,0,0,0,0,0,0,0,0,0,0,22.3277,37.7430,2828,inf,18.4310,STEP3: Safe Area Cleanup (σ=0.2043),8.1669,18.1452,14.1608,4.1824,21.3725,16.6394,A,A,23
0,0,0,0,0,0,0,0,0,0,0,21.5799,30.6567,2829,inf,14.7295,STEP3: Safe Area Cleanup (σ=0.2043),5.6267,13.6114,15.9531,7.9685,20.7496,16.8612,A,A,22
0,0,0,0,0,0,0,0,0,0,0,18.0778,39.2498,2830,inf,18.5264,STEP3: Safe Area Cleanup (σ=0.2043),8.7670,19.1752,9.3108,-1.0974,16.8184,11.7083,B,A,21
